bin_key,bin_size_m,domain_a,domain_b,osm_way_id,bin_index,paired,rejection_reason,centroid_distance_m,heading_difference_deg,direction_a,direction_b,n_samples_a,n_samples_b,match_quality_a,match_quality_b,pair_quality,first_timestamp_ns_a,first_timestamp_ns_b,last_timestamp_ns_a,last_timestamp_ns_b,road_lanes,road_maxspeed_kph,curvature_1_per_m,distance_to_junction_m,distance_to_roundabout_m,distance_to_traffic_signals_m,distance_to_crossing_m,distance_to_stop_m,distance_to_give_way_m,road_class,road_oneway,road_surface,road_is_roundabout,road_bridge,road_tunnel,road_is_service,against_oneway
w1265232969_b0_A,10.0,car,motorcycle,1265232969,0,False,only 1 samples in the sparser domain,1.1259470615802092,24.73342933962863,A,A,1,1,0.23066408792026888,0.6273995131581693,0.3804188960399442,1406118230972,3100248148851,1406118230972,3100248148851,1.0,,0.09557514995952883,4.477072964917323,1.1259470615802092,170.88486641837326,4.477072964917323,6.310567132245813,175.24716865413302,tertiary,True,asphalt,True,False,False,False,False
w137735208_b0_A,10.0,car,motorcycle,137735208,0,False,only 1 samples in the sparser domain,3.0767333167398383,0.0,A,A,1,1,0.3623742860659486,0.9585357481440294,0.5893629674507744,1371118218837,3083248147132,1371118218837,3083248147132,,,1.7357681346948655e-05,7.9997987786676905,91.75994658932417,301.3410278578616,84.18014752298797,191.25062387196655,402.3739748780213,unclassified,,asphalt,False,True,False,False,False
w137735208_b10_A,10.0,car,motorcycle,137735208,10,False,only 1 samples in the sparser domain,4.828234780594764,0.0,A,A,1,1,0.4663774206495902,0.973326358952496,0.6737487934968954,1379118221597,3088248147601,1379118221597,3088248147601,,,1.7357681346948655e-05,19.273575092125885,112.88817559884062,228.80503019065063,99.83918136190374,96.87260320616463,308.0333157655033,unclassified,,asphalt,False,True,False,False,False
w137735208_b11_A,10.0,car,motorcycle,137735208,11,False,only 1 samples in the sparser domain,0.17056682595661787,0.0,A,A,1,1,0.45596054577961326,0.975141148405193,0.6668027371261989,1380118221962,3089248147653,1380118221962,3089248147653,,,1.7357681346948655e-05,22.670736433804223,95.8463332701245,217.5008075776208,82.79669869099989,79.8301205073186,291.00016240183106,unclassified,,asphalt,False,True,False,False,False
w137735208_b13_A,10.0,car,motorcycle,137735208,13,False,only 1 samples in the sparser domain,4.2185723236571695,0.0,A,A,1,1,0.4534708070246687,0.9795557435656173,0.6664832582746171,1381118222274,3090248147757,1381118222274,3090248147757,,,1.7357681346948655e-05,33.49415025980262,80.16565480083669,207.79200153853992,67.11519050544455,64.14861228351641,275.3282585001834,unclassified,,asphalt,False,True,False,False,False
w137735208_b14_A,10.0,car,motorcycle,137735208,14,False,only 1 samples in the sparser domain,7.639670962924059,0.0,A,A,1,1,0.44692149660532865,0.9797884471700107,0.661731455475582,1382118222639,3091248147862,1382118222639,3091248147862,,,1.7357681346948655e-05,46.22535818299415,65.48504394578839,199.392733751106,52.43344265949637,49.466864381023754,260.6565497437034,unclassified,,asphalt,False,True,False,False,False
w137735208_b16_A,10.0,car,motorcycle,137735208,16,False,only 1 samples in the sparser domain,0.24521663258946547,0.0,A,A,1,1,0.44370666909183015,0.9761609228326407,0.6581254527578143,1384118223316,3092248147966,1384118223316,3092248147966,,,1.7357681346948655e-05,38.60696950939301,51.660232409521534,192.17390447795592,38.60696950939301,35.640391138348534,246.84062235554416,unclassified,,asphalt,False,True,False,False,False
w137735208_b17_A,10.0,car,motorcycle,137735208,17,False,only 1 samples in the sparser domain,3.7269187934590504,0.0,A,A,1,1,0.4330847317795557,0.9660895709246993,0.6468374159701566,1385118223680,3093248148070,1385118223680,3093248148070,,,1.7357681346948655e-05,25.647410413066297,38.70330854124241,186.08740404993938,25.647410413066297,22.680831864634467,233.89207930514814,unclassified,,asphalt,False,True,False,False,False
w137735208_b18_A,10.0,car,motorcycle,137735208,18,False,only 1 samples in the sparser domain,2.758663720894089,0.0,A,A,2,1,0.42590789467977314,0.9836792484382907,0.6472686905316323,1386118224045,3094248148174,1387118224410,3094248148174,,,1.7357681346948655e-05,13.98822253324749,27.048649027154152,181.22991486690893,13.98822253324749,11.021643544358247,222.24389922887872,unclassified,,asphalt,False,True,False,False,False
w137735208_b19_A,10.0,car,motorcycle,137735208,19,False,only 1 samples in the sparser domain,2.3916299125900755,0.0,A,A,1,1,0.41937965657420695,0.9788335617054338,0.6407049890170456,1388118224722,3095248148278,1388118224722,3095248148278,,,1.7357681346948655e-05,3.883461083048416,16.95284875426878,177.53264452856666,3.883461083048416,0.9168795730799607,212.14965415157218,unclassified,,asphalt,False,True,False,False,False
w137735208_b4_A,10.0,car,motorcycle,137735208,4,False,only 1 samples in the sparser domain,2.8086336361534774,0.0,A,A,1,1,0.41404146843957035,0.970050344430161,0.6337515830892849,1374118219878,3085248147289,1374118219878,3085248147289,,,1.7357681346948655e-05,17.27350869214928,130.83374044247057,269.65821153352493,123.26451987825634,152.1552175585798,363.29169066999344,unclassified,,asphalt,False,True,False,False,False
w137735208_b8_A,10.0,car,motorcycle,137735208,8,False,only 1 samples in the sparser domain,1.9766375946224497,0.0,A,A,1,1,0.46246817424983006,0.9765662407945104,0.6720348252987022,1377118220868,3087248147497,1377118220868,3087248147497,,,1.7357681346948655e-05,26.62747947851604,130.58035581136517,241.25487842597363,117.5318495170348,114.5652713817309,325.7173312579286,unclassified,,asphalt,False,True,False,False,False
w137735210_b0_A,10.0,car,motorcycle,137735210,0,False,only 1 samples in the sparser domain,1.109184209892296,0.0,A,A,2,1,0.32960817131771336,0.9243711715412488,0.5519785244649681,1390118225399,3096248148382,1391118225764,3096248148382,,,,5.037345736976883,8.074974002032539,174.5727476458193,5.037345736976883,8.003236423450321,203.2346767322753,unclassified,,,False,True,False,False,False
w22868496_b0_B,10.0,car,motorcycle,22868496,0,False,only 1 samples in the sparser domain,5.68812955633275,0.0,B,B,1,1,0.6267631909368294,0.9895156432271716,0.787522686677007,1213118154670,2960248138070,1213118154670,2960248138070,2.0,50.0,0.0009865903751113158,2.1462823403956417,39.46445742410254,932.1525238921278,20.56606219302274,1378.896828085124,1335.0766033154146,secondary,,asphalt,False,False,False,False,False
w22868496_b1_B,10.0,car,motorcycle,22868496,1,False,only 1 samples in the sparser domain,4.631016948019279,0.0,B,B,1,2,0.6634766784518901,0.9562621362934401,0.7965284840589697,1212118154254,2958248137914,1212118154254,2959248137966,2.0,50.0,0.0009865903751113158,6.677033960220655,51.72231428292338,943.473919141484,9.499927208673533,1391.185493211604,1346.9571922598798,secondary,,asphalt,False,False,False,False,False
w22868496_b3_B,10.0,car,motorcycle,22868496,3,False,only 1 samples in the sparser domain,7.8315545615524345,0.0,B,B,1,1,0.6834320358901277,0.980886810915148,0.8187609359034628,1211118153785,2956248137705,1211118153785,2956248137705,2.0,50.0,0.0009865903751113158,3.4834870852484023,76.71101094950305,966.4677967006158,18.21677202086245,1416.2214278741465,1371.2777367912086,secondary,,asphalt,False,False,False,False,False
w23064623_b11_A,10.0,car,motorcycle,23064623,11,False,only 1 samples in the sparser domain,1.9292017367317222,7.834846728833128,A,A,2,1,0.6077281321973351,0.862369582952792,0.7239380193854271,1236118165399,2970248138851,1237118165868,2970248138851,2.0,50.0,0.03860019238136281,25.529734555813306,2.7779229633722915,860.4029302590036,42.551141502772175,1312.4819465752796,1278.3177721326201,secondary,True,asphalt,True,False,False,False,False
w23064623_b12_A,10.0,car,motorcycle,23064623,12,False,only 1 samples in the sparser domain,4.535443276176481,15.687575733478297,A,A,1,1,0.6254181525251968,0.8631754018626651,0.7347418357070341,1238118166337,2971248138955,1238118166337,2971248138955,2.0,50.0,0.03887413610404942,32.65664135904763,2.645266242403436,850.1213592066586,53.12708802772312,1299.2028515536454,1264.336395876668,secondary,True,asphalt,True,False,False,False,False
w23064623_b8_A,10.0,car,motorcycle,23064623,8,False,only 1 samples in the sparser domain,3.2256625351077814,10.612089458853546,A,A,3,1,0.39195956268574134,0.810677011567868,0.5636954913191388,1221118158420,2968248138695,1223118159358,2968248138695,2.0,50.0,0.03872232684270926,37.29047449973549,3.145084685041681,883.0265575677086,20.07710062817414,1333.1928996025638,1295.7847335378146,secondary,True,asphalt,True,False,False,False,False
w23064623_b9_A,10.0,car,motorcycle,23064623,9,False,only 1 samples in the sparser domain,5.6014144404533655,8.547540453005453,A,A,4,1,0.4840674784803066,0.7887001687328092,0.6178868035129763,1230118162639,2969248138799,1233118164045,2969248138799,2.0,50.0,0.038708475773380165,30.393880134300506,1.4210678791235947,872.6828885952792,30.737984818253782,1324.8098594767434,1289.5019919605134,secondary,True,asphalt,True,False,False,False,False
w23064624_b2_A,10.0,car,motorcycle,23064624,2,False,only 1 samples in the sparser domain,3.899955106932151,0.0,A,A,1,1,0.3748912062184995,0.9361936329111991,0.5924278523973687,1242118168056,2974248139216,1242118168056,2974248139216,1.0,50.0,0.011179741664314208,16.232373056616396,20.635138808944635,829.095013608785,60.15536314261861,1267.6067240417078,1229.0188064271692,secondary,True,asphalt,False,False,False,False,False
w245122745_b0_A,10.0,car,motorcycle,245122745,0,False,only 1 samples in the sparser domain,6.492353467855758,15.933678715733109,A,A,1,1,0.26010016895523974,0.9729892874097348,0.5030652820926031,1299118192431,3019248142184,1299118192431,3019248142184,1.0,,0.04197476235671138,6.492353467855758,170.72251396956617,368.0507358764945,57.34355655366235,836.8396393217743,887.4111836083689,unclassified,True,asphalt,False,False,False,False,False
w245122745_b10_A,10.0,car,motorcycle,245122745,10,False,only 1 samples in the sparser domain,3.1426149972731166,0.0,A,A,1,1,0.43176138660923463,0.9582565529541648,0.6432248269702248,1310118196805,3028248142601,1310118196805,3028248142601,1.0,,0.0008839042100463879,85.99491128224192,75.51157820565277,289.20883611027654,40.55900889871501,742.0681326012312,811.8309752947085,unclassified,True,asphalt,False,False,False,False,False
w245122745_b12_A,10.0,car,motorcycle,245122745,12,False,only 1 samples in the sparser domain,8.899323861753116,8.168319489997401,A,A,1,1,0.43821561580382556,0.9610531630004194,0.6489595547061798,1311118197222,3030248142757,1311118197222,3030248142757,1.0,,0.012337407972726326,68.98355517912911,52.40581417594798,271.20248599567884,65.34146618399478,718.0149002673758,793.2611080879802,unclassified,True,asphalt,False,False,False,False,False
w245122745_b14_A,10.0,car,motorcycle,245122745,14,False,only 1 samples in the sparser domain,0.1827688856059964,0.0,A,A,1,1,0.463384261786765,0.9517692258769991,0.6641045701727809,1313118198003,3031248142809,1313118198003,3031248142809,1.0,,0.011872222929268369,60.95736855614044,41.58619976464319,264.9234654830035,76.41895502924262,706.6372129128574,783.6317970238861,unclassified,True,asphalt,False,False,False,False,False
w245122745_b15_A,10.0,car,motorcycle,245122745,15,False,only 1 samples in the sparser domain,2.6931376652974777,2.0435916574129465,A,A,2,1,0.39207188000240717,0.9669986754270754,0.6157377596302918,1314118198420,3032248142862,1315118198837,3032248142862,1.0,,0.012172115782214067,50.614575346493,31.282184298921546,260.6161407341521,86.5219834874484,695.9313373063987,773.9620272362781,unclassified,True,asphalt,False,False,False,False,False
w245122745_b16_A,10.0,car,motorcycle,245122745,16,False,only 1 samples in the sparser domain,2.280785520680039,0.0,A,A,1,1,0.23325327304650928,0.9724549089174841,0.4762649371884815,1316118199201,3033248142914,1316118199201,3033248142914,1.0,,0.012167527313417298,41.55212122682786,21.249212718908222,258.1612163327544,95.77489190628094,685.9123176431054,764.3093261698782,unclassified,True,asphalt,False,False,False,False,False
w245122745_b1_A,10.0,car,motorcycle,245122745,1,False,only 1 samples in the sparser domain,2.269500772634206,0.0,A,A,1,1,0.3372489717048819,0.923760650736906,0.5581552916191462,1302118193628,3020248142237,1302118193628,3020248142237,1.0,,0.022768598054890468,16.661015152639745,160.35801824218143,360.3108441929551,47.11439708918028,826.5005187553678,878.2550016922455,unclassified,True,asphalt,False,False,False,False,False
w245122745_b2_A,10.0,car,motorcycle,245122745,2,False,only 1 samples in the sparser domain,1.8750139033505042,0.0,A,A,1,1,0.36714990522366536,0.9417572289511426,0.5880187729597701,1303118193993,3021248142237,1303118193993,3021248142237,1.0,,0.00271276876253384,26.519057996749915,150.38432708251761,351.9371397066679,37.026351352874904,816.6618509547578,870.2006089548981,unclassified,True,asphalt,False,False,False,False,False
w245122745_b4_A,10.0,car,motorcycle,245122745,4,False,only 1 samples in the sparser domain,1.5344238421434684,0.0,A,A,1,1,0.3785577344196568,0.964146868114755,0.6041400947142387,1305118194826,3023248142341,1305118194826,3023248142341,1.0,,0.00024687803988436146,45.12390818582292,131.94495683955066,336.2061325230174,18.19399616689751,798.4722994697174,855.6771674737446,unclassified,True,asphalt,False,False,False,False,False
w245122745_b5_A,10.0,car,motorcycle,245122745,5,False,only 1 samples in the sparser domain,1.619613466176978,0.0,A,A,1,1,0.3750092662980876,0.9685238140625696,0.6026652511169278,1306118195191,3024248142393,1306118195191,3024248142393,1.0,,0.00024687803988436146,55.168384136472476,122.10236594880934,327.9017844879969,8.091135137886365,788.7267138197404,847.9557369723684,unclassified,True,asphalt,False,False,False,False,False
w245122745_b6_A,10.0,car,motorcycle,245122745,6,False,only 1 samples in the sparser domain,2.653736896215676,0.0,A,A,1,1,0.39906042718838597,0.9693819712289085,0.6219662237994342,1307118195608,3025248142445,1307118195608,3025248142445,1.0,,0.00024687803988436146,66.02454385200592,111.54208118780737,319.03751776134385,2.8109061466653253,778.2295022547269,839.7019837724456,unclassified,True,asphalt,False,False,False,False,False
w245122745_b9_A,10.0,car,motorcycle,245122745,9,False,only 1 samples in the sparser domain,3.009678607225071,0.0,A,A,1,1,0.4196639284397712,0.9620834973802522,0.635414620541321,1309118196441,3027248142549,1309118196441,3027248142549,1.0,,0.0008839042100463879,90.66707119920024,87.85167223700603,299.3021681334649,27.530297339443624,754.5316204803304,821.3614494443025,unclassified,True,asphalt,False,False,False,False,False
w25626902_b1_A,10.0,car,motorcycle,25626902,1,False,only 1 samples in the sparser domain,1.8862859979947886,0.0,A,A,1,1,0.2606811452417283,0.9748726813697648,0.5041140020316285,1331118204931,3049248144164,1331118204931,3049248144164,,,0.005210039684404683,11.914730580528603,78.32479557651503,265.4751967151496,126.53621335961708,566.4144564252879,646.7974596832848,unclassified,,asphalt,False,False,False,False,False
w25626902_b2_A,10.0,car,motorcycle,25626902,2,False,only 1 samples in the sparser domain,0.4047235216184143,0.0,A,A,1,1,0.31569081193381693,0.9867400285520035,0.5581261154803452,1332118205295,3050248144216,1332118205295,3050248144216,,,0.005210039684404683,23.973754495925167,91.44804447005093,267.46412748795626,113.76854398145355,553.225673221101,635.1603875684216,unclassified,,asphalt,False,False,False,False,False
w25626902_b3_A,10.0,car,motorcycle,25626902,3,False,only 1 samples in the sparser domain,0.3068272566595068,0.0,A,A,1,1,0.3387648035710686,0.9909747884132558,0.5794026057420676,1333118205660,3051248144268,1333118205660,3051248144268,,,0.005478604220081425,25.90072185921714,104.22315532375278,269.31573237844907,101.186332215812,540.2719190052217,624.2077459431983,unclassified,,asphalt,False,False,False,False,False
w25626902_b6_A,10.0,car,motorcycle,25626902,6,False,only 1 samples in the sparser domain,1.513877301521535,0.0,A,A,1,1,0.3785238079163013,0.9775734084910351,0.6083048652606229,1335118206389,3053248144424,1335118206389,3053248144424,,,0.006093741484600881,29.576022097975706,129.71975812860785,271.96899236029327,75.26679912878087,514.0631352113703,604.0735900372387,unclassified,,asphalt,False,False,False,False,False
w25626902_b7_A,10.0,car,motorcycle,25626902,7,False,only 1 samples in the sparser domain,2.158885911368519,0.0,A,A,1,1,0.4004019860712518,0.9881089713713136,0.6289998367184968,1336118206753,3054248144476,1336118206753,3054248144476,,,0.006093741484600881,15.43809919300154,142.90009156408786,272.0463733297923,61.13387409810904,500.3694559275077,595.1866684889089,unclassified,,asphalt,False,False,False,False,False
w69488562_b0_B,10.0,car,motorcycle,69488562,0,False,only 1 samples in the sparser domain,2.5429243396548302,0.0,B,B,1,1,0.36843920193359375,0.9507442160810184,0.5918542389945946,1370118218524,3082248147028,1370118218524,3082248147028,,,,9.717627093253034,74.04962327430114,316.4327772640399,66.46656114343216,208.96151752143228,420.08816995459614,unclassified,,,False,False,False,False,False
w69488562_b4_B,10.0,car,motorcycle,69488562,4,False,only 1 samples in the sparser domain,1.4642792008718784,0.0,B,B,1,1,0.35551904493334113,0.9440291407743555,0.5793274881423646,1367118217535,3080248146872,1367118217535,3080248146872,,,,20.943426369687376,42.52084159092337,344.16192854290443,34.93785354091985,240.4739819173898,451.6156774158821,unclassified,,,False,False,False,False,False
w69488562_b5_B,10.0,car,motorcycle,69488562,5,False,only 1 samples in the sparser domain,2.7781826266022427,0.0,B,B,1,1,0.35957924336466757,0.9330023769498622,0.579213508786758,1366118217170,3079248146768,1366118217170,3079248146768,,,,6.27470882849209,27.853661559518994,357.2773006122465,20.271145335341185,255.1360087567425,466.28333986744235,unclassified,,,False,False,False,False,False
w695751889_b0_B,10.0,car,motorcycle,695751889,0,False,only 1 samples in the sparser domain,6.350961504739856,0.0,B,B,1,1,0.6952844817906337,0.976921770829951,0.8241592972123113,1210118153316,2955248137601,1210118153316,2955248137601,2.0,50.0,0.009084945944665307,8.422761909373213,88.59860979396097,977.4003888494849,27.14174943371916,1428.1236723327588,1382.8726120047788,secondary,,asphalt,False,False,False,False,False
w695751889_b2_B,10.0,car,motorcycle,695751889,2,False,only 1 samples in the sparser domain,7.200418640649716,0.0,B,B,1,1,0.703973343555238,0.9842354803456081,0.8323914595576972,1208118152431,2954248137549,1208118152431,2954248137549,2.0,50.0,0.009084945944665307,12.563226712285845,101.31838050214782,989.1156909737674,14.632445738722774,1440.8545092232469,1395.2825929138446,secondary,,asphalt,False,False,False,False,False
w711388111_b0_A,10.0,car,motorcycle,711388111,0,False,only 1 samples in the sparser domain,3.134704756331534,0.0,A,A,1,3,0.686328837901093,0.9014745251744977,0.7865799153680779,1356118213680,3071248145934,1356118213680,3073248146143,,,,5.239642388383004,4.643309938584522,342.10320426187764,21.20943868761235,302.4655288401646,504.3294198236308,unclassified,True,asphalt,False,False,False,False,False
w711388114_b0_A,10.0,car,motorcycle,711388114,0,False,only 1 samples in the sparser domain,2.1399841059757057,0.0,A,A,2,1,0.3425215627993903,0.8950091617642428,0.5536785500696778,1363118216128,3077248146559,1364118216493,3077248146559,,,0.00012705299473320266,10.789627465565266,1.0607082075980305,357.9893354420017,6.865368206793637,282.1061766409372,493.22566557046304,unclassified,True,,False,False,False,False,False
w711388115_b0_B,10.0,car,motorcycle,711388115,0,False,only 1 samples in the sparser domain,7.864564287246949,0.0,B,B,1,1,0.3479615083290119,0.916044459743569,0.5645779059694128,1365118216805,3078248146664,1365118216805,3078248146664,,,,2.339716604544957,13.720980850907127,370.19479912537764,6.196714509818133,269.2476322413756,480.4063437144282,unclassified,,,False,False,False,False,False
w716932550_b2_A,10.0,car,motorcycle,716932550,2,True,,0.9196122565730528,0.27116490962903583,A,A,4,2,0.2667173543600705,0.9160235592387291,0.49428673889924374,1318118199982,3039248143382,1321118201128,3040248143435,,,0.082701822514127,16.056335599053845,1.065395177383244,247.35784043131738,126.65114101093351,654.473361728584,736.9345362660812,unclassified,True,asphalt,True,False,False,False,False
w716932550_b3_A,10.0,car,motorcycle,716932550,3,False,only 1 samples in the sparser domain,4.4994768689987374,29.83052267001895,A,A,1,1,0.3056962209732279,0.8709441821353168,0.5159887064242638,1322118201545,3041248143486,1322118201545,3041248143486,,,0.08296347886666064,17.227079941091354,1.4136726617974928,248.39013039433385,134.43303716584475,646.0468164852556,727.9535929901193,unclassified,True,asphalt,True,False,False,False,False
w717148552_b1_A,10.0,car,motorcycle,717148552,1,False,only 1 samples in the sparser domain,2.5325961685034355,0.0,A,A,1,1,0.6330949289342029,0.9662458210081571,0.782128716634372,1352118212222,3065248145361,1352118212222,3065248145361,2.0,,0.015034151557230672,10.006644974451934,45.55275823750641,325.4145452247553,59.51974906266207,334.3041859132466,508.69282905679796,unclassified,,asphalt,False,False,False,False,False
w717148552_b2_A,10.0,car,motorcycle,717148552,2,False,only 1 samples in the sparser domain,3.1126572095412413,10.143370507129035,A,A,1,2,0.647463812649315,0.9335144280434707,0.7774424806660427,1353118212587,3066248145466,1353118212587,3067248145570,2.0,,0.015034151557230672,18.919042972553406,30.897736649746673,333.8843500880256,46.25304623388797,320.6543310769265,503.5757145220924,unclassified,,asphalt,False,False,False,False,False
w717148552_b3_A,10.0,car,motorcycle,717148552,3,False,only 1 samples in the sparser domain,0.26452892757615776,0.0,A,A,1,2,0.622891143666643,0.9515330304464222,0.7698710915285484,1354118212951,3068248145674,1354118212951,3069248145778,2.0,,0.015034151557230672,9.663276250162896,19.050311684825115,338.4977151345168,35.21058252567316,311.4972475334664,502.4624727814423,unclassified,,asphalt,False,False,False,False,False
w717148552_b4_A,10.0,car,motorcycle,717148552,4,False,only 1 samples in the sparser domain,1.5007377888119702,0.0,A,A,1,1,0.6893181986817821,0.8403888879785413,0.7611145475245852,1355118213316,3070248145882,1355118213316,3070248145882,2.0,,0.015034151557230672,3.332035280525541,12.719425869861217,340.50365103648255,29.31095349542894,307.1333110458808,502.6326558931432,unclassified,,asphalt,False,False,False,False,False
w717185016_b0_A,10.0,car,motorcycle,717185016,0,False,only 1 samples in the sparser domain,3.5591610417030903,0.0,A,A,1,1,0.5872314555083454,0.9909007233039082,0.7628158847389233,1346118210139,3061248145049,1346118210139,3061248145049,2.0,,,8.382899061097818,102.9283298920774,296.6571351762037,17.010680588636035,388.23205660401186,533.1417702642485,unclassified,,asphalt,False,False,False,False,False
w717185016_b2_A,10.0,car,motorcycle,717185016,2,False,only 1 samples in the sparser domain,2.942733111598625,0.0,A,A,1,1,0.6130165504437215,0.9813585113531564,0.7756216921787952,1348118210816,3062248145101,1348118210816,3062248145101,2.0,,,24.801456213393653,86.59760084615306,303.95750675727754,29.30556878185504,372.8347879039394,525.6836922426685,unclassified,,asphalt,False,False,False,False,False
w717185016_b4_A,10.0,car,motorcycle,717185016,4,False,only 1 samples in the sparser domain,8.998019733159726,0.0,A,A,1,1,0.6301351166139877,0.9750094352145408,0.7838288615244101,1350118211545,3063248145205,1350118211545,3063248145205,2.0,,,16.241239644521958,71.41368862185735,311.387363670156,43.30051328172425,358.5661816525644,519.1039791145406,unclassified,,asphalt,False,False,False,False,False
w717185017_b1_A,10.0,car,motorcycle,717185017,1,False,only 1 samples in the sparser domain,1.5128388395898018,0.0,A,A,1,1,0.47209305467664847,0.9897809500492034,0.6835705612220905,1339118207795,3056248144632,1339118207795,3056248144632,,,3.881993478588824e-06,15.559032550348276,172.1437382662036,274.1643956155748,30.145730967186196,470.6149698869811,576.9406772356105,unclassified,,asphalt,False,False,False,False,False
w717185017_b4_A,10.0,car,motorcycle,717185017,4,False,only 1 samples in the sparser domain,8.919633163442967,0.010521767930370629,A,A,1,1,0.5015907288243262,0.9920294378551812,0.7054025579404762,1341118208420,3058248144789,1341118208420,3058248144789,,,3.881993478588824e-06,45.14191832392217,156.29608354745324,279.76783048254896,3.7642412677530954,438.4673584046423,558.83395985131,unclassified,,asphalt,False,False,False,False,False
w717185017_b6_A,10.0,car,motorcycle,717185017,6,False,only 1 samples in the sparser domain,3.254266588670277,0.0,A,A,1,1,0.5363181993742522,0.991352625620851,0.7291642168386433,1343118209097,3059248144841,1343118209097,3059248144841,,,3.881993478588824e-06,27.360723393107033,138.54784473647078,284.28566712196397,21.545436198568233,421.71963099713264,549.9346313048054,unclassified,,asphalt,False,False,False,False,False
w717185017_b8_A,10.0,car,motorcycle,717185017,8,False,only 1 samples in the sparser domain,3.1807588643380984,0.0,A,A,1,1,0.5601124437709072,0.9839820878080461,0.7423884507648029,1345118209774,3060248144945,1345118209774,3060248144945,,,3.881993478588824e-06,9.431787928901935,120.66196496810093,289.87593908516163,17.040371776921614,404.9219880596467,541.4047117359326,unclassified,,asphalt,False,False,False,False,False
w718496900_b0_A,10.0,car,motorcycle,718496900,0,False,only 1 samples in the sparser domain,0.7458163115100702,17.036082395398722,A,A,1,1,0.7135902594630246,0.4642614468954009,0.5755800955112749,1357118214045,3074248146247,1357118214045,3074248146247,,,0.10921484734581514,15.647854417344567,0.48349337830984607,340.1419705795915,10.644806122908983,300.8230682498829,510.4231212017381,unclassified,True,asphalt,True,False,False,False,False
w72561441_b11_B,10.0,car,motorcycle,72561441,11,False,only 1 samples in the sparser domain,5.0242289653861665,0.0,B,B,1,1,0.7541647717782813,0.9899353667293093,0.8640453575621241,1198118147795,2944248136560,1198118147795,2944248136560,2.0,50.0,0.00020900777428375358,100.68923515949227,251.56935041609822,1140.0548637265322,139.7079984554296,1589.3254873643384,1531.5482930360852,secondary,,asphalt,False,False,False,False,False
w72561441_b15_B,10.0,car,motorcycle,72561441,15,False,only 1 samples in the sparser domain,4.976313140742065,0.0,B,B,1,1,0.7223155488991778,0.9942424901954293,0.84744133132884,1195118146389,2942248136351,1195118146389,2942248136351,2.0,50.0,0.00020900777428375358,136.57674180586486,287.0437985996906,1175.8554134405417,157.19881948341617,1624.009628448647,1563.302557066235,secondary,,asphalt,False,False,False,False,False
w72561441_b17_B,10.0,car,motorcycle,72561441,17,False,only 1 samples in the sparser domain,2.7612199001720588,0.0,B,B,1,1,0.6959555544448729,0.9949618435227978,0.8321353384278315,1194118145920,2941248136247,1194118145920,2941248136247,2.0,50.0,0.00020900777428375358,139.07732200524276,304.8172883669672,1193.7576465400548,139.63949035598185,1641.3711013655297,1579.2460781315367,secondary,,asphalt,False,False,False,False,False
w72561441_b18_B,10.0,car,motorcycle,72561441,18,False,only 1 samples in the sparser domain,0.7793811356131128,0.0,B,B,1,1,0.6697733273245707,0.9963667202911185,0.8169087179635509,1193118145504,2940248136195,1193118145504,2940248136195,2.0,50.0,0.003541530528793976,121.68445947645681,322.46108439319846,1211.4733503401246,122.31211279707166,1658.624784496549,1595.1655726595727,secondary,,asphalt,False,False,False,False,False
w72561441_b1_B,10.0,car,motorcycle,72561441,1,False,only 1 samples in the sparser domain,9.606598885146443,3.7554667587324957,B,B,1,1,0.7734388391646028,0.9785367345155911,0.8699645487165898,1205118151024,2950248137132,1205118151024,2950248137132,2.0,50.0,0.000737950253281285,4.096726971776821,157.00636701598276,1043.726075307337,43.11572048807447,1496.2538751957943,1447.0407215536327,secondary,,asphalt,False,False,False,False,False
w72561441_b20_B,10.0,car,motorcycle,72561441,20,False,only 1 samples in the sparser domain,0.708547942443151,0.0,B,B,1,1,0.6467360947042808,0.990928494682024,0.8005430811529408,1192118145035,2939248136091,1192118145035,2939248136091,2.0,50.0,0.003541530528793976,104.47958076480228,339.9558855954292,1228.9022910240005,105.17845547900114,1675.8164711403354,1611.2040972922348,secondary,,asphalt,False,False,False,False,False
w72561441_b22_B,10.0,car,motorcycle,72561441,22,False,only 1 samples in the sparser domain,1.8483760202323745,0.0,B,B,1,1,0.6190887303083494,0.966080288267014,0.7733624111884091,1191118144566,2938248135987,1191118144566,2938248135987,2.0,50.0,0.007035159030745913,86.92839516260275,357.62207781354545,1246.1592197862515,87.68021297710018,1693.4126369688124,1628.0451652695924,secondary,,asphalt,False,False,False,False,False
w72561441_b25_B,10.0,car,motorcycle,72561441,25,False,only 1 samples in the sparser domain,6.1170557393094365,0.0,B,B,1,1,0.5935674971572699,0.9939481911509074,0.7680985224080565,1189118143681,2936248135830,1189118143681,2936248135830,2.0,50.0,0.0010538794361852938,52.08536405684166,392.1489787655011,1279.1882625843268,52.880015390913265,1728.257537320823,1662.2578279626189,secondary,,asphalt,False,False,False,False,False
w72561441_b30_B,10.0,car,motorcycle,72561441,30,False,only 1 samples in the sparser domain,7.954851069319387,0.0,B,B,1,1,0.5577009547417595,0.9959732691951734,0.745288697839582,1186118142379,2933248135570,1186118142379,2933248135570,2.0,50.0,0.00011943142783734525,1.176896952576589,442.49379725886143,1327.1524853517801,2.928130785943024,1779.1119697975482,1712.5213402570382,secondary,,asphalt,False,False,False,False,False
w72561441_b34_B,10.0,car,motorcycle,72561441,34,False,only 1 samples in the sparser domain,6.679392151027145,0.0,B,B,1,1,0.545760288459045,0.9833137218421549,0.7325664341739332,1183118141077,2931248135414,1183118141077,2931248135414,2.0,50.0,0.00011943142783734525,31.396297456963314,474.8038924078112,1358.0410797131435,30.746610151307706,1811.6631989801886,1744.658401792054,secondary,,asphalt,False,False,False,False,False
w72561441_b3_B,10.0,car,motorcycle,72561441,3,False,only 1 samples in the sparser domain,2.7797233610463357,0.0,B,B,1,1,0.7808365473429908,0.9883015750355686,0.8784657019966193,1203118150087,2949248137028,1203118150087,2949248137028,2.0,50.0,0.000737950253281285,19.508792298130903,171.95690432617127,1059.0928412030817,58.52769813030073,1511.0745241133834,1460.4240673210631,secondary,,asphalt,False,False,False,False,False
w72561441_b40_B,10.0,car,motorcycle,72561441,40,False,only 1 samples in the sparser domain,2.0297623549394626,0.0,B,B,1,1,0.7016034112459709,0.9947022691700806,0.8353960170026169,1179118139358,2927248135101,1179118139358,2927248135101,2.0,50.0,0.004580198383238056,95.34307312887434,538.4626328293873,1419.2917643617104,94.67029855138686,1875.6069745559635,1807.5777804733775,secondary,,asphalt,False,False,False,False,False
w72561441_b43_B,10.0,car,motorcycle,72561441,43,False,only 1 samples in the sparser domain,1.7124317020625208,0.0,B,B,1,1,0.7213825409321278,0.9752114932704058,0.8387493934195244,1177118138524,2925248134945,1177118138524,2925248134945,2.0,50.0,0.003198543063309527,89.19898480783827,567.535088355889,1448.723985741994,89.39084485941703,1904.2314233108855,1834.38045393771,secondary,,asphalt,False,False,False,False,False
w72561441_b44_B,10.0,car,motorcycle,72561441,44,False,only 1 samples in the sparser domain,0.041394194274986196,0.0,B,B,1,1,0.7346669804681469,0.9604463854740548,0.8400049082700468,1176118138056,2924248134841,1176118138056,2924248134841,2.0,50.0,0.003198543063309527,75.29846492482166,580.9158477263585,1462.8040362328616,75.09262834182994,1917.1485428565122,1845.9189817754586,secondary,,asphalt,False,False,False,False,False
w72561441_b46_B,10.0,car,motorcycle,72561441,46,False,only 1 samples in the sparser domain,1.5851443304525838,0.0,B,B,1,1,0.7847763046017245,0.9777965360360381,0.8759860456666698,1175118137639,2923248134736,1175118137639,2923248134736,2.0,50.0,0.003198543063309527,60.704988336987235,594.2740587601388,1476.9821166376205,60.50113194539683,1929.9354352382468,1857.1793284861328,secondary,,asphalt,False,False,False,False,False
w72561441_b49_B,10.0,car,motorcycle,72561441,49,False,only 1 samples in the sparser domain,1.3475364108425603,0.0,B,B,1,1,0.9252547639445435,0.9759124224463746,0.9502460828970399,1173118136754,2921248134528,1173118136754,2921248134528,2.0,50.0,0.0003241289120236372,29.48036005900178,623.0418439095843,1507.3445831381448,29.287369147492793,1957.379525856428,1881.426143758832,secondary,,asphalt,False,False,False,False,False
w72561441_b51_B,10.0,car,motorcycle,72561441,51,False,only 1 samples in the sparser domain,0.10547345590711323,0.0,B,B,1,1,0.9076651704450264,0.9681080115416046,0.9373995537150133,1172118136337,2920248134424,1172118136337,2920248134424,2.0,50.0,0.0003241289120236372,12.876570717936714,638.4332279563356,1523.5041094037592,12.711112480573549,1972.0188090560553,1894.4026738717191,secondary,,asphalt,False,False,False,False,False
w72561441_b52_B,10.0,car,motorcycle,72561441,52,False,only 1 samples in the sparser domain,2.2519278085802705,0.0,B,B,1,1,0.90416759393807,0.9661180168243667,0.934629660738577,1171118135920,2919248134372,1171118135920,2919248134372,2.0,50.0,0.0003241289120236372,4.554738890290726,647.2618195169504,1540.4401061976798,4.932521549697603,1987.3434795866622,1907.9850406086646,secondary,,asphalt,False,False,False,False,False
w72561441_b54_B,10.0,car,motorcycle,72561441,54,False,only 1 samples in the sparser domain,6.2880578099929645,0.0,B,B,1,1,0.8701199412940052,0.9705480364344186,0.9189631116020536,1170118135452,2918248134268,1170118135452,2918248134268,2.0,50.0,0.0003241289120236372,21.252660645560088,628.5592510386567,1558.5062469649934,23.536218319564334,2003.5910549165144,1922.3217242990795,secondary,,asphalt,False,False,False,False,False
w72561441_b58_B,10.0,car,motorcycle,72561441,58,False,only 1 samples in the sparser domain,4.720585597191602,0.0,B,B,1,1,0.6909830680228422,0.9782046385468837,0.822145268366425,1167118134150,2916248134059,1167118134150,2916248134059,2.0,50.0,0.0003241289120236372,45.7669107778931,587.8102512835669,1597.9193201969915,64.26887485778423,2039.136857669306,1953.8140523741954,secondary,,asphalt,False,False,False,False,False
w72561441_b5_B,10.0,car,motorcycle,72561441,5,False,only 1 samples in the sparser domain,1.2859525391859865,0.0,B,B,1,1,0.7792675836598255,0.9915590566954031,0.8790277755378625,1202118149618,2948248136924,1202118149618,2948248136924,2.0,50.0,0.000737950253281285,34.920857624485585,186.96761214893516,1074.4609047396855,73.93971232636187,1525.906890778659,1473.8470499010357,secondary,,asphalt,False,False,False,False,False
w72561441_b6_B,10.0,car,motorcycle,72561441,6,False,only 1 samples in the sparser domain,0.03914702827704547,0.0,B,B,1,1,0.75237898453162,0.9973854734937164,0.8662631642484814,1201118149149,2947248136820,1201118149149,2947248136820,2.0,50.0,0.000737950253281285,50.78225209301311,202.47892501174863,1090.2783116612682,89.8010724992852,1541.1835643076108,1487.7016270244833,secondary,,asphalt,False,False,False,False,False
w72561441_b8_B,10.0,car,motorcycle,72561441,8,False,only 1 samples in the sparser domain,1.1761060123333964,0.0,B,B,1,1,0.7590521052747229,0.9974164475305323,0.8701097944131452,1200118148681,2946248136716,1200118148681,2946248136716,2.0,50.0,0.000737950253281285,66.71327600685397,218.10902405165803,1106.1664229681103,105.7320723245214,1556.5390747702115,1501.656998823887,secondary,,asphalt,False,False,False,False,False
w72561441_b9_B,10.0,car,motorcycle,72561441,9,False,only 1 samples in the sparser domain,2.771058749804559,0.0,B,B,1,1,0.7556020106589201,0.9959728999219405,0.86750165748707,1199118148212,2945248136611,1199118148212,2945248136611,2.0,50.0,0.00020900777428375358,83.3721468441176,234.49654522358125,1122.7817213698258,122.39092467992265,1572.608384756207,1516.291605480457,secondary,,asphalt,False,False,False,False,False
w72561505_b0_A,10.0,car,motorcycle,72561505,0,False,only 1 samples in the sparser domain,1.3217475100761007,0.0,A,A,1,1,0.5463804806376171,0.9328382271662856,0.7139219837743181,1214118155139,2961248138122,1214118155139,2961248138122,2.0,50.0,0.012448609015663381,5.343653807789852,32.06410694548444,924.8979097774594,22.148063318241494,1371.5679445140736,1328.3396973994072,secondary,True,asphalt,False,False,False,False,False
w72561505_b1_A,10.0,car,motorcycle,72561505,1,False,only 1 samples in the sparser domain,0.36621367706431524,0.0,A,A,1,2,0.5511273037090559,0.9045842145278038,0.7060744005630587,1215118155608,2962248138226,1215118155608,2963248138278,2.0,50.0,0.012448609015663381,15.610635974315448,22.0823420329478,914.7553336658434,12.02146442677283,1361.614085615447,1319.3963724346759,secondary,True,asphalt,False,False,False,False,False
w72561505_b2_A,10.0,car,motorcycle,72561505,2,False,only 1 samples in the sparser domain,2.84235146476661,4.846387534672871,A,A,1,2,0.5462522864909409,0.9076733913296258,0.7041439237831956,1216118156076,2964248138382,1216118156076,2965248138434,2.0,50.0,0.006626765475421075,26.70695727128938,11.986213661675409,903.7594491045443,1.989700906257604,1350.9245754192937,1309.8757177743087,secondary,True,asphalt,False,False,False,False,False
w72561505_b3_A,10.0,car,motorcycle,72561505,3,False,only 1 samples in the sparser domain,2.279489351301887,0.0,A,A,1,1,0.5194770307241198,0.8938961734339109,0.6814385738649529,1217118156545,2966248138539,1217118156545,2966248138539,2.0,50.0,0.020810460293606704,33.918517791879395,6.040316499129369,896.4845581169736,6.353263593972796,1344.2487051795729,1304.2102927294104,secondary,True,asphalt,False,False,False,False,False
w862981944_b0_B,10.0,car,motorcycle,862981944,0,False,only 1 samples in the sparser domain,3.412787054532,0.0,B,B,2,1,0.6430254823019518,0.796563066823527,0.7156887243963819,1281118184826,3014248141872,1282118185243,3014248141872,2.0,50.0,0.0046275847667465704,1.5039840488456684,211.13296979179174,392.63786102139613,76.9939131656291,877.7025741796415,928.078690013948,secondary,,asphalt,False,False,False,False,False
w862981944_b10_B,10.0,car,motorcycle,862981944,10,False,only 1 samples in the sparser domain,6.56080663189545,0.0,B,B,1,1,0.7464204755087841,0.9880702588947675,0.8587874431314886,1272118181076,3004248141247,1272118181076,3004248141247,2.0,50.0,2.0398247595057922e-06,9.348813769250226,248.07130323090095,500.665167180673,183.8289190540672,960.731182377223,979.1388940780238,secondary,,asphalt,False,False,False,False,False
w862981944_b12_B,10.0,car,motorcycle,862981944,12,False,only 1 samples in the sparser domain,5.240352420803256,0.0,B,B,1,1,0.758360989958461,0.9890752809468847,0.8660693443381554,1270118180243,3003248141195,1270118180243,3003248141195,2.0,50.0,2.0398247595057922e-06,2.4021833210775876,254.4365578116146,512.415779935956,195.4951338278344,970.2479056008627,985.5165970373032,secondary,,asphalt,False,False,False,False,False
w862981944_b13_B,10.0,car,motorcycle,862981944,13,False,only 1 samples in the sparser domain,6.285459396747023,1.8260736248961251,B,B,1,1,0.760388615066406,0.9937618440202309,0.8692785470034223,1269118179826,3002248141143,1269118179826,3002248141143,2.0,50.0,0.0019853315633852698,6.224752879707782,260.51978309128856,523.0488815243967,206.06011000265084,978.9016383100646,991.372799612046,secondary,,asphalt,False,False,False,False,False
w862981944_b14_B,10.0,car,motorcycle,862981944,14,False,only 1 samples in the sparser domain,7.925137783813107,0.0,B,B,1,1,0.7838328775961542,0.9811069141807451,0.8769400525530674,1268118179410,3001248141039,1268118179410,3001248141039,2.0,50.0,0.0019853315633852698,3.7089172106542976,266.36592024248426,532.9812921774735,215.94650032662364,986.951483992111,996.816144167094,secondary,,asphalt,False,False,False,False,False
w862981944_b16_B,10.0,car,motorcycle,862981944,16,False,only 1 samples in the sparser domain,3.8571200740976628,0.0,B,B,1,2,0.7792479071904332,0.9800302479953922,0.8738915949554216,1267118178941,2998248140882,1267118178941,2999248140934,2.0,50.0,0.0005937067923786921,14.056271545938582,280.2807708072983,556.1599962464975,239.09428410623352,1005.4795088375963,1009.2264528088104,secondary,,asphalt,False,False,False,False,False
w862981944_b17_B,10.0,car,motorcycle,862981944,17,False,only 1 samples in the sparser domain,5.628751315734269,0.0,B,B,1,1,0.7789901492814651,0.9741472314607255,0.8711205985727329,1266118178524,2997248140830,1266118178524,2997248140830,2.0,50.0,0.0008410211777120397,13.66052259468626,284.65181261037566,569.3761859062887,252.30305373261868,1016.0772968287476,1016.3935874896139,secondary,,asphalt,False,False,False,False,False
w862981944_b18_B,10.0,car,motorcycle,862981944,18,False,only 1 samples in the sparser domain,4.749552748206077,0.0,B,B,1,1,0.7582574811930586,0.9822430405247289,0.863013982405669,1265118178108,2996248140778,1265118178108,2996248140778,2.0,50.0,0.0008410211777120397,3.7435494579370134,275.1963854981605,579.286270654616,262.2084653211378,1024.066252188585,1021.8517144877945,secondary,,asphalt,False,False,False,False,False
w862981944_b19_B,10.0,car,motorcycle,862981944,19,False,only 1 samples in the sparser domain,4.324772237159139,0.0,B,B,1,1,0.7212987586325426,0.9757664445101801,0.8389392857295948,1264118177639,2995248140726,1264118177639,2995248140726,2.0,50.0,0.0008410211777120397,6.80319800572505,265.1261188669444,589.8299899762465,272.7341875222502,1032.6957435969882,1027.8673816636688,secondary,,asphalt,False,False,False,False,False
w862981944_b1_B,10.0,car,motorcycle,862981944,1,False,only 1 samples in the sparser domain,6.808315741929089,4.00579580371641,B,B,1,1,0.696130346733889,0.9059653952916669,0.7941473444854505,1280118184410,3013248141820,1280118184410,3013248141820,2.0,50.0,0.0046275847667465704,10.40449555372864,214.09843354425914,401.45801277300575,85.83600519030591,883.6370655408446,930.9990627608134,secondary,,asphalt,False,False,False,False,False
w862981944_b21_B,10.0,car,motorcycle,862981944,21,False,only 1 samples in the sparser domain,5.334517184043068,0.0,B,B,1,1,0.7181209374711972,0.9745867360037527,0.8365830147128311,1262118176806,2994248140622,1262118176806,2994248140622,2.0,50.0,0.0004290972285245497,0.5121556609232613,254.2442592633986,601.2366241123262,284.1147443994903,1042.1287085574015,1034.5408820626774,secondary,,asphalt,False,False,False,False,False
w862981944_b22_B,10.0,car,motorcycle,862981944,22,False,only 1 samples in the sparser domain,2.9912825681944897,0.0,B,B,1,1,0.7072081248264399,0.982721518380462,0.8336597880673137,1261118176337,2993248140570,1261118176337,2993248140570,2.0,50.0,0.0029151259650409857,12.554757845526836,242.40384440696147,613.6699393647322,275.94814074404917,1052.515205112089,1041.9962193932017,secondary,,asphalt,False,False,False,False,False
w862981944_b23_B,10.0,car,motorcycle,862981944,23,False,only 1 samples in the sparser domain,1.0012953300990162,4.899511365349895,B,B,1,1,0.698301783417465,0.9682274696398155,0.8222621046863723,1260118175920,2992248140518,1260118175920,2992248140518,2.0,50.0,0.0029151259650409857,0.19986781847159857,230.69995551938993,626.0247950379159,263.8132425931138,1062.8796886232897,1049.4979592415573,secondary,,asphalt,False,False,False,False,False
w862981944_b24_B,10.0,car,motorcycle,862981944,24,False,only 1 samples in the sparser domain,1.7376973485256089,0.0,B,B,1,1,0.6889882228777361,0.9677300860102958,0.8165504468099644,1259118175451,2991248140466,1259118175451,2991248140466,2.0,50.0,0.0029151259650409857,12.11253686930575,218.79355093732872,638.2961153359977,251.57849099324298,1073.7683763100538,1057.8506224701403,secondary,,asphalt,False,False,False,False,False
w862981944_b25_B,10.0,car,motorcycle,862981944,25,False,only 1 samples in the sparser domain,4.356612088070624,0.0,B,B,1,1,0.6746730131481787,0.9785096621368097,0.8125109612481839,1258118175035,2990248140414,1258118175035,2990248140414,2.0,50.0,0.0010906411114494359,9.367860118266973,207.54812046769732,649.9267400428274,239.98798696059484,1084.1239854413552,1065.849695399789,secondary,,asphalt,False,False,False,False,False
w862981944_b27_B,10.0,car,motorcycle,862981944,27,False,only 1 samples in the sparser domain,2.4866942376412866,0.0,B,B,1,1,0.6132463480736252,0.9801123515844116,0.7752743516401103,1256118174149,2989248140362,1256118174149,2989248140362,2.0,50.0,0.0010906411114494359,1.94991918511839,196.6722808259566,661.2034633877253,228.74742839791256,1094.2186877759616,1073.7131164788234,secondary,,asphalt,False,False,False,False,False
w862981944_b28_B,10.0,car,motorcycle,862981944,28,False,only 1 samples in the sparser domain,0.34880933261327607,0.0,B,B,1,1,0.5632817344101468,0.9961600669733814,0.7490786142154202,1255118173733,2988248140309,1255118173733,2988248140309,2.0,50.0,0.003759422739064157,12.565544021443047,185.74799158468971,672.4780133779692,217.4613929811773,1104.4774356484793,1081.8477380411846,secondary,,asphalt,False,False,False,False,False
w862981944_b29_B,10.0,car,motorcycle,862981944,29,False,only 1 samples in the sparser domain,2.113694928881525,1.3360958244067689,B,B,2,1,0.47462732438646016,0.981263764755147,0.6824475036097064,1253118172847,2987248140257,1254118173264,2987248140257,2.0,50.0,0.0025261327895364375,1.1675478401442712,174.76660850322008,683.7921109859088,206.10449597662551,1114.8883566524132,1090.211007796192,secondary,,asphalt,False,False,False,False,False
w862981944_b2_B,10.0,car,motorcycle,862981944,2,False,only 1 samples in the sparser domain,5.501001755326941,0.0,B,B,1,1,0.7021506255292385,0.980961512138316,0.8299293580588809,1279118183993,3012248141768,1279118183993,3012248141768,2.0,50.0,0.0046275847667465704,20.731860870639544,215.03507025986985,411.74466634191623,96.06727141120565,890.8778020436259,934.8579061728537,secondary,,asphalt,False,False,False,False,False
w862981944_b30_B,10.0,car,motorcycle,862981944,30,False,only 1 samples in the sparser domain,4.326735914179594,0.0,B,B,1,1,0.3989238225615782,0.988615151627648,0.6279985153880506,1252118172431,2986248140153,1252118172431,2986248140153,2.0,50.0,0.0025261327895364375,10.743464885575447,163.12631226383903,695.4802389187976,194.1958120409646,1126.1111699361843,1099.5761227161756,secondary,,asphalt,False,False,False,False,False
w862981944_b31_B,10.0,car,motorcycle,862981944,31,False,only 1 samples in the sparser domain,2.175214736605958,0.0,B,B,1,1,0.39349037914638213,0.9819955588414025,0.6216154798334472,1251118172014,2985248140101,1251118172014,2985248140101,2.0,50.0,0.0044673745791587996,8.912219486477534,151.21811448883798,707.4651631395412,181.98121630237236,1137.654540205181,1109.266010188255,secondary,,asphalt,False,False,False,False,False
w862981944_b34_B,10.0,car,motorcycle,862981944,34,False,only 1 samples in the sparser domain,5.468380105402486,5.467676539789636,B,B,1,1,0.33323775570159003,0.9691882313099732,0.5683045935536057,1249118171128,2983248139945,1249118171128,2983248139945,2.0,50.0,0.006052553223365834,14.960229378179292,127.76798285103075,730.5303681890178,158.18455423351529,1160.6836690827975,1129.229578921182,secondary,,asphalt,False,False,False,False,False
w862981944_b36_B,10.0,car,motorcycle,862981944,36,False,only 1 samples in the sparser domain,3.6657138550109436,0.0,B,B,1,1,0.336554019497098,0.9673737108690021,0.570590493041013,1248118170660,2981248139789,1248118170660,2981248139789,2.0,50.0,0.0005048816241052446,19.715514402949808,104.48861950443799,752.1683593130671,135.41291482587144,1183.8456323381447,1150.4297172050972,secondary,,asphalt,False,False,False,False,False
w862981944_b37_B,10.0,car,motorcycle,862981944,37,False,only 1 samples in the sparser domain,3.2395492967777706,0.0,B,B,1,1,0.32637181759277545,0.9749993339100779,0.564103097633737,1247118170243,2980248139685,1247118170243,2980248139685,2.0,50.0,0.0005048816241052446,19.15758514802426,92.0560957749272,763.6625848031151,123.41342049938208,1196.2379785171406,1161.880724979294,secondary,,asphalt,False,False,False,False,False
w862981944_b38_B,10.0,car,motorcycle,862981944,38,False,only 1 samples in the sparser domain,1.2910784595513853,0.0,B,B,1,1,0.32751697819762204,0.9794557583779251,0.566381841395183,1246118169826,2979248139632,1246118169826,2979248139632,2.0,50.0,0.0005048816241052446,20.203432970492656,79.11144002354065,775.6677518254745,111.0193813711704,1209.148591550716,1173.8311037589112,secondary,,asphalt,False,False,False,False,False
w862981944_b3_B,10.0,car,motorcycle,862981944,3,False,only 1 samples in the sparser domain,5.056709955020186,0.0,B,B,1,1,0.7303875828164071,0.9904572940157723,0.8505396574287759,1278118183576,3011248141716,1278118183576,3011248141716,2.0,50.0,0.0028840739872557394,31.323691647404065,216.9066412733604,422.3335864587029,106.53304531918131,898.6541047180248,939.2931281471415,secondary,,asphalt,False,False,False,False,False
w862981944_b40_B,10.0,car,motorcycle,862981944,40,False,only 1 samples in the sparser domain,2.234826434358601,0.0,B,B,1,1,0.32132750646374847,0.9752115497556811,0.5597877236574957,1245118169358,2978248139528,1245118169358,2978248139528,2.0,50.0,0.0005048816241052446,18.49895250952868,66.71396649243273,787.2032793896492,99.27846107505069,1221.5244078841945,1185.3054921256573,secondary,,asphalt,False,False,False,False,False
w862981944_b42_B,10.0,car,motorcycle,862981944,42,False,only 1 samples in the sparser domain,3.515188185244809,0.0,B,B,1,1,0.34193953152498846,0.9704159598169918,0.5760412994605458,1244118168941,2976248139372,1244118168941,2976248139372,2.0,50.0,0.0005048816241052446,7.667004067389094,44.44883096107565,808.033916362774,78.68276860382768,1243.8033261018657,1206.0068836173289,secondary,,asphalt,False,False,False,False,False
w862981944_b4_B,10.0,car,motorcycle,862981944,4,False,only 1 samples in the sparser domain,5.117567418047742,0.0,B,B,1,1,0.7275849019039908,0.9779118053816852,0.8435128125816395,1277118183160,3010248141611,1277118183160,3010248141611,2.0,50.0,0.0028840739872557394,21.107241052491993,219.81567777881992,432.65121237095434,116.6348882780051,906.6874932447358,944.2670510398104,secondary,,asphalt,False,False,False,False,False
w862981944_b5_B,10.0,car,motorcycle,862981944,5,False,only 1 samples in the sparser domain,5.421854733186066,0.0,B,B,1,1,0.7291705349612598,0.987158973420522,0.8484145429805232,1276118182743,3009248141560,1276118182743,3009248141560,2.0,50.0,1.4703155127625858e-05,10.534664056914599,223.2522712857815,443.2233423420923,127.02195542071696,914.9665581495377,949.452943213934,secondary,,asphalt,False,False,False,False,False
w862981944_b6_B,10.0,car,motorcycle,862981944,6,False,only 1 samples in the sparser domain,5.978314909155327,0.0,B,B,1,1,0.7680416943094112,0.9875450912522278,0.8709051642356377,1275118182326,3008248141507,1275118182326,3008248141507,2.0,50.0,1.4703155127625858e-05,0.037542993671620464,227.01236795452303,453.79512332669896,137.4369536519734,923.2921525885095,954.7275531357209,secondary,,asphalt,False,False,False,False,False
w862981944_b7_B,10.0,car,motorcycle,862981944,7,False,only 1 samples in the sparser domain,5.905510676748702,0.0051541633438603185,B,B,1,1,0.7607699329167856,0.9850989739248418,0.8656983772129854,1274118181910,3007248141455,1274118181910,3007248141455,2.0,50.0,6.758952878839677e-06,4.100689634454554,231.3016480909665,464.8652938245573,148.36732636276383,932.0566698338106,960.3411695428871,secondary,,asphalt,False,False,False,False,False
w862981944_b9_B,10.0,car,motorcycle,862981944,9,False,only 1 samples in the sparser domain,6.145772908262994,0.0,B,B,1,1,0.7635715148275346,0.9923897490105219,0.8704944249972433,1273118181493,3005248141299,1273118181493,3005248141299,2.0,50.0,2.698781625473229e-05,8.052667085622367,241.87161872967928,488.42771233727376,171.6916164906233,950.8733521215237,972.6035219802228,secondary,,asphalt,False,False,False,False,False
w862981953_b1_A,10.0,car,motorcycle,862981953,1,False,only 1 samples in the sparser domain,0.7190517478144014,0.0,A,A,1,1,0.40459553382340363,0.8579469401337252,0.5891701793502114,1362118215764,3076248146507,1362118215764,3076248146507,,,0.11072400576785572,15.709820913468292,1.133053554784922,349.06987276547096,5.80718333777222,289.49643346169216,500.4566407066992,unclassified,True,asphalt,True,False,False,False,False
w1265232969_b0_A,20.0,car,motorcycle,1265232969,0,False,only 1 samples in the sparser domain,3.075010064602914,35.424209735459385,A,A,1,2,0.23066408792026888,0.655105129208133,0.38872770305277177,1406118230972,3100248148851,1406118230972,3101248148955,1.0,,0.09570393128669974,6.321348034032258,1.1753962446480162,172.71430442034887,6.321348034032258,8.026127925631029,176.3178200523525,tertiary,True,asphalt,True,False,False,False,False
w137735208_b0_A,20.0,car,motorcycle,137735208,0,False,only 1 samples in the sparser domain,3.373948047258997,0.0,A,A,2,1,0.37798887206790205,0.9585357481440294,0.6019267781696743,1371118218837,3083248147132,1372118219201,3083248147132,,,1.7357681346948655e-05,7.9997987786676905,91.75994658932417,301.3410278578616,84.18014752298797,191.25062387196655,402.3739748780213,unclassified,,asphalt,False,True,False,False,False
w137735208_b1_A,20.0,car,motorcycle,137735208,1,False,only 1 samples in the sparser domain,3.9356352174608986,0.0,A,A,1,1,0.413770467322418,0.9668758675947062,0.6325066636624708,1373118219514,3084248147184,1373118219514,3084248147184,,,1.7357681346948655e-05,27.186287781628035,110.93392606949128,285.56286127615937,103.36017861849757,172.0641348690062,383.19359116287853,unclassified,,asphalt,False,True,False,False,False
w137735208_b2_A,20.0,car,motorcycle,137735208,2,False,only 1 samples in the sparser domain,3.6898084523627026,0.0,A,A,2,1,0.43202878434275566,0.970050344430161,0.6473713548307756,1374118219878,3085248147289,1375118220243,3085248147289,,,1.7357681346948655e-05,17.27350869214928,130.83374044247057,269.65821153352493,123.26451987825634,152.1552175585798,363.29169066999344,unclassified,,asphalt,False,True,False,False,False
w137735208_b3_A,20.0,car,motorcycle,137735208,3,False,only 1 samples in the sparser domain,3.877438671744076,0.0,A,A,1,1,0.45839576287497324,0.9603114083333268,0.6634777167475147,1376118220555,3086248147393,1376118220555,3086248147393,,,1.7357681346948655e-05,20.33536490606608,149.11627231293915,254.96409545364895,136.06815302756462,133.10157490796988,344.24552332897974,unclassified,,asphalt,False,True,False,False,False
w137735208_b4_A,20.0,car,motorcycle,137735208,4,False,only 1 samples in the sparser domain,4.147747543072624,0.0,A,A,2,1,0.46235214917264594,0.9765662407945104,0.6719505191908058,1377118220868,3087248147497,1378118221232,3087248147497,,,1.7357681346948655e-05,26.62747947851604,130.58035581136517,241.25487842597363,117.5318495170348,114.5652713817309,325.7173312579286,unclassified,,asphalt,False,True,False,False,False
w137735208_b5_A,20.0,car,motorcycle,137735208,5,True,,2.3288339773190017,0.0,A,A,2,2,0.46116898321460176,0.9742337536788445,0.6702882884232854,1379118221597,3088248147601,1380118221962,3089248147653,,,1.7357681346948655e-05,20.972155762965052,104.36725443448256,223.15291888413572,91.31794002645182,88.35136185674162,299.5167390836672,unclassified,,asphalt,False,True,False,False,False
w137735208_b6_A,20.0,car,motorcycle,137735208,6,False,only 1 samples in the sparser domain,4.2185723236571695,0.0,A,A,1,1,0.4534708070246687,0.9795557435656173,0.6664832582746171,1381118222274,3090248147757,1381118222274,3090248147757,,,1.7357681346948655e-05,33.49415025980262,80.16565480083669,207.79200153853992,67.11519050544455,64.14861228351641,275.3282585001834,unclassified,,asphalt,False,True,False,False,False
w137735208_b7_A,20.0,car,motorcycle,137735208,7,False,only 1 samples in the sparser domain,2.1899534081785497,0.0,A,A,2,1,0.44979543026432883,0.9797884471700107,0.6638556817282304,1382118222639,3091248147862,1383118223003,3091248147862,,,1.7357681346948655e-05,46.22535818299415,65.48504394578839,199.392733751106,52.43344265949637,49.466864381023754,260.6565497437034,unclassified,,asphalt,False,True,False,False,False
w137735208_b8_A,20.0,car,motorcycle,137735208,8,True,,1.9860677130242579,0.0,A,A,2,2,0.4383957004356929,0.97112524687867,0.6524853506525335,1384118223316,3092248147966,1385118223680,3093248148070,,,1.7357681346948655e-05,32.127189961229654,45.18177047538197,189.13065426394763,32.127189961229654,29.160611501491502,240.36635083034616,unclassified,,asphalt,False,True,False,False,False
w137735208_b9_A,20.0,car,motorcycle,137735208,9,True,,4.32044644667261,0.0,A,A,3,2,0.42373181531125104,0.9812564050718622,0.6448174608421304,1386118224045,3094248148174,1388118224722,3095248148278,,,1.7357681346948655e-05,8.935841808147952,22.000748890711463,179.3812796977378,8.935841808147952,5.969261558719103,217.19677669022545,unclassified,,asphalt,False,True,False,False,False
w137735210_b0_A,20.0,car,motorcycle,137735210,0,False,only 1 samples in the sparser domain,2.6013423978445487,0.0,A,A,3,1,0.3213888968708502,0.9243711715412488,0.5450528700235028,1390118225399,3096248148382,1392118226128,3096248148382,,,,5.037345736976883,8.074974002032539,174.5727476458193,5.037345736976883,8.003236423450321,203.2346767322753,unclassified,,,False,True,False,False,False
w22868496_b0_B,20.0,car,motorcycle,22868496,0,True,,3.1114497654474578,0.0,B,B,2,3,0.6451199346943597,0.967346638604684,0.7899712655049309,1212118154254,2958248137914,1213118154670,2960248138070,2.0,50.0,0.0009865903751113158,5.166783420278984,47.63636199664976,939.700120725032,13.18863887012327,1387.0892715027774,1342.996995945058,secondary,,asphalt,False,False,False,False,False
w22868496_b1_B,20.0,car,motorcycle,22868496,1,False,only 1 samples in the sparser domain,2.355789246864564,0.0,B,B,1,2,0.6834320358901277,0.9788267026261452,0.8179006823321564,1211118153785,2956248137705,1211118153785,2957248137809,2.0,50.0,0.0009865903751113158,5.112347847176175,71.24616875444221,961.4464341690908,13.245453973932323,1410.7473003795067,1365.949642354627,secondary,,asphalt,False,False,False,False,False
w23064623_b4_A,20.0,car,motorcycle,23064623,4,True,,3.769772970255746,8.210946761050167,A,A,7,2,0.4445926574254929,0.7996885901503386,0.5962681237562384,1221118158420,2968248138695,1233118164045,2969248138799,2.0,50.0,0.03871540130804471,33.842177317018,2.2830762820826376,877.8547230814938,25.40754272321396,1329.0013795396535,1292.643362749164,secondary,True,asphalt,True,False,False,False,False
w23064623_b5_A,20.0,car,motorcycle,23064623,5,False,only 1 samples in the sparser domain,2.873913704578477,4.046402255506237,A,A,4,1,0.5657202133435217,0.862369582952792,0.6984696875663376,1234118164514,2970248138851,1237118165868,2970248138851,2.0,50.0,0.03860019238136281,25.529734555813306,2.7779229633722915,860.4029302590036,42.551141502772175,1312.4819465752796,1278.3177721326201,secondary,True,asphalt,True,False,False,False,False
w23064623_b6_A,20.0,car,motorcycle,23064623,6,False,only 1 samples in the sparser domain,10.694385268254557,29.010572977900864,A,A,1,2,0.6254181525251968,0.7854310157829406,0.7008728949153017,1238118166337,2971248138955,1238118166337,2972248139007,2.0,50.0,0.03880840267817572,36.592639262153426,1.9216409679059696,848.27944287541,53.67477779947971,1295.0254830876092,1259.030887244879,secondary,True,asphalt,True,False,False,False,False
w23064624_b0_A,20.0,car,motorcycle,23064624,0,False,only 1 samples in the sparser domain,8.586076470183462,7.902669377302871,A,A,1,1,0.44217743044569335,0.9548434742478692,0.6497770647851164,1241118167639,2973248139112,1241118167639,2973248139112,1.0,50.0,0.015664657026814185,28.494763120569537,8.942158815552892,838.6548981003197,54.55834054015755,1279.6004885957805,1241.3494444928267,secondary,True,asphalt,False,False,False,False,False
w23064624_b1_A,20.0,car,motorcycle,23064624,1,False,only 1 samples in the sparser domain,9.91449042014721,3.6260561797995763,A,A,1,2,0.3748912062184995,0.9356747072788485,0.592263640315619,1242118168056,2974248139216,1242118168056,2975248139268,1.0,50.0,0.011179741664314208,10.208121451238904,26.65193916490123,823.9556264840888,64.383426200479,1261.6094339474764,1223.1046891130309,secondary,True,asphalt,False,False,False,False,False
w245122745_b0_A,20.0,car,motorcycle,245122745,0,True,,2.2649745092090248,7.966839357866547,A,A,2,2,0.29867457033006084,0.9483749690733204,0.5322175179376931,1299118192431,3019248142184,1302118193628,3020248142237,1.0,,0.032371680205800925,11.576684310247751,165.5402661058738,364.1807900347248,52.22897682142131,831.670079038571,882.8330926503072,unclassified,True,asphalt,False,False,False,False,False
w245122745_b1_A,20.0,car,motorcycle,245122745,1,False,only 1 samples in the sparser domain,2.750552708453425,0.0,A,A,1,2,0.36714990522366536,0.9557700427465236,0.592377312707032,1303118193993,3021248142237,1303118193993,3022248142289,1.0,,0.00271276876253384,31.073815245905468,145.84880878725596,348.0538614435602,32.40078474107115,812.1923276847659,866.6229842693733,unclassified,True,asphalt,False,False,False,False,False
w245122745_b2_A,20.0,car,motorcycle,245122745,2,True,,1.577018654160269,0.0,A,A,2,2,0.3767835003588722,0.9663353410886624,0.6034063409808277,1305118194826,3023248142341,1306118195191,3024248142393,1.0,,0.00024687803988436146,50.1461461611477,127.02366139418,332.0539585055071,13.142565652391937,793.599506644729,851.8164522230566,unclassified,True,asphalt,False,False,False,False,False
w245122745_b3_A,20.0,car,motorcycle,245122745,3,False,only 1 samples in the sparser domain,3.3402731345113996,0.0,A,A,1,2,0.39906042718838597,0.9674141765618334,0.6213346236665601,1307118195608,3025248142445,1307118195608,3026248142497,1.0,,0.00024687803988436146,71.9968772619913,105.79362466714277,314.2073354152506,8.804916177392624,772.4791620134213,835.2340874465629,unclassified,True,asphalt,False,False,False,False,False
w245122745_b4_A,20.0,car,motorcycle,245122745,4,False,only 1 samples in the sparser domain,3.3109724929809383,0.0,A,A,2,1,0.41005140219117175,0.9620834973802522,0.628095285068881,1308118196024,3027248142549,1309118196441,3027248142549,1.0,,0.0008839042100463879,90.66707119920024,87.85167223700603,299.3021681334649,27.530297339443624,754.5316204803304,821.3614494443025,unclassified,True,asphalt,False,False,False,False,False
w245122745_b5_A,20.0,car,motorcycle,245122745,5,False,only 1 samples in the sparser domain,3.266877166516849,0.7403801363516038,A,A,1,2,0.43176138660923463,0.9506461059096076,0.640665498417233,1310118196805,3028248142601,1310118196805,3029248142653,1.0,,0.0008839042100463879,81.51622130746583,69.57279041274144,284.3656990338418,46.94482970164846,735.944662151679,807.1865362762485,unclassified,True,asphalt,False,False,False,False,False
w245122745_b6_A,20.0,car,motorcycle,245122745,6,False,only 1 samples in the sparser domain,3.561376757236788,4.084159744998715,A,A,2,1,0.4637290390251015,0.9610531630004194,0.6675838971471816,1311118197222,3030248142757,1312118197639,3030248142757,1.0,,0.012337407972726326,68.98355517912911,52.40581417594798,271.20248599567884,65.34146618399478,718.0149002673758,793.2611080879802,unclassified,True,asphalt,False,False,False,False,False
w245122745_b7_A,20.0,car,motorcycle,245122745,7,True,,3.6357270496699408,2.060001174191825,A,A,3,2,0.4158426739305265,0.9593839506520372,0.6316270951797235,1313118198003,3031248142809,1315118198837,3032248142862,1.0,,0.012022169355741217,55.78597195131672,36.434192031782366,262.7698031085778,81.4704692583455,701.2842751096281,778.7969121300821,unclassified,True,asphalt,False,False,False,False,False
w245122745_b8_A,20.0,car,motorcycle,245122745,8,False,only 1 samples in the sparser domain,5.798304385573763,3.6083364346297344,A,A,1,3,0.23325327304650928,0.9497061131622543,0.470661300010288,1316118199201,3033248142914,1316118199201,3035248143070,1.0,,0.02850511709522029,35.368511255320946,13.187908053735105,257.1075466191817,103.0658032488323,678.0655119767448,756.4880509171871,unclassified,True,asphalt,False,False,False,False,False
w25626902_b0_A,20.0,car,motorcycle,25626902,0,False,only 1 samples in the sparser domain,2.991672613936805,0.0,A,A,2,1,0.2426882142018127,0.9748726813697648,0.4864052940868972,1330118204566,3049248144164,1331118204931,3049248144164,,,0.005210039684404683,11.914730580528603,78.32479557651503,265.4751967151496,126.53621335961708,566.4144564252879,646.7974596832848,unclassified,,asphalt,False,False,False,False,False
w25626902_b1_A,20.0,car,motorcycle,25626902,1,True,,0.3550696335471792,0.0,A,A,2,2,0.32722780775244276,0.9888574084826296,0.5688423700442264,1332118205295,3050248144216,1333118205660,3051248144268,,,0.005344321952243054,24.937238177571153,97.83559989690185,268.38992993320267,107.47743809863277,546.7487961131613,629.6840667558099,unclassified,,asphalt,False,False,False,False,False
w25626902_b2_A,20.0,car,motorcycle,25626902,2,False,only 1 samples in the sparser domain,1.3008477025057477,0.0,A,A,1,1,0.35912165997467443,0.9745591075856186,0.5915955412776407,1334118206024,3052248144320,1334118206024,3052248144320,,,0.006093741484600881,31.17682655470639,116.66614767743076,270.382142149019,88.5006994795378,527.4503079168702,614.2506212103355,unclassified,,asphalt,False,False,False,False,False
w25626902_b3_A,20.0,car,motorcycle,25626902,3,True,,0.3225043049235376,0.0,A,A,2,2,0.38946289699377656,0.9828411899311744,0.6186923121515296,1335118206389,3053248144424,1336118206753,3054248144476,,,0.006093741484600881,22.50706064548862,136.30992484634785,272.0076828450428,68.20033661344496,507.216295569439,599.6301292630737,unclassified,,asphalt,False,False,False,False,False
w25626902_b4_A,20.0,car,motorcycle,25626902,4,False,only 1 samples in the sparser domain,6.289289751066736,0.0,A,A,1,1,0.43365699536627117,0.9808424362543584,0.6521879973089036,1337118207118,3055248144580,1337118207118,3055248144580,,,0.006093741484600881,0.5444295034587973,156.96534741365812,272.9211661015685,46.248773984224044,485.9712960187066,586.0478762919541,unclassified,,asphalt,False,False,False,False,False
w69488562_b0_B,20.0,car,motorcycle,69488562,0,False,only 1 samples in the sparser domain,3.796769421044432,0.0,B,B,2,1,0.36727503166286446,0.9507442160810184,0.5909184478965277,1369118218160,3082248147028,1370118218524,3082248147028,,,,9.717627093253034,74.04962327430114,316.4327772640399,66.46656114343216,208.96151752143228,420.08816995459614,unclassified,,,False,False,False,False,False
w69488562_b1_B,20.0,car,motorcycle,69488562,1,False,only 1 samples in the sparser domain,5.516025562669724,0.0,B,B,1,1,0.34864659976235085,0.9568124515775771,0.5775719936534329,1368118217847,3081248146924,1368118217847,3081248146924,,,,26.067330045096348,57.700395327174725,330.72655889224586,50.117334317246886,225.3015013009409,436.43652218193614,unclassified,,,False,False,False,False,False
w69488562_b2_B,20.0,car,motorcycle,69488562,2,True,,0.6569517128648084,0.0,B,B,2,2,0.35754914414900435,0.9385157588621089,0.57928016222852,1366118217170,3079248146768,1367118217535,3080248146872,,,,13.609067599089734,35.18725157522118,350.7196145775755,27.604499438130517,247.80499533706615,458.9495086416622,unclassified,,,False,False,False,False,False
w695751889_b0_B,20.0,car,motorcycle,695751889,0,False,only 1 samples in the sparser domain,0.21772621323992825,0.0,B,B,2,1,0.7004861074672202,0.976921770829951,0.8272364405347821,1209118152899,2955248137601,1210118153316,2955248137601,2.0,50.0,0.009084945944665307,8.422761909373213,88.59860979396097,977.4003888494849,27.14174943371916,1428.1236723327588,1382.8726120047788,secondary,,asphalt,False,False,False,False,False
w695751889_b1_B,20.0,car,motorcycle,695751889,1,False,only 1 samples in the sparser domain,0.5307007450555672,5.626024394834815,B,B,1,2,0.703973343555238,0.9749322478152721,0.8284481361161609,1208118152431,2953248137445,1208118152431,2954248137549,2.0,50.0,0.009084945944665307,6.683256735169683,107.99088856300511,995.3001334846045,9.300453738573811,1447.5298085065178,1401.7733849554515,secondary,,asphalt,False,False,False,False,False
w711388111_b0_A,20.0,car,motorcycle,711388111,0,False,only 1 samples in the sparser domain,3.134704756331534,0.0,A,A,1,3,0.686328837901093,0.9014745251744977,0.7865799153680779,1356118213680,3071248145934,1356118213680,3073248146143,,,,5.239642388383004,4.643309938584522,342.10320426187764,21.20943868761235,302.4655288401646,504.3294198236308,unclassified,True,asphalt,False,False,False,False,False
w711388114_b0_A,20.0,car,motorcycle,711388114,0,False,only 1 samples in the sparser domain,2.1399841059757057,0.0,A,A,2,1,0.3425215627993903,0.8950091617642428,0.5536785500696778,1363118216128,3077248146559,1364118216493,3077248146559,,,0.00012705299473320266,10.789627465565266,1.0607082075980305,357.9893354420017,6.865368206793637,282.1061766409372,493.22566557046304,unclassified,True,,False,False,False,False,False
w711388115_b0_B,20.0,car,motorcycle,711388115,0,False,only 1 samples in the sparser domain,7.864564287246949,0.0,B,B,1,1,0.3479615083290119,0.916044459743569,0.5645779059694128,1365118216805,3078248146664,1365118216805,3078248146664,,,,2.339716604544957,13.720980850907127,370.19479912537764,6.196714509818133,269.2476322413756,480.4063437144282,unclassified,,,False,False,False,False,False
w716932550_b1_A,20.0,car,motorcycle,716932550,1,True,,1.642528070656109,12.055486419309418,A,A,5,3,0.274513127682702,0.9009971002042584,0.49732839453435174,1318118199982,3039248143382,1322118201545,3041248143486,,,0.08278904129830487,16.44658371306635,1.1814876721879937,247.70193708565623,129.24510639590392,651.6645133141411,733.9408885074272,unclassified,True,asphalt,True,False,False,False,False
w717148552_b0_A,20.0,car,motorcycle,717148552,0,False,only 1 samples in the sparser domain,2.338262216032796,0.0,A,A,2,1,0.6397176284213786,0.9662458210081571,0.7862089322103929,1351118211858,3065248145361,1352118212222,3065248145361,2.0,,0.015034151557230672,10.006644974451934,45.55275823750641,325.4145452247553,59.51974906266207,334.3041859132466,508.69282905679796,unclassified,,asphalt,False,False,False,False,False
w717148552_b1_A,20.0,car,motorcycle,717148552,1,True,,1.4282904163395629,5.111736924259631,A,A,2,4,0.635177478157979,0.9425237292449464,0.7737375817716617,1353118212587,3066248145466,1354118212951,3069248145778,2.0,,0.015034151557230672,14.291159611358152,24.974024167285894,336.1910326112712,40.731814379780566,316.0757893051965,503.0190936517673,unclassified,,asphalt,False,False,False,False,False
w717148552_b2_A,20.0,car,motorcycle,717148552,2,False,only 1 samples in the sparser domain,1.5007377888119702,0.0,A,A,1,1,0.6893181986817821,0.8403888879785413,0.7611145475245852,1355118213316,3070248145882,1355118213316,3070248145882,2.0,,0.015034151557230672,3.332035280525541,12.719425869861217,340.50365103648255,29.31095349542894,307.1333110458808,502.6326558931432,unclassified,,asphalt,False,False,False,False,False
w717185016_b0_A,20.0,car,motorcycle,717185016,0,False,only 1 samples in the sparser domain,2.2858642855138775,0.0,A,A,2,1,0.5922834993593534,0.9909007233039082,0.7660901695728468,1346118210139,3061248145049,1347118210451,3061248145049,2.0,,,8.382899061097818,102.9283298920774,296.6571351762037,17.010680588636035,388.23205660401186,533.1417702642485,unclassified,,asphalt,False,False,False,False,False
w717185016_b1_A,20.0,car,motorcycle,717185016,1,False,only 1 samples in the sparser domain,8.303933612762163,0.0,A,A,2,1,0.6124331737557204,0.9813585113531564,0.7752525444654811,1348118210816,3062248145101,1349118211180,3062248145101,2.0,,,24.801456213393653,86.59760084615306,303.95750675727754,29.30556878185504,372.8347879039394,525.6836922426685,unclassified,,asphalt,False,False,False,False,False
w717185016_b2_A,20.0,car,motorcycle,717185016,2,False,only 1 samples in the sparser domain,2.0978676936869096,0.0,A,A,1,2,0.6301351166139877,0.9730466058836618,0.7830394858941317,1350118211545,3063248145205,1350118211545,3064248145310,2.0,,,9.34108760504919,64.59354416098871,314.9787638753262,49.903364444982394,352.16993690289235,516.2964196686364,unclassified,,asphalt,False,False,False,False,False
w717185017_b0_A,20.0,car,motorcycle,717185017,0,False,only 1 samples in the sparser domain,4.266794573893184,0.0,A,A,2,1,0.45548233107497327,0.9897809500492034,0.6714370665833194,1338118207430,3056248144632,1339118207795,3056248144632,,,3.881993478588824e-06,15.559032550348276,172.1437382662036,274.1643956155748,30.145730967186196,470.6149698869811,576.9406772356105,unclassified,,asphalt,False,False,False,False,False
w717185017_b1_A,20.0,car,motorcycle,717185017,1,False,only 1 samples in the sparser domain,3.223197231637187,0.0,A,A,1,1,0.4905633321933728,0.9890535208021333,0.69655824658264,1340118208108,3057248144684,1340118208108,3057248144684,,,3.881993478588824e-06,32.13088253995185,173.60869392106736,276.3973559190442,13.573880977582618,454.87252104857185,567.9113727702405,unclassified,,asphalt,False,False,False,False,False
w717185017_b2_A,20.0,car,motorcycle,717185017,2,False,only 1 samples in the sparser domain,3.1512211405685204,0.00526088396519242,A,A,2,1,0.5108618238165825,0.9920294378551812,0.7118918231743057,1341118208420,3058248144789,1342118208785,3058248144789,,,3.881993478588824e-06,45.14191832392217,156.29608354745324,279.76783048254896,3.7642412677530954,438.4673584046423,558.83395985131,unclassified,,asphalt,False,False,False,False,False
w717185017_b3_A,20.0,car,motorcycle,717185017,3,False,only 1 samples in the sparser domain,3.254266588670277,0.0,A,A,1,1,0.5363181993742522,0.991352625620851,0.7291642168386433,1343118209097,3059248144841,1343118209097,3059248144841,,,3.881993478588824e-06,27.360723393107033,138.54784473647078,284.28566712196397,21.545436198568233,421.71963099713264,549.9346313048054,unclassified,,asphalt,False,False,False,False,False
w717185017_b4_A,20.0,car,motorcycle,717185017,4,False,only 1 samples in the sparser domain,3.1807588643380984,0.0,A,A,1,1,0.5601124437709072,0.9839820878080461,0.7423884507648029,1345118209774,3060248144945,1345118209774,3060248144945,,,3.881993478588824e-06,9.431787928901935,120.66196496810093,289.87593908516163,17.040371776921614,404.9219880596467,541.4047117359326,unclassified,,asphalt,False,False,False,False,False
w718496900_b0_A,20.0,car,motorcycle,718496900,0,False,only 1 samples in the sparser domain,1.7188933427114703,0.08497982281397753,A,A,1,2,0.7135902594630246,0.5024073076957395,0.598759518550413,1357118214045,3074248146247,1357118214045,3075248146351,,,0.10921484734581514,15.647854417344567,0.48349337830984607,340.1419705795915,10.644806122908983,300.8230682498829,510.4231212017381,unclassified,True,asphalt,True,False,False,False,False
w72561441_b0_B,20.0,car,motorcycle,72561441,0,False,only 1 samples in the sparser domain,2.0617377124152694,1.8777333793662478,B,B,1,2,0.7734388391646028,0.982818367972029,0.8718657566586359,1205118151024,2950248137132,1205118151024,2951248137237,2.0,50.0,0.000737950253281285,4.385443966668998,149.58291491960614,1036.239160750898,35.58454885109779,1488.9106651500354,1440.3335218484344,secondary,,asphalt,False,False,False,False,False
w72561441_b10_B,20.0,car,motorcycle,72561441,10,False,only 1 samples in the sparser domain,0.708547942443151,0.0,B,B,1,1,0.6467360947042808,0.990928494682024,0.8005430811529408,1192118145035,2939248136091,1192118145035,2939248136091,2.0,50.0,0.003541530528793976,104.47958076480228,339.9558855954292,1228.9022910240005,105.17845547900114,1675.8164711403354,1611.2040972922348,secondary,,asphalt,False,False,False,False,False
w72561441_b11_B,20.0,car,motorcycle,72561441,11,False,only 1 samples in the sparser domain,5.6805514412532805,0.0,B,B,2,1,0.6088490487326677,0.966080288267014,0.7669400657879029,1190118144149,2938248135987,1191118144566,2938248135987,2.0,50.0,0.007035159030745913,86.92839516260275,357.62207781354545,1246.1592197862515,87.68021297710018,1693.4126369688124,1628.0451652695924,secondary,,asphalt,False,False,False,False,False
w72561441_b12_B,20.0,car,motorcycle,72561441,12,False,only 1 samples in the sparser domain,2.554359981862067,1.4273378707787003,B,B,1,2,0.5935674971572699,0.9905732249218322,0.7667933684297598,1189118143681,2936248135830,1189118143681,2937248135882,2.0,50.0,0.0010538794361852938,60.756312246501906,383.5830836451968,1271.0275894993465,61.54368328828396,1719.5938011778267,1653.709560152714,secondary,,asphalt,False,False,False,False,False
w72561441_b13_B,20.0,car,motorcycle,72561441,13,False,only 1 samples in the sparser domain,7.300366678911434,0.0,B,B,1,1,0.5948926252922031,0.9946204094383934,0.7692154097130477,1188118143264,2935248135726,1188118143264,2935248135726,2.0,50.0,0.0010538794361852938,34.838922225494166,409.188850130271,1295.412103223441,35.65584634190334,1745.4853208120899,1679.2814241039166,secondary,,asphalt,False,False,False,False,False
w72561441_b14_B,20.0,car,motorcycle,72561441,14,False,only 1 samples in the sparser domain,7.954949552291444,0.0,B,B,1,1,0.5914445286816495,0.9952398323140069,0.7672217108164769,1187118142795,2934248135674,1187118142795,2934248135674,2.0,50.0,0.00011943142783734525,17.81907813681279,426.021136798434,1311.4483684680786,18.698280410116134,1762.4871095048788,1696.0857647638984,secondary,,asphalt,False,False,False,False,False
w72561441_b15_B,20.0,car,motorcycle,72561441,15,False,only 1 samples in the sparser domain,0.03538673847259508,0.24935500612357941,B,B,2,1,0.5549823681459816,0.9959732691951734,0.7434699748799762,1185118141910,2933248135570,1186118142379,2933248135570,2.0,50.0,0.00011943142783734525,1.176896952576589,442.49379725886143,1327.1524853517801,2.928130785943024,1779.1119697975482,1712.5213402570382,secondary,,asphalt,False,False,False,False,False
w72561441_b16_B,20.0,car,motorcycle,72561441,16,False,only 1 samples in the sparser domain,7.013718219641284,0.0,B,B,1,1,0.5542225689135923,0.9867200696823626,0.7395015428097211,1184118141493,2932248135518,1184118141493,2932248135518,2.0,50.0,0.00011943142783734525,15.26015554742092,458.7927717624206,1342.7278754302906,14.69822908526472,1795.5376322544566,1728.7370788029784,secondary,,asphalt,False,False,False,False,False
w72561441_b17_B,20.0,car,motorcycle,72561441,17,False,only 1 samples in the sparser domain,1.5288486981130796,0.0,B,B,1,2,0.545760288459045,0.9867289404325703,0.7338374964264005,1183118141077,2930248135362,1183118141077,2931248135414,2.0,50.0,0.0007614130956974749,39.60453830610355,482.9527358058773,1365.8403706615093,38.9409756738266,1819.866156135085,1752.7593738195255,secondary,,asphalt,False,False,False,False,False
w72561441_b18_B,20.0,car,motorcycle,72561441,18,False,only 1 samples in the sparser domain,11.77427112702153,0.0,B,B,1,1,0.5810852331847165,0.9904226556319967,0.7586303314522462,1182118140608,2929248135257,1182118140608,2929248135257,2.0,50.0,0.0014033947635576044,64.15380968390363,507.3319683707046,1389.1852710917897,63.4629963047085,1844.3998117581953,1776.991735706086,secondary,,asphalt,False,False,False,False,False
w72561441_b1_B,20.0,car,motorcycle,72561441,1,False,only 1 samples in the sparser domain,4.144609168544881,0.0,B,B,2,1,0.7795914109903511,0.9883015750355686,0.8777650137513828,1203118150087,2949248137028,1204118150556,2949248137028,2.0,50.0,0.000737950253281285,19.508792298130903,171.95690432617127,1059.0928412030817,58.52769813030073,1511.0745241133834,1460.4240673210631,secondary,,asphalt,False,False,False,False,False
w72561441_b20_B,20.0,car,motorcycle,72561441,20,False,only 1 samples in the sparser domain,5.293175076871236,4.3096603402497635,B,B,2,1,0.7081544815545315,0.9947022691700806,0.8392871199567252,1178118138941,2927248135101,1179118139358,2927248135101,2.0,50.0,0.004580198383238056,95.34307312887434,538.4626328293873,1419.2917643617104,94.67029855138686,1875.6069745559635,1807.5777804733775,secondary,,asphalt,False,False,False,False,False
w72561441_b21_B,20.0,car,motorcycle,72561441,21,False,only 1 samples in the sparser domain,5.481242929579901,3.3136046002255313,B,B,1,2,0.7213825409321278,0.977798303523903,0.8398610746517527,1177118138524,2925248134945,1177118138524,2926248134997,2.0,50.0,0.005785942745655014,96.31958499827456,560.5485064901732,1441.5407130361812,96.49496240482705,1897.398805430888,1828.0929226885075,secondary,,asphalt,False,False,False,False,False
w72561441_b22_B,20.0,car,motorcycle,72561441,22,False,only 1 samples in the sparser domain,0.041394194274986196,0.0,B,B,1,1,0.7346669804681469,0.9604463854740548,0.8400049082700468,1176118138056,2924248134841,1176118138056,2924248134841,2.0,50.0,0.003198543063309527,75.29846492482166,580.9158477263585,1462.8040362328616,75.09262834182994,1917.1485428565122,1845.9189817754586,secondary,,asphalt,False,False,False,False,False
w72561441_b23_B,20.0,car,motorcycle,72561441,23,False,only 1 samples in the sparser domain,6.25755431626692,0.0,B,B,1,2,0.7847763046017245,0.9729493831182046,0.8738121202226667,1175118137639,2922248134632,1175118137639,2923248134736,2.0,50.0,0.003198543063309527,52.86228969026773,601.4845381261932,1484.6060419824607,52.66021637184648,1936.8214433960757,1863.256466833415,secondary,,asphalt,False,False,False,False,False
w72561441_b24_B,20.0,car,motorcycle,72561441,24,False,only 1 samples in the sparser domain,6.406059266022901,0.0,B,B,2,1,0.9004838943018343,0.9759124224463746,0.9374398213549754,1173118136754,2921248134528,1174118137222,2921248134528,2.0,50.0,0.0003241289120236372,29.48036005900178,623.0418439095843,1507.3445831381448,29.287369147492793,1957.379525856428,1881.426143758832,secondary,,asphalt,False,False,False,False,False
w72561441_b25_B,20.0,car,motorcycle,72561441,25,False,only 1 samples in the sparser domain,0.10547345590711323,0.0,B,B,1,1,0.9076651704450264,0.9681080115416046,0.9373995537150133,1172118136337,2920248134424,1172118136337,2920248134424,2.0,50.0,0.0003241289120236372,12.876570717936714,638.4332279563356,1523.5041094037592,12.711112480573549,1972.0188090560553,1894.4026738717191,secondary,,asphalt,False,False,False,False,False
w72561441_b26_B,20.0,car,motorcycle,72561441,26,False,only 1 samples in the sparser domain,2.2519278085802705,0.0,B,B,1,1,0.90416759393807,0.9661180168243667,0.934629660738577,1171118135920,2919248134372,1171118135920,2919248134372,2.0,50.0,0.0003241289120236372,4.554738890290726,647.2618195169504,1540.4401061976798,4.932521549697603,1987.3434795866622,1907.9850406086646,secondary,,asphalt,False,False,False,False,False
w72561441_b27_B,20.0,car,motorcycle,72561441,27,False,only 1 samples in the sparser domain,0.8780766614014611,0.0,B,B,2,1,0.8574451305571362,0.9705480364344186,0.91224540986101,1169118135035,2918248134268,1170118135452,2918248134268,2.0,50.0,0.0003241289120236372,21.252660645560088,628.5592510386567,1558.5062469649934,23.536218319564334,2003.5910549165144,1922.3217242990795,secondary,,asphalt,False,False,False,False,False
w72561441_b28_B,20.0,car,motorcycle,72561441,28,False,only 1 samples in the sparser domain,2.1521658997740647,0.0,B,B,1,1,0.7727366671006188,0.976361531694683,0.8686025304401344,1168118134618,2917248134164,1168118134618,2917248134164,2.0,50.0,0.0003241289120236372,30.529470274973505,608.7268160960067,1577.6800105243806,43.35685668614023,2020.866569255751,1937.6058506721067,secondary,,asphalt,False,False,False,False,False
w72561441_b29_B,20.0,car,motorcycle,72561441,29,False,only 1 samples in the sparser domain,4.720585597191602,0.0,B,B,1,1,0.6909830680228422,0.9782046385468837,0.822145268366425,1167118134150,2916248134059,1167118134150,2916248134059,2.0,50.0,0.0003241289120236372,45.7669107778931,587.8102512835669,1597.9193201969915,64.26887485778423,2039.136857669306,1953.8140523741954,secondary,,asphalt,False,False,False,False,False
w72561441_b2_B,20.0,car,motorcycle,72561441,2,False,only 1 samples in the sparser domain,1.2859525391859865,0.0,B,B,1,1,0.7792675836598255,0.9915590566954031,0.8790277755378625,1202118149618,2948248136924,1202118149618,2948248136924,2.0,50.0,0.000737950253281285,34.920857624485585,186.96761214893516,1074.4609047396855,73.93971232636187,1525.906890778659,1473.8470499010357,secondary,,asphalt,False,False,False,False,False
w72561441_b3_B,20.0,car,motorcycle,72561441,3,False,only 1 samples in the sparser domain,0.03914702827704547,0.0,B,B,1,1,0.75237898453162,0.9973854734937164,0.8662631642484814,1201118149149,2947248136820,1201118149149,2947248136820,2.0,50.0,0.000737950253281285,50.78225209301311,202.47892501174863,1090.2783116612682,89.8010724992852,1541.1835643076108,1487.7016270244833,secondary,,asphalt,False,False,False,False,False
w72561441_b4_B,20.0,car,motorcycle,72561441,4,True,,1.9735823810693025,0.0,B,B,2,2,0.7573270579668214,0.9966946737262363,0.8688059880918706,1199118148212,2945248136611,1200118148681,2946248136716,2.0,50.0,0.00047347901378251925,75.04271142548578,226.30278463761965,1114.4740721689682,114.06149850222202,1564.5737297632093,1508.9743021521722,secondary,,asphalt,False,False,False,False,False
w72561441_b5_B,20.0,car,motorcycle,72561441,5,False,only 1 samples in the sparser domain,5.0242289653861665,0.0,B,B,1,1,0.7541647717782813,0.9899353667293093,0.8640453575621241,1198118147795,2944248136560,1198118147795,2944248136560,2.0,50.0,0.00020900777428375358,100.68923515949227,251.56935041609822,1140.0548637265322,139.7079984554296,1589.3254873643384,1531.5482930360852,secondary,,asphalt,False,False,False,False,False
w72561441_b6_B,20.0,car,motorcycle,72561441,6,False,only 1 samples in the sparser domain,7.524364491919181,0.0,B,B,1,1,0.7553814632714168,0.9942841355489007,0.8666393743758036,1197118147327,2943248136455,1197118147327,2943248136455,2.0,50.0,0.00020900777428375358,118.56335903736634,269.22406110548997,1157.88500489378,157.58211067722124,1606.5936559427576,1547.3412299824877,secondary,,asphalt,False,False,False,False,False
w72561441_b7_B,20.0,car,motorcycle,72561441,7,False,only 1 samples in the sparser domain,2.6443138419729952,0.0,B,B,2,1,0.7292943540588996,0.9942424901954293,0.8515253576171338,1195118146389,2942248136351,1196118146858,2942248136351,2.0,50.0,0.00020900777428375358,136.57674180586486,287.0437985996906,1175.8554134405417,157.19881948341617,1624.009628448647,1563.302557066235,secondary,,asphalt,False,False,False,False,False
w72561441_b8_B,20.0,car,motorcycle,72561441,8,False,only 1 samples in the sparser domain,2.7612199001720588,0.0,B,B,1,1,0.6959555544448729,0.9949618435227978,0.8321353384278315,1194118145920,2941248136247,1194118145920,2941248136247,2.0,50.0,0.00020900777428375358,139.07732200524276,304.8172883669672,1193.7576465400548,139.63949035598185,1641.3711013655297,1579.2460781315367,secondary,,asphalt,False,False,False,False,False
w72561441_b9_B,20.0,car,motorcycle,72561441,9,False,only 1 samples in the sparser domain,0.7793811356131128,0.0,B,B,1,1,0.6697733273245707,0.9963667202911185,0.8169087179635509,1193118145504,2940248136195,1193118145504,2940248136195,2.0,50.0,0.003541530528793976,121.68445947645681,322.46108439319846,1211.4733503401246,122.31211279707166,1658.624784496549,1595.1655726595727,secondary,,asphalt,False,False,False,False,False
w72561466_b0_B,20.0,car,motorcycle,72561466,0,False,only 1 samples in the sparser domain,6.474242321962916,0.0,B,B,1,1,0.7794847961333683,0.983914439457847,0.8757547295067707,1206118151493,2952248137341,1206118151493,2952248137341,2.0,50.0,,4.854905614217804,127.95268513005357,1014.6435032708492,13.968511324699893,1467.4458732135254,1420.5511993434932,secondary,,asphalt,False,True,False,False,False
w72561505_b0_A,20.0,car,motorcycle,72561505,0,True,,0.8671831008509732,0.0,A,A,2,3,0.5487538921733366,0.914002218740631,0.7082106148519568,1214118155139,2961248138122,1215118155608,2963248138278,2.0,50.0,0.012448609015663381,12.188308585473584,25.409597003793348,918.1361923697154,15.39699739059572,1364.9320385816557,1322.377480756253,secondary,True,asphalt,False,False,False,False,False
w72561505_b1_A,20.0,car,motorcycle,72561505,1,True,,1.3475917774310302,1.61889533082838,A,A,2,3,0.5328646586075303,0.9030809853643875,0.6937001808859116,1216118156076,2964248138382,1217118156545,2966248138539,2.0,50.0,0.011354663748149618,29.11081077815272,10.004247940826728,901.3344854420207,3.444221802162668,1348.6992853393867,1307.9872427593425,secondary,True,asphalt,False,False,False,False,False
w862981944_b0_B,20.0,car,motorcycle,862981944,0,True,,3.0610597588946065,1.3350234362925733,B,B,3,2,0.6607271037792642,0.8512642310575969,0.7499688993135437,1280118184410,3013248141820,1282118185243,3014248141872,2.0,50.0,0.0046275847667465704,5.954239801287154,212.61570166802545,397.04793689720094,81.4149591779675,880.669819860243,929.5388763873807,secondary,,asphalt,False,False,False,False,False
w862981944_b10_B,20.0,car,motorcycle,862981944,10,False,only 1 samples in the sparser domain,0.19556591194898898,0.2655160380763846,B,B,2,1,0.7144309112306639,0.9745867360037527,0.8344308778302009,1262118176806,2994248140622,1263118177222,2994248140622,2.0,50.0,0.0004290972285245497,0.5121556609232613,254.2442592633986,601.2366241123262,284.1147443994903,1042.1287085574015,1034.5408820626774,secondary,,asphalt,False,False,False,False,False
w862981944_b11_B,20.0,car,motorcycle,862981944,11,True,,1.9954100278593063,2.4497556826749474,B,B,2,2,0.7027549541219524,0.9754744940101387,0.8279610699092258,1260118175920,2992248140518,1261118176337,2993248140570,2.0,50.0,0.0029151259650409857,6.377312831999218,236.55189996317569,619.847367201324,269.88069166858145,1057.6974468676895,1045.7470893173795,secondary,,asphalt,False,False,False,False,False
w862981944_b12_B,20.0,car,motorcycle,862981944,12,True,,3.0471547182981165,0.0,B,B,2,2,0.6818306180129574,0.9731198740735527,0.8145568888299096,1258118175035,2990248140414,1259118175451,2991248140466,2.0,50.0,0.002002883538245211,10.740198493786362,213.17083570251302,644.1114276894125,245.7832389769189,1078.9461808757046,1061.8501589349646,secondary,,asphalt,False,False,False,False,False
w862981944_b13_B,20.0,car,motorcycle,862981944,13,False,only 1 samples in the sparser domain,2.0050855663549014,0.8430533683119137,B,B,2,1,0.6347075456054161,0.9801123515844116,0.7887234655389014,1256118174149,2989248140362,1257118174618,2989248140362,2.0,50.0,0.0010906411114494359,1.94991918511839,196.6722808259566,661.2034633877253,228.74742839791256,1094.2186877759616,1073.7131164788234,secondary,,asphalt,False,False,False,False,False
w862981944_b14_B,20.0,car,motorcycle,862981944,14,True,,3.1891869307545004,1.3550027014601937,B,B,3,2,0.5041787943943558,0.9887119158642642,0.7060365300349398,1253118172847,2987248140257,1255118173733,2988248140309,2.0,50.0,0.0031427777643002973,6.866545930793659,180.2573000439549,678.135062181939,211.7829444789014,1109.6828961504461,1086.0293729186883,secondary,,asphalt,False,False,False,False,False
w862981944_b15_B,20.0,car,motorcycle,862981944,15,True,,3.250975325392464,0.0,B,B,2,2,0.39620710085398014,0.9853053552345252,0.6248079530970875,1251118172014,2985248140101,1252118172431,2986248140153,2.0,50.0,0.0034967536843476185,9.82784218602649,157.1722133763385,701.4727010291695,188.08851417166846,1131.8828550706826,1104.4210664522152,secondary,,asphalt,False,False,False,False,False
w862981944_b16_B,20.0,car,motorcycle,862981944,16,False,only 1 samples in the sparser domain,3.538699217458764,0.0,B,B,1,1,0.3534418899189988,0.9716375354812946,0.5860182649514833,1250118171545,2984248140049,1250118171545,2984248140049,2.0,50.0,0.0044673745791587996,3.0732617242776135,139.52055776237964,719.1530557022114,170.01064569443437,1149.0835064089863,1119.0050882900014,secondary,,asphalt,False,False,False,False,False
w862981944_b17_B,20.0,car,motorcycle,862981944,17,False,only 1 samples in the sparser domain,0.3219717190964418,2.733838269894818,B,B,1,2,0.33323775570159003,0.9688580565907077,0.5682077827447382,1249118171128,2982248139841,1249118171128,2983248139945,2.0,50.0,0.0032787174237355393,17.67345088328689,121.99845834696525,735.9134545250715,152.513111817332,1166.4189445747268,1134.4544987975335,secondary,,asphalt,False,False,False,False,False
w862981944_b18_B,20.0,car,motorcycle,862981944,18,True,,3.452631575894629,0.0,B,B,2,2,0.3314629185449367,0.97118652238954,0.5673731745180983,1247118170243,2980248139685,1248118170660,2981248139789,2.0,50.0,0.0005048816241052446,19.436549775487034,98.2723576396826,757.9154720580912,129.41316766262676,1190.0418054276427,1156.1552210921955,secondary,,asphalt,False,False,False,False,False
w862981944_b19_B,20.0,car,motorcycle,862981944,19,False,only 1 samples in the sparser domain,1.2910784595513853,0.0,B,B,1,1,0.32751697819762204,0.9794557583779251,0.566381841395183,1246118169826,2979248139632,1246118169826,2979248139632,2.0,50.0,0.0005048816241052446,20.203432970492656,79.11144002354065,775.6677518254745,111.0193813711704,1209.148591550716,1173.8311037589112,secondary,,asphalt,False,False,False,False,False
w862981944_b1_B,20.0,car,motorcycle,862981944,1,True,,5.275728531578332,0.0,B,B,2,2,0.7162691041728229,0.9857094030770441,0.8402578122913957,1278118183576,3011248141716,1279118183993,3012248141768,2.0,50.0,0.0037558293770011547,26.027776259021806,215.97085576661513,417.03912640030956,101.30015836519348,894.7659533808253,937.0755171599976,secondary,,asphalt,False,False,False,False,False
w862981944_b20_B,20.0,car,motorcycle,862981944,20,False,only 1 samples in the sparser domain,3.2946770744705773,0.0,B,B,1,2,0.32132750646374847,0.9624992355506073,0.5561272150621122,1245118169358,2977248139424,1245118169358,2978248139528,2.0,50.0,0.0005048816241052446,18.742872409865935,61.20685443320866,792.3450116193991,94.13576247835275,1227.0290069567484,1190.4167541653505,secondary,,asphalt,False,False,False,False,False
w862981944_b21_B,20.0,car,motorcycle,862981944,21,False,only 1 samples in the sparser domain,3.515188185244809,0.0,B,B,1,1,0.34193953152498846,0.9704159598169918,0.5760412994605458,1244118168941,2976248139372,1244118168941,2976248139372,2.0,50.0,0.0005048816241052446,7.667004067389094,44.44883096107565,808.033916362774,78.68276860382768,1243.8033261018657,1206.0068836173289,secondary,,asphalt,False,False,False,False,False
w862981944_b2_B,20.0,car,motorcycle,862981944,2,True,,5.269711075617359,0.0,B,B,2,2,0.7283777184326253,0.9825353894011035,0.8459650614601568,1276118182743,3009248141560,1277118183160,3010248141611,2.0,50.0,0.0014493885711916827,15.820952554703297,221.5339745323007,437.9372773565233,121.82842184936104,910.8270256971368,946.8599971268723,secondary,,asphalt,False,False,False,False,False
w862981944_b3_B,20.0,car,motorcycle,862981944,3,True,,5.941912792391288,0.0025770816719159484,B,B,2,2,0.7644058136130985,0.9863220325885348,0.8683031128617265,1274118181910,3007248141455,1275118182326,3008248141507,2.0,50.0,1.0731054003232768e-05,2.0691163140630873,229.15700802274478,459.33020857562815,142.90214000736862,927.6744112111601,957.534361339304,secondary,,asphalt,False,False,False,False,False
w862981944_b4_B,20.0,car,motorcycle,862981944,4,False,only 1 samples in the sparser domain,0.17883272462983496,0.0158684771024582,B,B,1,2,0.7635715148275346,0.988969175983859,0.8689929181666177,1273118181493,3005248141299,1273118181493,3006248141403,2.0,50.0,2.698781625473229e-05,5.966943711984329,239.07683753371282,482.460974287898,165.78094073507856,946.0944195078557,969.4712705377598,secondary,,asphalt,False,False,False,False,False
w862981944_b5_B,20.0,car,motorcycle,862981944,5,False,only 1 samples in the sparser domain,0.7821163938148188,0.0,B,B,2,1,0.7505654969604234,0.9880702588947675,0.86116865067138,1271118180660,3004248141247,1272118181076,3004248141247,2.0,50.0,2.0398247595057922e-06,9.348813769250226,248.07130323090095,500.665167180673,183.8289190540672,960.731182377223,979.1388940780238,secondary,,asphalt,False,False,False,False,False
w862981944_b6_B,20.0,car,motorcycle,862981944,6,True,,5.762905841035357,0.9130368124480697,B,B,2,2,0.7593748025124335,0.9914185624835579,0.8676740604012041,1269118179826,3002248141143,1270118180243,3003248141195,2.0,50.0,0.0009936856940723877,4.313468100392685,257.47817045145155,517.7323307301764,200.7776219152426,974.5747719554637,988.4446983246746,secondary,,asphalt,False,False,False,False,False
w862981944_b7_B,20.0,car,motorcycle,862981944,7,False,only 1 samples in the sparser domain,3.135895038246311,0.45742681090013093,B,B,1,2,0.7838328775961542,0.9826679022290818,0.8776374020776447,1268118179410,3000248140987,1268118179410,3001248141039,2.0,50.0,0.0012895191778819809,2.0759014943466396,269.2188209248519,537.7691074116035,220.72338647539448,990.790836673485,999.3905736602009,secondary,,asphalt,False,False,False,False,False
w862981944_b8_B,20.0,car,motorcycle,862981944,8,True,,2.5386385834693805,0.0,B,B,2,3,0.7791190282359493,0.9780692424838365,0.872944647587393,1266118178524,2997248140830,1267118178941,2999248140934,2.0,50.0,0.0006761449208231413,13.924355228854475,281.73778474165744,560.5653927997612,243.4972073150286,1009.0121048346467,1011.6154977024116,secondary,,asphalt,False,False,False,False,False
w862981944_b9_B,20.0,car,motorcycle,862981944,9,True,,4.536818360489137,0.0,B,B,2,2,0.7397781199128006,0.9790047425174545,0.8510266081652664,1264118177639,2995248140726,1265118178108,2996248140778,2.0,50.0,0.0008410211777120397,5.273373731831032,270.16125218255246,584.5581303154313,267.471326421694,1028.3809978927866,1024.8595480757317,secondary,,asphalt,False,False,False,False,False
w862981953_b0_A,20.0,car,motorcycle,862981953,0,False,only 1 samples in the sparser domain,0.7190517478144014,0.0,A,A,1,1,0.40459553382340363,0.8579469401337252,0.5891701793502114,1362118215764,3076248146507,1362118215764,3076248146507,,,0.11072400576785572,15.709820913468292,1.133053554784922,349.06987276547096,5.80718333777222,289.49643346169216,500.4566407066992,unclassified,True,asphalt,True,False,False,False,False
w1265232969_b0_A,50.0,car,motorcycle,1265232969,0,False,heading differs by 87 deg,10.405096461979666,87.00601780340537,A,A,2,2,0.30787949434922607,0.655105129208133,0.4491029235333304,1394118226805,3100248148851,1406118230972,3101248148955,1.0,,0.09570393128669974,6.321348034032258,1.1753962446480162,172.71430442034887,6.321348034032258,8.026127925631029,176.3178200523525,tertiary,True,asphalt,True,False,False,False,False
w137735208_b0_A,50.0,car,motorcycle,137735208,0,True,,2.8881001907388995,0.0,A,A,4,3,0.3959474199744481,0.9651539867229655,0.6181830076288177,1371118218837,3083248147132,1374118219878,3085248147289,,,1.7357681346948655e-05,17.486531750815,111.17587103376201,285.5207002225153,103.60161533991396,171.8233254331842,382.9530855702978,unclassified,,asphalt,False,True,False,False,False
w137735208_b1_A,50.0,car,motorcycle,137735208,1,True,,0.8268854120400312,0.0,A,A,4,2,0.45827904036655154,0.9684388245639186,0.6661945775633901,1375118220243,3086248147393,1378118221232,3087248147497,,,1.7357681346948655e-05,23.48142219229106,139.84831406215216,248.1094869398113,126.80000127229971,123.83342314485039,334.9814272934542,unclassified,,asphalt,False,True,False,False,False
w137735208_b2_A,50.0,car,motorcycle,137735208,2,True,,1.8001438329850874,0.0,A,A,4,4,0.4556825675148002,0.9769529245233293,0.6672184177523005,1379118221597,3088248147601,1382118222639,3091248147862,,,1.7357681346948655e-05,30.415954992181717,88.59630190389755,213.37264326447934,75.54612830446113,72.57955009450585,283.7545716028053,unclassified,,asphalt,False,True,False,False,False
w137735208_b3_A,50.0,car,motorcycle,137735208,3,True,,5.663327249838162,0.0,A,A,6,4,0.43344270178807803,0.9761908259752661,0.6504788921029296,1383118223003,3092248147966,1388118224722,3095248148278,,,1.7357681346948655e-05,20.531515884688805,33.591259683046715,184.25596698084271,20.531515884688805,17.564936530105303,228.7815637602858,unclassified,,asphalt,False,True,False,False,False
w137735210_b0_A,50.0,car,motorcycle,137735210,0,False,only 1 samples in the sparser domain,2.6013423978445487,0.0,A,A,3,1,0.3213888968708502,0.9243711715412488,0.5450528700235028,1390118225399,3096248148382,1392118226128,3096248148382,,,,5.037345736976883,8.074974002032539,174.5727476458193,5.037345736976883,8.003236423450321,203.2346767322753,unclassified,,,False,True,False,False,False
w22868496_b0_B,50.0,car,motorcycle,22868496,0,True,,0.2900437598667015,0.08095085174410599,B,B,3,5,0.6578906350929491,0.9719386642132685,0.799643261130024,1211118153785,2956248137705,1213118154670,2960248138070,2.0,50.0,0.0009865903751113158,5.14500919103786,57.08028469976674,948.3986461026554,13.211364911646891,1396.5524830534691,1352.1780545088857,secondary,,asphalt,False,False,False,False,False
w23064623_b1_A,50.0,car,motorcycle,23064623,1,True,,2.0619037615601297,4.705196300742585,A,A,7,3,0.4445926574254929,0.7555136496713205,0.5795652001531884,1221118158420,2967248138643,1233118164045,2969248138799,2.0,50.0,0.03873011436177727,35.558156820104934,2.1233618469879683,882.564013701829,20.773442636869703,1332.1920192656937,1294.5210932143684,secondary,True,asphalt,True,False,False,False,False
w23064623_b2_A,50.0,car,motorcycle,23064623,2,True,,13.114206026181266,29.916162319907116,A,A,5,3,0.5776598011798567,0.8110772048395578,0.6844900999204685,1234118164514,2970248138851,1238118166337,2972248139007,2.0,50.0,0.03873899924590475,32.905004360040046,2.207068299728077,852.320605336608,49.96689903391053,1300.844304250166,1265.459848874126,secondary,True,asphalt,True,False,False,False,False
w23064624_b0_A,50.0,car,motorcycle,23064624,0,True,,12.212964636482367,7.354893032810551,A,A,2,3,0.4085343183320964,0.9420642962685221,0.6203753662913017,1241118167639,2973248139112,1242118168056,2975248139268,1.0,50.0,0.012674713451814201,16.303668674349115,20.748679048451784,828.855383689499,61.108397647038515,1267.6064521635778,1229.1862742396295,secondary,True,asphalt,False,False,False,False,False
w245122745_b0_A,50.0,car,motorcycle,245122745,0,True,,2.5829895106811875,4.794652690983753,A,A,4,5,0.33576419507586097,0.9544873783508885,0.5661119026323813,1299118192431,3019248142184,1305118194826,3023248142341,1.0,,0.014083155195310778,26.084981459625872,150.94462132516202,352.13508709591747,37.49070385837649,817.2394225832783,870.9178642626212,unclassified,True,asphalt,False,False,False,False,False
w245122745_b1_A,50.0,car,motorcycle,245122745,1,True,,2.595670509190403,0.0,A,A,4,4,0.3985431244672043,0.9663589161416222,0.6205930242887228,1306118195191,3024248142393,1309118196441,3027248142549,1.0,,0.00040613458242486804,72.45730246491382,105.38532188002523,313.90465586299075,13.30781620802881,772.0541645817283,834.9463403274492,unclassified,True,asphalt,False,False,False,False,False
w245122745_b2_A,50.0,car,motorcycle,245122745,2,True,,2.0820039309940923,0.0,A,A,4,4,0.4556509316115507,0.9535286501741584,0.659148100027725,1310118196805,3028248142601,1313118198003,3031248142809,1.0,,0.006494359830521868,73.2433415875503,58.28439869151851,276.21433738659147,58.91252015413358,724.1353593708977,797.8164944160908,unclassified,True,asphalt,False,False,False,False,False
w245122745_b3_A,50.0,car,motorcycle,245122745,3,True,,13.251910844217427,6.156280577112881,A,A,3,6,0.3391323443504412,0.9427367852554984,0.56543128326004,1314118198420,3032248142862,1316118199201,3037248143226,1.0,,0.023479180105114215,34.67230338873819,12.627445252469125,256.59869750091354,104.19504016428571,677.0252318888362,755.726458635319,unclassified,True,asphalt,False,False,False,False,False
w25626902_b0_A,50.0,car,motorcycle,25626902,0,True,,1.3079925180304945,0.1261432464635419,A,A,5,3,0.29979074077663703,0.9841958327783414,0.5431876266796751,1330118204566,3049248144164,1334118206024,3051248144268,,,0.0052995611962969305,20.596402311890305,91.33199845677291,267.41835219385166,113.83036318562755,553.3040162172035,635.3885310649683,unclassified,,asphalt,False,False,False,False,False
w25626902_b1_A,50.0,car,motorcycle,25626902,1,True,,4.6320613622007025,2.523241176971979,A,A,3,4,0.40419426311794143,0.9802709809255814,0.6294600120667849,1335118206389,3052248144320,1337118207118,3055248144580,,,0.006093741484600881,19.18384433728561,136.56283619594615,271.82966848516827,67.78753667266294,506.9635487686137,599.8896890071093,unclassified,,asphalt,False,False,False,False,False
w69488562_b0_B,50.0,car,motorcycle,69488562,0,True,,0.3465164069504919,0.0,B,B,4,3,0.3596789270053552,0.9505286028109836,0.5847094218045011,1367118217535,3080248146872,1370118218524,3082248147028,,,,18.909461169345587,58.09028673079974,330.4404215663967,50.50724966719963,224.912333579921,436.04678985080477,unclassified,,,False,False,False,False,False
w69488562_b1_B,50.0,car,motorcycle,69488562,1,False,only 1 samples in the sparser domain,2.7781826266022427,0.0,B,B,1,1,0.35957924336466757,0.9330023769498622,0.579213508786758,1366118217170,3079248146768,1366118217170,3079248146768,,,,6.27470882849209,27.853661559518994,357.2773006122465,20.271145335341185,255.1360087567425,466.28333986744235,unclassified,,,False,False,False,False,False
w695751889_b0_B,50.0,car,motorcycle,695751889,0,True,,0.3616263883563377,0.9390929288566383,B,B,4,3,0.7181557451695109,0.9755954221534985,0.8370361147409406,1207118151962,2953248137445,1210118153316,2955248137601,2.0,50.0,0.009084945944665307,7.263091793237526,101.5267956399904,989.3335519395647,15.247552303622262,1441.061096448598,1395.4731273052275,secondary,,asphalt,False,False,False,False,False
w711388111_b0_A,50.0,car,motorcycle,711388111,0,False,only 1 samples in the sparser domain,3.134704756331534,0.0,A,A,1,3,0.686328837901093,0.9014745251744977,0.7865799153680779,1356118213680,3071248145934,1356118213680,3073248146143,,,,5.239642388383004,4.643309938584522,342.10320426187764,21.20943868761235,302.4655288401646,504.3294198236308,unclassified,True,asphalt,False,False,False,False,False
w711388114_b0_A,50.0,car,motorcycle,711388114,0,False,only 1 samples in the sparser domain,2.1399841059757057,0.0,A,A,2,1,0.3425215627993903,0.8950091617642428,0.5536785500696778,1363118216128,3077248146559,1364118216493,3077248146559,,,0.00012705299473320266,10.789627465565266,1.0607082075980305,357.9893354420017,6.865368206793637,282.1061766409372,493.22566557046304,unclassified,True,,False,False,False,False,False
w711388115_b0_B,50.0,car,motorcycle,711388115,0,False,only 1 samples in the sparser domain,7.864564287246949,0.0,B,B,1,1,0.3479615083290119,0.916044459743569,0.5645779059694128,1365118216805,3078248146664,1365118216805,3078248146664,,,,2.339716604544957,13.720980850907127,370.19479912537764,6.196714509818133,269.2476322413756,480.4063437144282,unclassified,,,False,False,False,False,False
w716932550_b0_A,50.0,car,motorcycle,716932550,0,True,,2.2166094249291723,1.7771726282614964,A,A,5,4,0.274513127682702,0.8769121433779686,0.4906362147066074,1318118199982,3038248143278,1322118201545,3041248143486,,,0.0826722909297471,18.004567481960358,1.0017460618285636,248.7931300242428,126.4853534177438,654.4000968982355,736.1654787199277,unclassified,True,asphalt,True,False,False,False,False
w717148552_b0_A,50.0,car,motorcycle,717148552,0,True,,5.698580204571701,5.462115895459931,A,A,5,6,0.6478216823680994,0.9294549376610807,0.7759646006107097,1351118211858,3065248145361,1355118213316,3070248145882,2.0,,0.015034151557230672,11.750553116735015,26.361380129418535,335.11372111772044,41.95966001286888,317.6234423633189,503.9003099261684,unclassified,,asphalt,False,False,False,False,False
w717185016_b0_A,50.0,car,motorcycle,717185016,0,True,,2.9006808527300136,0.0,A,A,5,3,0.6079136925688271,0.9824228899572018,0.7728054908565422,1346118210139,3061248145049,1350118211545,3063248145205,2.0,,,16.47519830633781,86.97987312002927,304.00066853454575,29.87225421740511,373.21100872017195,525.9764805404858,unclassified,,asphalt,False,False,False,False,False
w717185017_b0_A,50.0,car,motorcycle,717185017,0,True,,9.37592339527382,0.0035072559724085295,A,A,4,3,0.47577968079191135,0.9902879695688392,0.6864101500222242,1338118207430,3056248144632,1341118208420,3058248144789,,,3.881993478588824e-06,30.943944471407434,167.34950524490807,276.776527339056,15.827951070840635,454.6516164467318,567.8953366190536,unclassified,,asphalt,False,False,False,False,False
w717185017_b1_A,50.0,car,motorcycle,717185017,1,True,,8.067326494693283,0.0,A,A,3,2,0.5388545206513328,0.9876673567144485,0.7295265725560194,1342118208785,3059248144841,1345118209774,3060248144945,,,3.881993478588824e-06,18.396255661004485,129.60490485228587,287.0808031035628,19.29290398774492,413.32080952838965,545.669671520369,unclassified,,asphalt,False,False,False,False,False
w718496900_b0_A,50.0,car,motorcycle,718496900,0,False,only 1 samples in the sparser domain,1.7188933427114703,0.08497982281397753,A,A,1,2,0.7135902594630246,0.5024073076957395,0.598759518550413,1357118214045,3074248146247,1357118214045,3075248146351,,,0.10921484734581514,15.647854417344567,0.48349337830984607,340.1419705795915,10.644806122908983,300.8230682498829,510.4231212017381,unclassified,True,asphalt,True,False,False,False,False
w72561441_b0_B,50.0,car,motorcycle,72561441,0,True,,4.201434710867156,0.0,B,B,3,3,0.7775405537151018,0.9846461036598756,0.874987015134006,1203118150087,2949248137028,1205118151024,2951248137237,2.0,50.0,0.000737950253281285,9.4265600771563,157.04091138846118,1043.8570542349592,43.232265277498776,1496.298618137818,1447.0303703393108,secondary,,asphalt,False,False,False,False,False
w72561441_b10_B,50.0,car,motorcycle,72561441,10,True,,2.8817980730142936,0.0,B,B,3,3,0.8939842352257005,0.9682580216001299,0.9303802485765387,1170118135452,2918248134268,1172118136337,2920248134424,2.0,50.0,0.0003241289120236372,12.89465675126251,638.0847661706475,1540.8168208554773,13.726617449945161,1987.651114519744,1908.2364795931544,secondary,,asphalt,False,False,False,False,False
w72561441_b11_B,50.0,car,motorcycle,72561441,11,True,,8.271647799235058,0.0,B,B,3,2,0.7694966849812427,0.9772830851207833,0.8671886151747407,1167118134150,2916248134059,1169118135035,2917248134164,2.0,50.0,0.0003241289120236372,38.148190526433304,598.2685336897869,1587.799665360686,53.81286577196223,2030.0017134625286,1945.7099515231512,secondary,,asphalt,False,False,False,False,False
w72561441_b1_B,50.0,car,motorcycle,72561441,1,True,,0.6555162986684769,0.0,B,B,4,4,0.7615751710312721,0.9955834694103981,0.8707534961124941,1199118148212,2945248136611,1202118149618,2948248136924,2.0,50.0,0.0006057146335319021,58.947133142117565,210.51302660898077,1098.4218401847224,97.96594545752278,1549.0594786531722,1494.8743203074657,secondary,,asphalt,False,False,False,False,False
w72561441_b2_B,50.0,car,motorcycle,72561441,2,True,,1.378970141813946,0.0,B,B,3,2,0.7486064647561065,0.992109751139105,0.8618003094976853,1196118146858,2943248136455,1198118147795,2944248136560,2.0,50.0,0.00020900777428375358,109.6262970984293,260.3967057607941,1148.969934310156,148.64505456632543,1597.959571653548,1539.4447615092863,secondary,,asphalt,False,False,False,False,False
w72561441_b3_B,50.0,car,motorcycle,72561441,3,True,,2.838928732586215,0.0,B,B,3,3,0.6960148102228739,0.9951903513364485,0.8322663176658499,1193118145504,2940248136195,1195118146389,2942248136351,2.0,50.0,0.0013198486924538278,132.44617442918815,304.7740571199521,1193.6954701069071,139.7168075454899,1641.3351714369085,1579.2380692857814,secondary,,asphalt,False,False,False,False,False
w72561441_b4_B,50.0,car,motorcycle,72561441,4,True,,2.285632171905426,0.0,B,B,3,3,0.6214780640565386,0.9814023472139316,0.7809737708829005,1190118144149,2937248135882,1192118145035,2939248136091,2.0,50.0,0.003876856331908394,86.94507878785573,357.531717311289,1245.976142408206,87.68867321391866,1693.3863910479924,1628.1368516348787,secondary,,asphalt,False,False,False,False,False
w72561441_b5_B,50.0,car,motorcycle,72561441,5,True,,7.124123990171082,0.0,B,B,3,3,0.5933015503770408,0.9946028109677693,0.7681792692832451,1187118142795,2934248135674,1189118143681,2936248135830,2.0,50.0,0.0007423967667359775,34.91445480638287,409.119655231402,1295.3495780919486,35.744714047644244,1745.409989212597,1679.208338943478,secondary,,asphalt,False,False,False,False,False
w72561441_b6_B,50.0,car,motorcycle,72561441,6,True,,0.6513363815697591,0.04155929159043126,B,B,4,3,0.5524868984161502,0.988669020239897,0.7390714989447738,1183118141077,2931248135414,1186118142379,2933248135570,2.0,50.0,0.00011943142783734527,15.944449985653607,458.6968204763644,1342.6404801650715,16.124323340838483,1795.4376003440645,1728.6389402840234,secondary,,asphalt,False,False,False,False,False
w72561441_b7_B,50.0,car,motorcycle,72561441,7,False,only 1 samples in the sparser domain,11.658291244686994,1.2256931156251056,B,B,1,3,0.5810852331847165,0.9886303361724251,0.75794359251084,1182118140608,2928248135205,1182118140608,2930248135362,2.0,50.0,0.0014033947635576042,64.03779470666308,507.2231618920339,1389.0922583988752,63.349912791036736,1844.285239874418,1776.8724062089314,secondary,,asphalt,False,False,False,False,False
w72561441_b8_B,50.0,car,motorcycle,72561441,8,True,,1.5748924424369293,0.0,B,B,4,4,0.7180896211273344,0.9776863154229853,0.8378940242199314,1176118138056,2924248134841,1179118139358,2927248135101,2.0,50.0,0.0048376567344644026,90.82017701256129,560.1188733840231,1441.2943066667335,90.68821292571772,1896.8882820685628,1827.4206519064628,secondary,,asphalt,False,False,False,False,False
w72561441_b9_B,50.0,car,motorcycle,72561441,9,True,,1.437418927650984,0.0,B,B,3,3,0.8619146977351311,0.9739370628942613,0.9162154054465296,1173118136754,2921248134528,1175118137639,2923248134736,2.0,50.0,0.0022404050128808973,45.068313146512416,608.6703067206569,1492.1855557010222,44.869267297061924,1943.6741375495264,1869.3130258085541,secondary,,asphalt,False,False,False,False,False
w72561466_b0_B,50.0,car,motorcycle,72561466,0,False,only 1 samples in the sparser domain,6.474242321962916,0.0,B,B,1,1,0.7794847961333683,0.983914439457847,0.8757547295067707,1206118151493,2952248137341,1206118151493,2952248137341,2.0,50.0,,4.854905614217804,127.95268513005357,1014.6435032708492,13.968511324699893,1467.4458732135254,1420.5511993434932,secondary,,asphalt,False,True,False,False,False
w72561505_b0_A,50.0,car,motorcycle,72561505,0,True,,6.073199568540432,5.0141249526630105,A,A,6,6,0.46071511852097574,0.9085416020525092,0.6469767011808532,1214118155139,2961248138122,1220118157951,2966248138539,2.0,50.0,0.0119016363819065,20.649559681813148,17.706922472310037,909.735338905868,9.420609596379194,1356.8156619605213,1315.1823617577977,secondary,True,asphalt,False,False,False,False,False
w862981944_b0_B,50.0,car,motorcycle,862981944,0,True,,1.6118385639205808,0.003849210584832008,B,B,6,5,0.6903840702645715,0.9303718147301934,0.801444870413971,1277118183160,3010248141611,1282118185243,3014248141872,2.0,50.0,0.003930180454950238,17.014254634621985,215.3977585296202,412.1650677931951,96.41302467286542,891.5118079453745,935.4991676269134,secondary,,asphalt,False,False,False,False,False
w862981944_b1_B,50.0,car,motorcycle,862981944,1,True,,0.006607981439104662,0.0020775434252584546,B,B,4,5,0.7553884192537478,0.987548278113062,0.8637028034807959,1273118181493,3005248141299,1276118182743,3009248141560,2.0,50.0,1.8028179128711194e-05,5.321356821801887,231.94399247973934,465.3611416138289,148.87762338112228,932.5008439175139,960.6928413936123,secondary,,asphalt,False,False,False,False,False
w862981944_b2_B,50.0,car,motorcycle,862981944,2,True,,0.25789438034208917,0.27435381913804235,B,B,5,4,0.7607426953083737,0.988003574510657,0.8669581894460336,1268118179410,3001248141039,1272118181076,3004248141247,2.0,50.0,0.0009936856940723877,5.421166795172473,257.3483910940721,517.2777802046248,200.33266580279403,974.2080525700653,988.2111087236167,secondary,,asphalt,False,False,False,False,False
w862981944_b3_B,50.0,car,motorcycle,862981944,3,True,,3.467198225145709,0.11774307587677413,B,B,4,6,0.7594485740743748,0.9794076837939728,0.8624440671109164,1264118177639,2995248140726,1267118178941,3000248140987,2.0,50.0,0.000717363985045366,8.793783154710745,276.2679300328828,565.5615602793133,248.48909123543982,1013.0714166073955,1014.4217654020009,secondary,,asphalt,False,False,False,False,False
w862981944_b4_B,50.0,car,motorcycle,862981944,4,True,,3.1848842990834108,0.6289732652028874,B,B,5,4,0.7046719907165938,0.9733164525085815,0.8281719882889274,1259118175451,2991248140466,1263118177222,2994248140622,2.0,50.0,0.0022936187809118767,6.344829548556862,236.53540253176968,619.806868462743,268.8636546824741,1057.8229946507086,1045.9714207918942,secondary,,asphalt,False,False,False,False,False
w862981944_b5_B,50.0,car,motorcycle,862981944,5,True,,1.146599405241646,0.5364488496169884,B,B,6,4,0.576104081257013,0.9840114613624374,0.7529229833751775,1253118172847,2987248140257,1258118175035,2990248140414,2.0,50.0,0.0021167094378748666,6.262717791243171,191.18375034539093,666.8500819486077,223.07532607907757,1099.4271163795524,1077.9053894289973,secondary,,asphalt,False,False,False,False,False
w862981944_b6_B,50.0,car,motorcycle,862981944,6,True,,3.8645565312968087,1.364388981026707,B,B,4,4,0.3697734618321373,0.9778591193150796,0.6013205066628461,1249118171128,2983248139945,1252118172431,2986248140153,2.0,50.0,0.004378358792804968,9.422293868627472,145.40824184152186,713.157206487392,176.09305706782166,1143.3832214082872,1114.2692000289035,secondary,,asphalt,False,False,False,False,False
w862981944_b7_B,50.0,car,motorcycle,862981944,7,True,,3.364327439217109,0.3260116439111158,B,B,3,4,0.33014760509583185,0.9725891712571118,0.566655085243815,1246118169826,2979248139632,1248118170660,2982248139841,2.0,50.0,0.0005048816241052446,19.865801227465305,97.9712722864514,758.1988092006955,129.17184652439317,1190.3466056181644,1156.4552411542968,secondary,,asphalt,False,False,False,False,False
w862981944_b8_B,50.0,car,motorcycle,862981944,8,True,,0.5967173379166203,0.0,B,B,2,3,0.33163351899436844,0.9651381436394022,0.5657492014053818,1244118168941,2976248139372,1245118169358,2978248139528,2.0,50.0,0.0005048816241052446,15.050916295706989,55.620846609164325,797.5746465338574,88.98476452017773,1232.6204466717875,1195.6134639826766,secondary,,asphalt,False,False,False,False,False
w862981953_b0_A,50.0,car,motorcycle,862981953,0,False,only 1 samples in the sparser domain,0.7190517478144014,0.0,A,A,1,1,0.40459553382340363,0.8579469401337252,0.5891701793502114,1362118215764,3076248146507,1362118215764,3076248146507,,,0.11072400576785572,15.709820913468292,1.133053554784922,349.06987276547096,5.80718333777222,289.49643346169216,500.4566407066992,unclassified,True,asphalt,True,False,False,False,False
