bin_key,bin_size_m,domain,recording_id,osm_way_id,bin_index,direction,n_samples,mean_heading_deg,mean_match_quality,mean_snap_distance_m,first_timestamp_ns,last_timestamp_ns,road_lanes,road_maxspeed_kph,curvature_1_per_m,distance_to_junction_m,distance_to_roundabout_m,distance_to_traffic_signals_m,distance_to_crossing_m,distance_to_stop_m,distance_to_give_way_m,road_class,road_oneway,road_surface,road_is_roundabout,road_bridge,road_tunnel,road_is_service,against_oneway
w1265232969_b0_A,50.0,car,car_2e84f0c3e245,1265232969,0,A,2,35.951258681462306,0.307879494349226,14.742965737836704,1394118226805,1406118230972,1.0,,0.0957392150578969,4.318890612167623,0.1164345574108034,165.44548703876677,4.318890612167623,5.754360970946552,181.866014410278,tertiary,True,asphalt,True,False,False,False,False
w1265232969_b1_A,50.0,car,car_2e84f0c3e245,1265232969,1,A,5,61.7095988531398,0.5159805543239371,6.134636388562262,1395118227170,1399118228524,1.0,,0.0955570139265125,6.594544495799563,0.2015999018700893,159.66170479987963,6.594544495799563,7.541602096942846,182.1352297326903,tertiary,True,asphalt,True,False,False,False,False
w1265232975_b0_A,50.0,car,car_2e84f0c3e245,1265232975,0,A,4,26.0556257985821,0.4079694156276229,13.091902919811906,1400118228889,1405118230607,1.0,,,2.102464800744292,2.177328931640644,166.56439799415946,2.102464800744292,3.9081390161214498,172.82069132411516,unclassified,True,asphalt,False,False,False,False,False
w137735208_b0_A,50.0,car,car_2e84f0c3e245,137735208,0,A,4,71.74858954353178,0.3959474199744481,20.147340058225797,1371118218837,1374118219878,,,1.7357681346948655e-05,17.213671925004935,108.28925851013892,287.8417748815758,100.71427239448612,174.7114256239232,385.8401882295085,unclassified,,asphalt,False,True,False,False,False
w137735208_b1_A,50.0,car,car_2e84f0c3e245,137735208,1,A,4,71.74858954353178,0.4582790403665515,16.987749352215292,1375118220243,1378118221232,,,1.7357681346948655e-05,22.070312588733284,134.78066724664578,247.60177878810583,123.1024687625562,123.00653773281064,334.1550523875295,unclassified,,asphalt,False,True,False,False,False
w137735208_b2_A,50.0,car,car_2e84f0c3e245,137735208,2,A,4,71.74858954353178,0.4556825675148002,18.061174651213463,1379118221597,1382118222639,,,1.7357681346948655e-05,27.92655131753825,90.39625853675962,214.2867332458609,77.34627212788376,74.37969392749162,285.5533122481599,unclassified,,asphalt,False,True,False,False,False
w137735208_b3_A,50.0,car,car_2e84f0c3e245,137735208,3,A,6,71.74858954353178,0.433442701788078,20.972105363905055,1383118223003,1388118224722,,,1.7357681346948655e-05,26.19484262588276,39.25235728589624,186.7947408920384,26.19484262588276,23.228263779943838,234.4398438888404,unclassified,,asphalt,False,True,False,False,False
w137735208_b4_A,50.0,car,car_2e84f0c3e245,137735208,4,A,1,71.64803487570697,0.4125823457375687,22.6443622039004,1389118225087,1389118225087,,,1.7357681346948655e-05,0.859292682108144,13.933653139033243,176.52704898988438,0.859292682108144,2.1072899065060264,209.129008756086,unclassified,,asphalt,False,True,False,False,False
w137735210_b0_A,50.0,car,car_2e84f0c3e245,137735210,0,A,3,73.20789798722262,0.3213888968708502,22.46170520861071,1390118225399,1392118226128,,,,2.2940872990280123,5.556703796300051,173.7750244278199,7.638688134821635,10.604500427575555,200.6340209591896,unclassified,,,False,True,False,False,False
w22868496_b0_B,50.0,car,car_2e84f0c3e245,22868496,0,B,3,96.86799432263788,0.6578906350929491,15.251377039261511,1211118153785,1213118154670,2.0,50.0,0.0009865903751113,6.80437910819454,56.791515010172304,948.1393450222198,10.637222627427793,1396.2645382531357,1351.889102802092,secondary,,asphalt,False,False,False,False,False
w23064623_b1_A,50.0,car,car_2e84f0c3e245,23064623,1,A,7,144.49311272321353,0.4445926574254929,3.259134138519085,1221118158420,1233118164045,2.0,50.0,0.0387013076214001,36.34650156307953,1.9635793741648024,881.4792637968995,21.68490872164281,1331.9004075376918,1294.784612605804,secondary,True,asphalt,True,False,False,False,False
w23064623_b1_B,50.0,car,car_2e84f0c3e245,23064623,1,B,4,324.82970641516886,0.4299368888754791,6.012707135605654,1226118160764,1229118162170,2.0,50.0,0.0386778990160977,35.22338260976808,2.033784001727708,880.7446725197246,22.508407654243797,1331.5208171042875,1294.6771717659706,secondary,True,asphalt,True,False,False,False,True
w23064623_b2_A,50.0,car,car_2e84f0c3e245,23064623,2,A,5,95.56475623074658,0.5776598011798567,2.819463273783253,1234118164514,1238118166337,2.0,50.0,0.0387006308882184,27.18385738658618,1.5070026371720284,861.0852075481822,41.97136439749467,1312.8573147032243,1278.456187015972,secondary,True,asphalt,True,False,False,False,False
w23064624_b0_A,50.0,car,car_2e84f0c3e245,23064624,0,A,2,79.51342375234816,0.4085343183320964,19.0389405682233,1241118167639,1242118168056,1.0,50.0,0.0139336359485008,28.492116239295125,9.90402019302463,838.2945253134325,55.73592065999969,1279.4666612585438,1241.386903580814,secondary,True,asphalt,False,False,False,False,False
w245122745_b0_A,50.0,car,car_2e84f0c3e245,245122745,0,A,4,93.14160806616472,0.3357641950758609,24.930789962080517,1299118192431,1305118194826,1.0,,0.0119117944804158,23.470066889361323,153.4991026782066,353.7967100287243,39.97163867242023,819.8132616912958,873.3624492056134,unclassified,True,asphalt,False,False,False,False,False
w245122745_b1_A,50.0,car,car_2e84f0c3e245,245122745,1,A,4,102.09104594311115,0.3985431244672043,22.784595828215984,1306118195191,1309118196441,1.0,,0.0004061345824248,75.03139022784842,102.89730069514,311.83038012932064,15.093703601878914,769.5639800463954,833.0148539746556,unclassified,True,asphalt,False,False,False,False,False
w245122745_b2_A,50.0,car,car_2e84f0c3e245,245122745,2,A,4,95.11073041398488,0.4556509316115507,20.308399448874628,1310118196805,1313118198003,1.0,,0.0091707700513088,71.78576127281083,56.340626638200135,274.73918416743936,60.98181196766899,722.1177940002277,796.2416990857321,unclassified,True,asphalt,False,False,False,False,False
w245122745_b3_A,50.0,car,car_2e84f0c3e245,245122745,3,A,3,76.455960389971,0.3391323443504412,25.05267570024968,1314118198420,1316118199201,1.0,,0.0121863870596274,45.32978733117907,25.41639282711782,259.1912260218381,91.93549396544476,690.0734522219828,768.3174330615296,unclassified,True,asphalt,False,False,False,False,False
w25626902_b0_A,50.0,car,car_2e84f0c3e245,25626902,0,A,5,84.91343013421694,0.299790740776637,25.557386557959425,1330118204566,1334118206024,,,0.0053174654986753,19.699125951989625,92.49160325221536,267.4155040101638,112.56592085757916,552.0562417394895,634.6128453495884,unclassified,,asphalt,False,False,False,False,False
w25626902_b1_A,50.0,car,car_2e84f0c3e245,25626902,1,A,3,101.56078461499972,0.4041942631179414,21.869079263787253,1335118206389,1337118207118,,,0.0060937414846008,17.497616385116586,141.00116047424015,272.1273241325948,63.193023420875285,502.3674437613648,596.5071362911797,unclassified,,asphalt,False,False,False,False,False
w69488562_b0_B,50.0,car,car_2e84f0c3e245,69488562,0,B,4,73.9001345793111,0.3596789270053552,23.588547542502376,1367118217535,1370118218524,,,,19.27891570025925,58.43679539842052,330.1390710465811,50.85375905821182,224.5660356258323,435.700302909014,unclassified,,,False,False,False,False,False
w69488562_b1_B,50.0,car,car_2e84f0c3e245,69488562,1,B,1,73.9001345793111,0.3595792433646675,23.509328720865117,1366118217170,1366118217170,,,,9.052891455094333,30.631439958524147,354.7839761895663,23.048751093206597,252.35903362296415,463.505351943481,unclassified,,,False,False,False,False,False
w695751889_b0_B,50.0,car,car_2e84f0c3e245,695751889,0,B,4,98.73032225010478,0.7181557451695109,9.954578442696077,1207118151962,1210118153316,2.0,50.0,0.0090849459446653,6.235737949662362,101.75277832867933,989.6482915689602,14.833952688230344,1441.2808019343452,1395.61705652353,secondary,,asphalt,False,False,False,False,False
w711388110_b0_A,50.0,car,car_2e84f0c3e245,711388110,0,A,3,160.19158019428423,0.6235390077195461,2.361871028115325,1358118214357,1360118215087,,,0.0043613494028155,9.529229163679677,4.91418443977163,339.4096259454536,3.229661056128066,298.7239078002496,509.5755733395392,unclassified,True,asphalt,False,False,False,False,False
w711388111_b0_A,50.0,car,car_2e84f0c3e245,711388111,0,A,1,136.92865499320456,0.686328837901093,11.566034403072136,1356118213680,1356118213680,,,,8.37434714471411,2.0677359597634064,342.4117411623112,18.17564559536976,301.0384946365301,505.2768813533943,unclassified,True,asphalt,False,False,False,False,False
w711388114_b0_A,50.0,car,car_2e84f0c3e245,711388114,0,A,2,59.47924131333558,0.3425215627993903,22.41840628018473,1363118216128,1364118216493,,,0.0001270529947332,8.64964353139379,3.131506336198808,360.12373864250685,4.72538410081754,280.0177998214082,491.14586511398113,unclassified,True,,False,False,False,False,False
w711388115_b0_B,50.0,car,car_2e84f0c3e245,711388115,0,B,1,76.89974598294765,0.3479615083290119,23.724345949954923,1365118216805,1365118216805,,,,0.0,21.580248673192912,362.9238644067351,13.99858192455398,261.40808480893776,472.5576173712391,unclassified,,,False,False,False,False,False
w716932550_b0_A,50.0,car,car_2e84f0c3e245,716932550,0,A,5,79.00982888499894,0.274513127682702,27.059138249509463,1318118199982,1322118201545,,,0.0830609529692545,15.181529990424464,0.3875940575139469,246.82057564152157,128.3142563384084,652.7987309575185,735.5107475907618,unclassified,True,asphalt,True,False,False,False,False
w717148552_b0_A,50.0,car,car_2e84f0c3e245,717148552,0,A,5,109.99949346033992,0.6478216823680994,17.943943520806375,1351118211858,1355118213316,2.0,,0.0150341515572306,9.712621304682669,31.92846582775333,332.02827986389303,46.145271994000446,322.73249988359305,505.73158341924346,unclassified,,asphalt,False,False,False,False,False
w717185016_b0_A,50.0,car,car_2e84f0c3e245,717185016,0,A,5,101.90141943446044,0.6079136925688271,18.591958857076257,1346118210139,1350118211545,2.0,,,14.840615956623342,84.10527031900034,305.4560722694196,32.67688088997454,370.5132980598991,524.7594654777533,unclassified,,asphalt,False,False,False,False,False
w717185017_b0_A,50.0,car,car_2e84f0c3e245,717185017,0,A,4,103.82225770705313,0.4757796807919113,19.67176385889179,1338118207430,1341118208420,,,3.881993478588824e-06,23.010383211596128,169.5662758758287,275.35226414791856,22.694380305938346,463.5473487431622,572.9438059685626,unclassified,,asphalt,False,False,False,False,False
w717185017_b1_A,50.0,car,car_2e84f0c3e245,717185017,1,A,3,103.81173593912274,0.5388545206513328,18.871536771678528,1342118208785,1345118209774,,,3.881993478588824e-06,26.46358215569768,137.65631433983123,284.9064333569562,13.411936325044922,420.9092530450321,549.6560582434599,unclassified,,asphalt,False,False,False,False,False
w718496900_b0_A,50.0,car,car_2e84f0c3e245,718496900,0,A,1,145.85176654084094,0.7135902594630246,5.75229380475211,1357118214045,1357118214045,,,0.1092148473458151,15.647854417344568,0.483493378309846,340.1419705795915,10.644806122908983,300.8230682498829,510.4231212017381,unclassified,True,asphalt,True,False,False,False,False
w72561441_b0_B,50.0,car,car_2e84f0c3e245,72561441,0,B,3,112.49484337688568,0.7775405537151018,4.882113276761573,1203118150087,1205118151024,2.0,50.0,0.0007379502532812,12.08109566315994,161.1503878097367,1048.0347328558337,47.428669010112685,1500.368774357028,1450.7314432990167,secondary,,asphalt,False,False,False,False,False
w72561441_b10_B,50.0,car,car_2e84f0c3e245,72561441,10,B,3,130.00592093064117,0.8939842352257005,6.901857796358327,1170118135452,1172118136337,2.0,50.0,0.0003241289120236,10.751371576497446,640.8987719941232,1538.0325833963714,10.95237889952862,1985.146464761062,1906.025703557298,secondary,,asphalt,False,False,False,False,False
w72561441_b11_B,50.0,car,car_2e84f0c3e245,72561441,11,B,3,130.67980490542465,0.7694966849812427,7.292832355618125,1167118134150,1169118135035,2.0,50.0,0.0003241289120236,33.09466537044481,606.5401765884125,1579.7976818789818,45.54375035115234,2022.7818664995584,1939.3095878578745,secondary,,asphalt,False,False,False,False,False
w72561441_b1_B,50.0,car,car_2e84f0c3e245,72561441,1,B,4,113.74646637123487,0.7615751710312721,5.31837882938807,1199118148212,1202118149618,2.0,50.0,0.0007379502532812,58.29161684344884,209.86546531484765,1097.7679644903665,97.31042937281856,1548.4264696304708,1494.2961074322309,secondary,,asphalt,False,False,False,False,False
w72561441_b2_B,50.0,car,car_2e84f0c3e245,72561441,2,B,3,113.74646637123487,0.7486064647561065,5.608905685119873,1196118146858,1198118147795,2.0,50.0,0.0002090077742837,111.00526724024331,261.76235182748854,1150.34567834422,150.0240241427845,1599.293425063309,1540.6687456265718,secondary,,asphalt,False,False,False,False,False
w72561441_b3_B,50.0,car,car_2e84f0c3e245,72561441,3,B,3,113.38334704188024,0.6960148102228739,7.345913634380999,1193118145504,1195118146389,2.0,50.0,0.0013198486924538,132.95011593566014,307.586934543459,1196.527522303043,136.9400137374922,1644.0834107401172,1581.7634986459973,secondary,,asphalt,False,False,False,False,False
w72561441_b4_B,50.0,car,car_2e84f0c3e245,72561441,4,B,3,102.70551037559004,0.6214780640565386,11.635799946726271,1190118144149,1192118145035,2.0,50.0,0.0038768563319083,89.22773855120862,355.2577768350936,1243.7851461732018,89.96690426586413,1691.1012132194628,1625.9121540104122,secondary,,asphalt,False,False,False,False,False
w72561441_b5_B,50.0,car,car_2e84f0c3e245,72561441,5,B,3,96.81335255483803,0.5933015503770408,14.02219211273525,1187118142795,1189118143681,2.0,50.0,0.0007423967667359,42.03857879655365,402.078443724368,1288.6439188697666,42.85037605511163,1738.2935171555348,1672.1755841345046,secondary,,asphalt,False,False,False,False,False
w72561441_b6_B,50.0,car,car_2e84f0c3e245,72561441,6,B,4,97.18738565438906,0.5524868984161502,16.345637199105035,1183118141077,1186118142379,2.0,50.0,0.0001194314278373,19.074525945264693,458.0554530137165,1342.0332297230275,18.91754281974209,1794.7875588257907,1727.9948552318183,secondary,,asphalt,False,False,False,False,False
w72561441_b7_B,50.0,car,car_2e84f0c3e245,72561441,7,B,1,97.3120625670852,0.5810852331847165,17.23358969343778,1182118140608,1182118140608,2.0,50.0,0.0014033947635576,52.37953855688209,495.6366860722765,1377.9822748513136,51.69751164561784,1832.632966688508,1765.3681296011823,secondary,,asphalt,False,False,False,False,False
w72561441_b8_B,50.0,car,car_2e84f0c3e245,72561441,8,B,4,116.28169831957337,0.7180896211273344,3.1068915557937844,1176118138056,1179118139358,2.0,50.0,0.0060153345797804,91.38422489471232,558.5593565760638,1439.721394638059,91.23828267605964,1895.35065803748,1825.975225266493,secondary,,asphalt,False,False,False,False,False
w72561441_b9_B,50.0,car,car_2e84f0c3e245,72561441,9,B,3,128.6580597382807,0.8619146977351311,4.817501145392521,1173118136754,1175118137639,2.0,50.0,0.0022404050128808,43.63089421886127,609.9945177551518,1493.5832749675817,43.43242385706213,1944.937491592464,1870.429172024289,secondary,,asphalt,False,False,False,False,False
w72561466_b0_B,50.0,car,car_2e84f0c3e245,72561466,0,B,1,106.7610032365862,0.7794847961333683,5.569195221946391,1206118151493,1206118151493,2.0,50.0,,3.20740881720251,134.37398793814697,1020.9848970014076,20.253748040000705,1473.8362482615871,1426.4948961025311,secondary,,asphalt,False,True,False,False,False
w72561505_b0_A,50.0,car,car_2e84f0c3e245,72561505,0,A,6,119.79178753691926,0.4607151185209757,8.132874712977795,1214118155139,1220118157951,2.0,50.0,0.016629534654635,26.67764218411737,13.565045413052026,903.6635199249062,11.270212015191412,1351.302548125582,1310.545405755112,secondary,True,asphalt,False,False,False,False,False
w862981944_b0_B,50.0,car,car_2e84f0c3e245,862981944,0,B,6,130.83518594376133,0.6903840702645715,5.820562458611384,1277118183160,1282118185243,2.0,50.0,0.0032776009049798,15.93848054963734,215.88368395812316,413.7765566819549,97.99910805447536,892.737739724013,936.2358365139044,secondary,,asphalt,False,False,False,False,False
w862981944_b1_B,50.0,car,car_2e84f0c3e245,862981944,1,B,4,126.87758898474482,0.7553884192537478,7.749540340021107,1273118181493,1276118182743,2.0,50.0,1.578826984720592e-05,3.710095612819946,231.78775826845276,465.3677404397207,148.876288618344,932.4863079215168,960.6578909711128,secondary,,asphalt,False,False,False,False,False
w862981944_b2_B,50.0,car,car_2e84f0c3e245,862981944,2,B,5,127.5900940445267,0.7607426953083737,6.791486301932518,1268118179410,1272118181076,2.0,50.0,0.0005220211643075,5.399153853652745,257.6288391203572,517.532096338839,200.5936917907542,974.4117620041384,988.3598800544336,secondary,,asphalt,False,False,False,False,False
w862981944_b3_B,50.0,car,car_2e84f0c3e245,862981944,3,B,4,129.24624732026783,0.7594485740743748,7.320054795192892,1264118177639,1267118178941,2.0,50.0,0.0007791925813787,10.114988339242576,277.9697634170724,569.0256738719712,251.95200448976303,1015.8303112117676,1016.2666678345914,secondary,,asphalt,False,False,False,False,False
w862981944_b4_B,50.0,car,car_2e84f0c3e245,862981944,4,B,5,125.80222159107002,0.7046719907165938,9.697380488743324,1259118175451,1263118177222,2.0,50.0,0.0019207144704344,6.204116899845575,239.57693152535467,616.6223303542147,270.2485974689892,1055.1236017040112,1043.9990163408424,secondary,,asphalt,False,False,False,False,False
w862981944_b5_B,50.0,car,car_2e84f0c3e245,862981944,5,B,6,120.25869024914118,0.576104081257013,13.060727537364931,1253118172847,1258118175035,2.0,50.0,0.0022194836003355,7.512422391074874,190.0663956530325,667.9731412101261,221.92969972839947,1100.5136421251173,1078.8197263385778,secondary,,asphalt,False,False,False,False,False
w862981944_b6_B,50.0,car,car_2e84f0c3e245,862981944,6,B,4,111.1798940080382,0.3697734618321373,24.04986819434852,1249118171128,1252118172431,2.0,50.0,0.0043783587928049,12.036533188104592,141.58585739879052,716.8745085784711,172.2434596414786,1147.1357645538671,1117.5466662204872,secondary,,asphalt,False,False,False,False,False
w862981944_b7_B,50.0,car,car_2e84f0c3e245,862981944,7,B,3,102.7046449015736,0.3301476050958318,25.5987144046411,1246118169826,1248118170660,2.0,50.0,0.0005048816241052,20.115804348469958,94.61300691195504,761.3103965083565,125.91152394017944,1193.6916814292672,1159.5343121489216,secondary,,asphalt,False,False,False,False,False
w862981944_b8_B,50.0,car,car_2e84f0c3e245,862981944,8,B,2,102.7046449015736,0.3316335189943684,25.004973417195195,1244118168941,1245118169358,2.0,50.0,0.0005048816241052,15.062692515101697,56.21305657114205,797.0180483705454,89.52109643914613,1232.0263423159406,1195.0606353657845,secondary,,asphalt,False,False,False,False,False
w862981949_b0_B,50.0,car,car_2e84f0c3e245,862981949,0,B,9,139.82511460949144,0.4944828823155529,5.017483749366403,1283118185712,1291118189097,2.0,,,11.325517843725846,201.43037991719973,376.9158777415755,60.90082264539748,868.0994246753501,924.2317241863688,secondary,,asphalt,False,False,False,False,False
w862981953_b0_A,50.0,car,car_2e84f0c3e245,862981953,0,A,1,57.08102402621482,0.4045955338234036,13.815404638973574,1362118215764,1362118215764,,,0.1107240057678557,16.26490054498632,0.4140018069705207,349.78880289814566,6.428873438636988,288.79735673785353,499.7625749225567,unclassified,True,asphalt,True,False,False,False,False
w1214300216_b0_A,50.0,motorcycle,motorcycle_5ab8604a14df,1214300216,0,A,2,119.91699611591196,0.9640696799689484,2.9218967670150238,2660248131507,2661248131507,2.0,50.0,9.370460645555244e-06,27.67803076972925,649.0130993011107,648.3445901541807,636.3149177632364,6056.647444673227,3274.821998390135,primary,,asphalt,False,False,False,False,False
w1214300216_b1_A,50.0,motorcycle,motorcycle_5ab8604a14df,1214300216,1,A,3,119.91699611591196,0.96074053106096,2.541304092752044,2662248131455,2664248131403,2.0,50.0,9.370460645555244e-06,73.6516003157776,694.9792393645084,602.3710418568887,590.4478044578918,6010.702197737605,3294.685075672651,primary,,asphalt,False,False,False,False,False
w1214300216_b2_A,50.0,motorcycle,motorcycle_5ab8604a14df,1214300216,2,A,4,119.91699611591196,0.9725615400161084,1.6447513541554004,2665248131351,2668248131247,2.0,50.0,9.370460645555244e-06,123.26442915342002,744.580254055234,552.7582398278922,540.9696892768591,5961.12041129812,3316.687414939804,primary,,asphalt,False,False,False,False,False
w1214300216_b3_A,50.0,motorcycle,motorcycle_5ab8604a14df,1214300216,3,A,4,119.91699611591196,0.9594079661132058,2.710748517015152,2669248131195,2672248131039,2.0,50.0,9.370460645555244e-06,172.10633873227266,793.4028033564333,503.91636187846655,492.2873074091966,5912.309576101439,3338.9325119371438,primary,,asphalt,False,False,False,False,False
w1214300216_b4_A,50.0,motorcycle,motorcycle_5ab8604a14df,1214300216,4,A,4,119.91699611591196,0.9675966938949496,2.3445048897637832,2673248130986,2676248130882,2.0,50.0,9.370460645555244e-06,169.72890394175326,848.6662797771577,448.6334268324392,437.2278419807728,5857.062391479184,3364.785880012714,primary,,asphalt,False,False,False,False,False
w1214300216_b5_A,50.0,motorcycle,motorcycle_5ab8604a14df,1214300216,5,A,4,119.91699611591196,0.9756890589874688,1.755598274900925,2677248130882,2680248130778,2.0,50.0,9.370460645555244e-06,116.53385406614922,901.8447865901996,395.4384308081056,384.307218692274,5803.902415797322,3390.315841867267,primary,,asphalt,False,False,False,False,False
w1214300216_b6_A,50.0,motorcycle,motorcycle_5ab8604a14df,1214300216,6,A,5,119.91699611591196,0.9779107594247352,1.4506345213058849,2681248130726,2685248130622,2.0,50.0,9.370460645555244e-06,72.37079523469602,945.995547949058,351.2754292773937,340.43805077375026,5759.768975233226,3412.00336728002,primary,,asphalt,False,False,False,False,False
w1214300216_b7_A,50.0,motorcycle,motorcycle_5ab8604a14df,1214300216,7,A,5,119.91699611591196,0.9770184706586652,1.481026953096821,2686248130622,2690248130466,2.0,50.0,9.370460645555244e-06,27.242215518395728,991.112698018878,306.14692534704096,295.7010244367975,5714.671135877652,3434.6118972956706,primary,,asphalt,False,False,False,False,False
w1214300216_b8_A,50.0,motorcycle,motorcycle_5ab8604a14df,1214300216,8,A,4,119.79874546011098,0.976887196039542,1.7818939487926964,2691248130414,2694248130309,2.0,50.0,9.370460645555244e-06,10.836254747297184,1038.0070519661654,259.240908928824,249.35821630821948,5667.796053637132,3458.61020122425,primary,,asphalt,False,False,False,False,False
w1265232969_b0_A,50.0,motorcycle,motorcycle_5ab8604a14df,1265232969,0,A,2,308.9452408780569,0.655105129208133,2.3042745131847124,3100248148851,3101248148955,1.0,,0.0957039312866997,6.321348034032258,1.1753962446480162,172.71430442034887,6.321348034032258,8.026127925631029,176.3178200523525,tertiary,True,asphalt,True,False,False,False,False
w1265232972_b0_A,50.0,motorcycle,motorcycle_5ab8604a14df,1265232972,0,A,1,316.8684466198816,0.8227425697989663,6.817122455272634,3102248149059,3102248149059,1.0,,,6.568112482930748,0.8521467412238528,179.74316299965952,6.568112482930748,10.71240765513993,183.468820907939,tertiary,True,asphalt,False,False,False,False,False
w1265232973_b0_A,50.0,motorcycle,motorcycle_5ab8604a14df,1265232973,0,A,1,118.60555317631466,0.6979805533945808,0.3326954390712301,3097248148486,3097248148486,1.0,,,3.414212336736319,0.301758703161942,169.84942372145414,13.245385372445703,15.427317857037531,195.2115006181699,unclassified,True,asphalt,False,False,False,False,False
w1265232977_b0_A,50.0,motorcycle,motorcycle_5ab8604a14df,1265232977,0,A,4,344.0228868289656,0.9038171843122984,5.613366041503134,3103248149164,3106248149528,,,0.0001880758251641,19.986301118148745,29.6875438009013,208.9014490482823,23.293476927542653,18.852603945999096,191.2739535087348,tertiary,,,False,False,False,False,False
w1265232977_b1_A,50.0,motorcycle,motorcycle_5ab8604a14df,1265232977,1,A,2,345.0847117103904,0.9693952923285756,2.38000511682163,3107248149632,3108248149737,,,0.0007173764892545,13.204396883291652,84.52767978883742,262.85070429034926,78.13827518980943,73.69742688049513,209.82524111341172,tertiary,,,False,False,False,False,False
w1265232977_b2_A,50.0,motorcycle,motorcycle_5ab8604a14df,1265232977,2,A,2,346.1493750752852,0.9604599258176842,2.6614358747318145,3109248149841,3110248149893,,,0.0004337527318076,24.37363511959944,138.50054151907625,316.05054416762323,122.9371605624356,127.67725515390006,207.2735981328738,tertiary,,,False,False,False,False,False
w1265232977_b3_A,50.0,motorcycle,motorcycle_5ab8604a14df,1265232977,3,A,1,348.2926116846518,0.9597572758076812,3.0567834407069188,3111248149997,3111248149997,,,0.0009853103302789,68.04425343663034,182.13302405080424,359.060318342648,116.2489208373792,171.3177925019887,163.75934782114987,tertiary,,,False,False,False,False,False
w1265232977_b4_A,50.0,motorcycle,motorcycle_5ab8604a14df,1265232977,4,A,2,350.9480067982207,0.9633706823962068,2.750798757887001,3112248150101,3113248150205,,,0.000688396170104,96.62148149933309,148.648083178792,400.3005603588689,106.42605739740648,213.22693100787396,121.8621553984267,tertiary,,,False,False,False,False,False
w1265232977_b5_A,50.0,motorcycle,motorcycle_5ab8604a14df,1265232977,5,A,3,352.59680394183846,0.9805989773091114,1.2438371542806672,3114248150309,3116248150518,,,0.000439519747187,62.24557841652904,88.40689903524593,459.726318847336,67.05043336320453,273.6864342413591,61.298960295207074,tertiary,,,False,False,False,False,False
w1265232977_b6_A,50.0,motorcycle,motorcycle_5ab8604a14df,1265232977,6,A,3,352.9698641861516,0.902475862234338,2.53004041856671,3117248150622,3119248150830,,,0.0011539234990178,10.78091800114546,35.65145363705725,507.0154516546149,13.58219879199841,327.687735439706,12.61000490656726,tertiary,,,False,False,False,False,False
w1283410827_b0_A,50.0,motorcycle,motorcycle_5ab8604a14df,1283410827,0,A,5,94.47010242495811,0.83286305830385,6.341344701257652,2354248122914,2358248123747,,,0.0294218089036169,71.61539435950304,2.099970191657828,1844.3693613389053,34.818176778935346,10901.548688350416,5234.651126140012,primary,True,,True,False,False,False,False
w1283410827_b1_A,50.0,motorcycle,motorcycle_5ab8604a14df,1283410827,1,A,1,15.583726850091548,0.4898225358736148,5.47015340372667,2359248123955,2359248123955,,,0.0425023596908355,54.100718396987176,1.0046700101364672,1842.1878978610548,60.39752891792023,10884.930796933842,5241.190608641044,primary,True,,True,False,False,False,False
w1298332694_b0_B,50.0,motorcycle,motorcycle_5ab8604a14df,1298332694,0,B,2,122.44512068759634,0.9719021571070616,1.2114981431222416,2632248132497,2633248132445,2.0,50.0,,24.05836803014589,129.06910774111898,1168.5109980882771,320.3219182958089,6576.428867288957,3091.9567341702714,primary,,asphalt,False,False,False,False,False
w1298332694_b1_B,50.0,motorcycle,motorcycle_5ab8604a14df,1298332694,1,B,3,122.44512068759634,0.9545817801379224,3.015021625739088,2629248132653,2631248132549,2.0,50.0,,44.331929514005736,82.38149577514726,1215.1889136902676,273.61903034910324,6623.0132629833615,3081.073536015744,primary,,asphalt,False,False,False,False,False
w1298332694_b2_B,50.0,motorcycle,motorcycle_5ab8604a14df,1298332694,2,B,1,122.44512068759634,0.9501984639611128,3.855927759701191,2628248132705,2628248132705,2.0,50.0,,14.326269176448664,47.90507295549434,1249.691045941172,239.1034611951735,6657.445619743532,3073.416735271664,primary,,asphalt,False,False,False,False,False
w1310475486_b0_A,50.0,motorcycle,motorcycle_5ab8604a14df,1310475486,0,A,3,103.40889901308672,0.8693859145769314,3.265242963124727,2622248133070,2624248132966,2.0,50.0,0.0353341893443084,35.86046531975716,2.043143802629283,1316.7379484819012,172.9283667076493,6724.885162734058,3043.314227675297,primary,True,asphalt,True,False,False,False,False
w1310475486_b3_A,50.0,motorcycle,motorcycle_5ab8604a14df,1310475486,3,A,1,160.93512114798415,0.7997363082381528,0.4111105084032452,2620248133174,2620248133174,2.0,50.0,0.0355536830780817,39.379327491297495,2.205665456308232,1343.489441698822,145.87726875755925,6751.521541914408,3040.69388566443,primary,True,asphalt,True,False,False,False,False
w1310475487_b0_A,50.0,motorcycle,motorcycle_5ab8604a14df,1310475487,0,A,3,113.72810662277271,0.9398196602326522,3.080754369563006,2625248132914,2627248132810,1.0,50.0,0.0001942578040684,18.18373827955903,17.066082119194025,1282.073102561744,206.7497269104779,6689.8592374789005,3063.916179759068,primary,True,asphalt,False,False,False,False,False
w1310475488_b0_A,50.0,motorcycle,motorcycle_5ab8604a14df,1310475488,0,A,7,125.71495622579629,0.9307087744869496,2.0420634957887858,2613248133487,2619248133226,1.0,50.0,,20.558464467043542,12.01157886296698,1361.4974515932342,127.45082351395637,6769.326226130263,3042.8077768860644,primary,True,asphalt,False,False,False,False,False
w1340044076_b0_A,50.0,motorcycle,motorcycle_5ab8604a14df,1340044076,0,A,3,118.22623831642456,0.938071043067592,1.3654448464288311,2271248155466,2273248154164,2.0,50.0,0.0057440471976054,18.82723234844877,116.84621564130926,2079.5382557975736,787.2837387492532,11397.823010537291,4949.000486784927,primary,True,asphalt,False,False,False,False,False
w1340044076_b1_A,50.0,motorcycle,motorcycle_5ab8604a14df,1340044076,1,A,3,99.28382284470771,0.9670166068603506,1.9766840146346043,2274248153538,2276248152236,2.0,50.0,0.0059205740489152,70.72104545342967,64.85551048136313,2028.5174968668496,735.9248809623181,11346.550622741326,4914.227608491016,primary,True,asphalt,False,False,False,False,False
w1340044076_b2_A,50.0,motorcycle,motorcycle_5ab8604a14df,1340044076,2,A,3,116.9936290551155,0.9152184545850944,2.496540945121589,2277248151559,2279248150257,2.0,50.0,0.019783885105631,112.74224468372324,22.18636321207798,1987.6354824384107,694.6709753143095,11305.296309175375,4889.271955196,primary,True,asphalt,False,False,False,False,False
w137735208_b0_A,50.0,motorcycle,motorcycle_5ab8604a14df,137735208,0,A,3,71.74858954353178,0.9651539867229656,2.787298628513984,3083248147132,3085248147289,,,1.7357681346948655e-05,17.486531750815,111.175871033762,285.5207002225153,103.60161533991396,171.8233254331842,382.9530855702978,unclassified,,asphalt,False,True,False,False,False
w137735208_b1_A,50.0,motorcycle,motorcycle_5ab8604a14df,137735208,1,A,2,71.74858954353178,0.9684388245639186,2.310737689359088,3086248147393,3087248147497,,,1.7357681346948655e-05,23.48142219229106,139.84831406215216,248.1094869398113,126.80000127229972,123.8334231448504,334.9814272934542,unclassified,,asphalt,False,True,False,False,False
w137735208_b2_A,50.0,motorcycle,motorcycle_5ab8604a14df,137735208,2,A,4,71.74858954353178,0.9769529245233292,1.7939477821678231,3088248147601,3091248147862,,,1.7357681346948655e-05,30.41595499218172,88.59630190389755,213.3726432644793,75.54612830446113,72.57955009450585,283.7545716028053,unclassified,,asphalt,False,True,False,False,False
w137735208_b3_A,50.0,motorcycle,motorcycle_5ab8604a14df,137735208,3,A,4,71.74858954353178,0.976190825975266,1.2890911433808732,3092248147966,3095248148278,,,1.7357681346948655e-05,20.531515884688805,33.591259683046715,184.25596698084271,20.531515884688805,17.564936530105303,228.7815637602858,unclassified,,asphalt,False,True,False,False,False
w137735210_b0_A,50.0,motorcycle,motorcycle_5ab8604a14df,137735210,0,A,1,73.20789798722262,0.9243711715412488,1.213114958726989,3096248148382,3096248148382,,,,5.037345736976883,8.074974002032539,174.5727476458193,5.037345736976883,8.003236423450321,203.2346767322753,unclassified,,,False,True,False,False,False
w1396640493_b0_A,50.0,motorcycle,motorcycle_5ab8604a14df,1396640493,0,A,1,177.20325097141867,0.6954981650976451,10.26274418420769,2282248148278,2282248148278,,,0.0159586735251826,100.95895073951424,0.0,1951.265517201496,658.9120500264427,11269.464277583776,4849.704948553523,secondary,True,,False,False,False,False,False
w1396640495_b0_A,50.0,motorcycle,motorcycle_5ab8604a14df,1396640495,0,A,4,30.885615439193757,0.962108032285608,1.316571823739179,2291248142237,2294248140205,1.0,,0.0150448628987604,46.88668696891512,18.4881408331192,1910.815296460758,618.2605831560035,11225.74203226293,4863.357930035811,primary,True,asphalt,False,False,False,False,False
w1396640495_b1_A,50.0,motorcycle,motorcycle_5ab8604a14df,1396640495,1,A,1,54.856950593117126,0.9846223522247882,0.4377476534706405,2295248139528,2295248139528,1.0,,0.0049798508530052,14.844332205882733,48.82297325804482,1904.8629924091408,613.9278299790245,11217.766415429274,4877.02382339627,primary,True,asphalt,False,False,False,False,False
w158294632_b0_A,50.0,motorcycle,motorcycle_5ab8604a14df,158294632,0,A,4,120.02625313751967,0.9704320654037436,1.7209183888935304,2602248133903,2605248133747,2.0,50.0,0.0002396842096764,8.654215335128765,158.25751154201978,1510.6771864862767,23.52318183205149,6918.423171768017,3013.305753706305,primary,,asphalt,False,False,False,False,False
w158294632_b1_A,50.0,motorcycle,motorcycle_5ab8604a14df,158294632,1,A,4,119.00894517105792,0.9706227053169508,2.364790043949836,2606248133695,2609248133591,2.0,50.0,0.0002396842096764,31.8869684578549,104.07517285024193,1456.1619310842466,33.3920998330663,6863.917600023817,3023.899894114996,primary,,asphalt,False,False,False,False,False
w158294632_b2_A,50.0,motorcycle,motorcycle_5ab8604a14df,158294632,2,A,3,119.00894517105792,0.9712955575089084,2.293635127729763,2610248133591,2612248133487,2.0,50.0,0.0002396842096764,24.744269660117,54.77816984989502,1406.6949203270708,82.2381501308916,6814.447641982747,3034.642464377859,primary,,asphalt,False,False,False,False,False
w158294633_b1_A,50.0,motorcycle,motorcycle_5ab8604a14df,158294633,1,A,3,161.23625352062152,0.8596977713287743,3.2624167742825065,2478248137028,2480248136924,2.0,50.0,0.0294142351521772,41.231967710306805,1.7257289623147445,556.9213824864019,257.307491263117,8762.234871919787,3267.614728329253,primary,True,asphalt,True,False,False,False,False
w158294633_b2_A,50.0,motorcycle,motorcycle_5ab8604a14df,158294633,2,A,3,101.6758858428226,0.8832963018307343,2.5530384899812253,2481248136924,2483248136872,2.0,50.0,0.0292684401679156,68.15491690055408,2.742685225717404,588.2781440066234,233.5762890145652,8730.749711355258,3249.6104108109816,primary,True,asphalt,True,False,False,False,False
w159924594_b0_A,50.0,motorcycle,motorcycle_5ab8604a14df,159924594,0,A,2,180.07726658997362,0.9575351913069314,3.2488590464059395,2431248135257,2432248135362,2.0,50.0,,25.85695476179979,304.8247374720363,817.3817215466138,358.9175871623808,9420.682095206834,4256.871706956406,primary,,asphalt,False,True,False,False,False
w159924594_b1_A,50.0,motorcycle,motorcycle_5ab8604a14df,159924594,1,A,2,180.07726658997362,0.949989840216013,3.9146192979695114,2433248135466,2434248135570,2.0,50.0,,20.44898282603689,264.30143472538504,778.802470704709,319.1825651378846,9397.346296815676,4214.496908987594,primary,,asphalt,False,True,False,False,False
w159924597_b0_A,50.0,motorcycle,motorcycle_5ab8604a14df,159924597,0,A,2,179.0348718951207,0.94747879749708,4.181019180229423,2435248135674,2436248135726,2.0,50.0,,26.50189947294416,220.4794840173,736.814326999134,276.35247876552626,9371.233206093806,4167.619615884963,primary,,asphalt,False,False,False,False,False
w159924597_b1_A,50.0,motorcycle,motorcycle_5ab8604a14df,159924597,1,A,2,179.0348718951207,0.953171344671576,3.129928495185456,2437248135830,2438248135934,2.0,50.0,,64.43826451293211,174.8560517259843,692.034351243994,231.77610205064883,9342.657611624929,4116.621140485178,primary,,asphalt,False,False,False,False,False
w159924597_b2_A,50.0,motorcycle,motorcycle_5ab8604a14df,159924597,2,A,2,179.0348718951207,0.9753679822827134,1.5844542941443078,2439248135987,2440248136091,2.0,50.0,,41.41826271125765,132.65719806409538,648.1942703006541,190.52130115384716,9314.27855415249,4065.633582882274,primary,,asphalt,False,False,False,False,False
w159924597_b3_A,50.0,motorcycle,motorcycle_5ab8604a14df,159924597,3,A,1,179.0348718951207,0.9853928143256724,0.7441339309033416,2441248136195,2441248136195,2.0,50.0,,3.663058991818684,105.25028476776106,615.7842472617534,162.84162545873187,9292.966863231592,4027.124672847865,primary,,asphalt,False,False,False,False,False
w178290527_b0_B,50.0,motorcycle,motorcycle_5ab8604a14df,178290527,0,B,3,127.2346501595718,0.9751552030458774,0.5970711680141395,2877248131195,2879248131299,2.0,50.0,0.0007674223089972,19.342181151480453,50.682697585765226,2280.251878472322,307.01327694666304,2673.0524338366736,2537.625990818829,primary,,asphalt,False,False,False,False,False
w178290527_b10_B,50.0,motorcycle,motorcycle_5ab8604a14df,178290527,10,B,2,129.3573626203131,0.971088051143728,2.2974176460800173,2855248130414,2856248130466,2.0,50.0,1.9310125819584257e-05,211.53251143494745,562.2017225254215,2287.748819613672,818.7689948011284,3157.166750086486,2999.192600704519,primary,,asphalt,False,False,False,False,False
w178290527_b11_B,50.0,motorcycle,motorcycle_5ab8604a14df,178290527,11,B,2,129.3573626203131,0.9739527832031234,1.5408216815802789,2853248130309,2854248130362,2.0,50.0,1.9310125819584257e-05,228.1826136245411,610.2727481927877,2239.784251440363,866.8307258761546,3203.10230882344,3043.4086103725585,primary,,asphalt,False,False,False,False,False
w178290527_b12_B,50.0,motorcycle,motorcycle_5ab8604a14df,178290527,12,B,2,129.3573626203131,0.9888153879028424,0.3163832961348478,2851248130205,2852248130257,2.0,50.0,0.0001250779647041,180.538963073277,602.0183286272456,2192.256497355662,914.4614789734992,3248.685568805506,3087.3406383326574,primary,,asphalt,False,False,False,False,False
w178290527_b13_B,50.0,motorcycle,motorcycle_5ab8604a14df,178290527,13,B,2,129.3573626203131,0.9824880241984258,0.9972837511320288,2849248130153,2850248130205,2.0,50.0,0.0001250779647041,133.5477493052413,555.0364768252155,2145.3831753419686,961.4429896776752,3293.7032904330126,3130.778917558042,primary,,asphalt,False,False,False,False,False
w178290527_b14_B,50.0,motorcycle,motorcycle_5ab8604a14df,178290527,14,B,2,130.40956459295023,0.9741287476754706,2.0464965914752278,2847248130101,2848248130153,2.0,50.0,0.0001250779647041,85.07407903472176,506.5686689844084,2097.0680208340336,1009.9126284070126,3340.091167436012,3175.5525761509857,primary,,asphalt,False,False,False,False,False
w178290527_b15_B,50.0,motorcycle,motorcycle_5ab8604a14df,178290527,15,B,2,130.40956459295023,0.977986285787251,1.146821585476853,2845248130049,2846248130049,2.0,50.0,0.0001062447900035,37.88617635888715,459.3823509122973,2050.0885007310544,1057.1001377680327,3385.156204004096,3219.0468618524687,primary,,asphalt,False,False,False,False,False
w178290527_b16_B,50.0,motorcycle,motorcycle_5ab8604a14df,178290527,16,B,2,129.99067977850842,0.99302753920737,0.2940022669502062,2843248129997,2844248129997,2.0,50.0,0.0001062447900035,11.276395706676745,413.7272450626911,2004.6274656842577,1102.7576786900536,3428.85534549969,3261.282011151452,primary,,asphalt,False,False,False,False,False
w178290527_b17_B,50.0,motorcycle,motorcycle_5ab8604a14df,178290527,17,B,3,129.5717949640666,0.988766586538083,0.6808500225070979,2840248129945,2842248129945,2.0,50.0,0.0001062447900035,62.981618430763206,358.53774171867764,1949.6151707576255,1157.9575205941471,3481.9343698841403,3312.7009495495186,primary,,asphalt,False,False,False,False,False
w178290527_b18_B,50.0,motorcycle,motorcycle_5ab8604a14df,178290527,18,B,2,129.5717949640666,0.9816563060912648,1.3597605676058575,2838248129893,2839248129893,2.0,50.0,0.0002598408902556,51.7141332798822,303.2318616688236,1894.488195736281,1213.281223407539,3535.200534181637,3364.357204690232,primary,,asphalt,False,False,False,False,False
w178290527_b19_B,50.0,motorcycle,motorcycle_5ab8604a14df,178290527,19,B,2,130.2516782978946,0.9807535820473388,1.5860697701061923,2836248129841,2837248129893,2.0,50.0,0.0002598408902556,11.7748358996224,257.6502309113754,1849.0636850707829,1258.8851162538167,3579.137922576565,3407.002977765733,primary,,asphalt,False,False,False,False,False
w178290527_b1_B,50.0,motorcycle,motorcycle_5ab8604a14df,178290527,1,B,3,129.8402627339741,0.9747612491303164,2.017742181460488,2874248131039,2876248131143,2.0,50.0,0.0005226066438657,28.840118412354784,105.46571928081455,2334.543446255771,361.656679637458,2724.761521689039,2586.633490907765,primary,,asphalt,False,False,False,False,False
w178290527_b20_B,50.0,motorcycle,motorcycle_5ab8604a14df,178290527,20,B,2,130.4675605172498,0.9823714528932932,1.3008424366416909,2834248129789,2835248129789,2.0,50.0,4.064976864776111e-05,0.7581196517216504,210.8591275133142,1802.514876462733,1305.6934145283967,3624.110299446717,3450.6343865506883,primary,,asphalt,False,False,False,False,False
w178290527_b21_B,50.0,motorcycle,motorcycle_5ab8604a14df,178290527,21,B,2,130.42213098264054,0.988615054701619,0.3050856501941266,2832248129684,2833248129737,2.0,50.0,1.054473728884701e-07,12.102753957007074,163.27274907558484,1755.18156181813,1353.307065807883,3669.897887781426,3495.093467116377,primary,,asphalt,False,False,False,False,False
w178290527_b22_B,50.0,motorcycle,motorcycle_5ab8604a14df,178290527,22,B,2,130.42191195585258,0.975065322413922,1.2572383431758485,2830248129632,2831248129632,2.0,50.0,1.054473728884701e-07,36.47882839881181,115.04337389165237,1707.2009371909055,1401.587793794184,3716.373976892959,3540.2593754620634,primary,,asphalt,False,False,False,False,False
w178290527_b23_B,50.0,motorcycle,motorcycle_5ab8604a14df,178290527,23,B,1,130.42191195585258,0.9677515559632244,2.190580209955788,2829248129580,2829248129580,2.0,50.0,1.054473728884701e-07,22.395924570415797,78.04647348068562,1670.3669996381118,1438.6633241897073,3752.0932280245415,3574.9957374189426,primary,,asphalt,False,False,False,False,False
w178290527_b2_B,50.0,motorcycle,motorcycle_5ab8604a14df,178290527,2,B,2,129.98136709680784,0.969567686910178,2.333581368311018,2872248130986,2873248131039,2.0,50.0,3.2975313602782775e-05,48.721642400972414,160.004069980486,2388.595076020996,416.3721530194069,2776.048434741715,2635.1620379884425,primary,,asphalt,False,False,False,False,False
w178290527_b3_B,50.0,motorcycle,motorcycle_5ab8604a14df,178290527,3,B,2,129.98136709680784,0.9605412494431808,3.086688881059352,2870248130935,2871248130935,2.0,50.0,6.350783259114803e-07,22.883327073907097,208.1392233594207,2436.2609784147635,464.6241968505834,2821.344107775766,2678.1094517147985,primary,,asphalt,False,False,False,False,False
w178290527_b4_B,50.0,motorcycle,motorcycle_5ab8604a14df,178290527,4,B,2,129.97905541554843,0.9664170430018092,2.441723740313807,2868248130882,2869248130882,2.0,50.0,8.737629643945112e-05,10.023618528474872,256.34841160594846,2483.968553912628,512.9000980669377,2866.754106367453,2721.251431236189,primary,,asphalt,False,False,False,False,False
w178290527_b5_B,50.0,motorcycle,motorcycle_5ab8604a14df,178290527,5,B,2,129.38098313193154,0.9783069503978454,1.4846363950294363,2866248130830,2867248130830,2.0,50.0,9.91990148922849e-05,26.960106990247304,302.00118346277685,2527.273484478513,558.5712967062336,2909.898627407395,2762.3519696153644,primary,,asphalt,False,False,False,False,False
w178290527_b6_B,50.0,motorcycle,motorcycle_5ab8604a14df,178290527,6,B,2,129.4749950880012,0.978117402764362,1.6246657821142247,2864248130726,2865248130778,2.0,50.0,2.4280515231579015e-05,11.116711616467764,346.5840124255536,2502.9472969469684,603.1519603629818,2952.145458256892,2802.6855399630454,primary,,asphalt,False,False,False,False,False
w178290527_b7_B,50.0,motorcycle,motorcycle_5ab8604a14df,178290527,7,B,3,129.56900704407087,0.9756194124568934,1.9372981969712892,2861248130622,2863248130674,2.0,50.0,2.4280515231579015e-05,53.7506367322336,404.4729659401785,2445.1538812377457,661.0438854475882,3007.0552933717586,2855.187385540116,primary,,asphalt,False,False,False,False,False
w178290527_b8_B,50.0,motorcycle,motorcycle_5ab8604a14df,178290527,8,B,2,129.56900704407087,0.97043517501468,2.3516833044443515,2859248130570,2860248130622,2.0,50.0,1.9310125819584257e-05,113.84501320096916,464.5420561349406,2385.1986971938977,721.114280084284,3064.127439251246,2909.8517710967008,primary,,asphalt,False,False,False,False,False
w178290527_b9_B,50.0,motorcycle,motorcycle_5ab8604a14df,178290527,9,B,2,129.56900704407087,0.9700972819151872,2.259171517270283,2857248130466,2858248130518,2.0,50.0,1.9310125819584257e-05,162.566808889298,513.247885527566,2336.595193901082,769.8194920223336,3110.4856718431747,2954.331859963494,primary,,asphalt,False,False,False,False,False
w178290528_b0_A,50.0,motorcycle,motorcycle_5ab8604a14df,178290528,0,A,3,142.19314716087712,0.9429146906307998,1.5334763573795245,2880248131351,2882248131455,2.0,,,20.72910170288881,10.996582754487171,2239.773805013044,265.209789722376,2635.51950435094,2502.7726550612224,primary,True,asphalt,False,False,False,False,False
w178290531_b0_A,50.0,motorcycle,motorcycle_5ab8604a14df,178290531,0,A,2,115.6637915478356,0.9221908919357392,4.338831737511859,2887248131820,2888248131872,2.0,,,18.45289517822569,8.735733930744862,2166.3136332511067,191.86673296204032,2565.4045241815465,2436.369619165499,secondary,True,asphalt,False,False,False,False,False
w178290532_b0_A,50.0,motorcycle,motorcycle_5ab8604a14df,178290532,0,A,2,148.06293789115622,0.8675445907452732,6.255025176108321,2883248131559,2884248131612,2.0,,0.0339233152332114,14.851724228930715,1.906532428763,2214.7810717492694,237.09486162155093,2614.6676553605703,2485.03650053008,primary,True,asphalt,True,False,False,False,False
w178290532_b1_A,50.0,motorcycle,motorcycle_5ab8604a14df,178290532,1,A,2,93.66126809238185,0.8446877904137884,3.1840405506079983,2885248131664,2886248131716,2.0,,0.0339531238211094,21.95290554653839,1.855512760113504,2189.030906441912,211.46818621905877,2589.846774460108,2461.3685234567392,primary,True,asphalt,True,False,False,False,False
w22868495_b0_A,50.0,motorcycle,motorcycle_5ab8604a14df,22868495,0,A,2,101.4478738841415,0.8753587516757144,5.644776183227583,2823248129424,2824248129424,2.0,,0.0285349824383226,35.43907185697216,2.914017839362317,1569.6020098317465,1537.3906096997832,3853.8792361635888,3676.286432534802,primary,True,asphalt,True,False,False,False,False
w22868495_b3_A,50.0,motorcycle,motorcycle_5ab8604a14df,22868495,3,A,1,190.7680614976812,0.7454674550483683,4.029327817530222,2820248129320,2820248129320,2.0,,0.0285122028951324,65.13145247434622,2.8310519778181864,1528.196376223867,1527.617903111004,3892.307273679874,3712.751283993885,primary,True,asphalt,True,False,False,False,False
w22868495_b4_A,50.0,motorcycle,motorcycle_5ab8604a14df,22868495,4,A,1,160.96296263684118,0.863562759114173,7.161754793676876,2821248129372,2821248129372,2.0,,0.028577120594428,52.26068743642008,1.82378240776154,1536.0582006157492,1535.4799960590142,3886.072151732716,3707.458341832965,primary,True,asphalt,True,False,False,False,False
w22868496_b0_B,50.0,motorcycle,motorcycle_5ab8604a14df,22868496,0,B,5,96.78704347089376,0.9719386642132684,1.0383121069196006,2956248137705,2960248138070,2.0,50.0,0.0009865903751113,5.14500919103786,57.08028469976674,948.3986461026554,13.211364911646893,1396.5524830534691,1352.1780545088857,secondary,,asphalt,False,False,False,False,False
w22908829_b1_A,50.0,motorcycle,motorcycle_5ab8604a14df,22908829,1,A,3,46.26452331409507,0.778237494747913,1.3942559559161127,3121248151039,3123248151247,,,0.0642486290487123,21.76077669235694,1.3905607165129237,475.37140937934737,34.5531825720395,364.5425537265064,36.66903843127452,tertiary,True,asphalt,True,False,False,False,False
w23064623_b1_A,50.0,motorcycle,motorcycle_5ab8604a14df,23064623,1,A,3,149.1983090239561,0.7555136496713205,6.173736426209783,2967248138643,2969248138799,2.0,50.0,0.0387301143617772,35.558156820104934,2.1233618469879683,882.564013701829,20.773442636869703,1332.1920192656935,1294.5210932143684,secondary,True,asphalt,True,False,False,False,False
w23064623_b2_A,50.0,motorcycle,motorcycle_5ab8604a14df,23064623,2,A,3,65.64859391083947,0.8110772048395578,4.614791359715505,2970248138851,2972248139007,2.0,50.0,0.0387389992459047,32.905004360040046,2.207068299728077,852.320605336608,49.96689903391053,1300.844304250166,1265.459848874126,secondary,True,asphalt,True,False,False,False,False
w23064624_b0_A,50.0,motorcycle,motorcycle_5ab8604a14df,23064624,0,A,3,86.86831678515871,0.942064296268522,1.7462822015696942,2973248139112,2975248139268,1.0,50.0,0.0126747134518142,16.303668674349115,20.748679048451784,828.855383689499,61.10839764703852,1267.6064521635778,1229.1862742396297,secondary,True,asphalt,False,False,False,False,False
w23064775_b0_B,50.0,motorcycle,motorcycle_5ab8604a14df,23064775,0,B,4,131.99842630106986,0.9818263593830708,0.6352303953871342,2809248129216,2812248129216,2.0,50.0,0.0002492087059238,27.9664464538406,88.13639366893901,1436.2007809376491,1435.6217666624675,3980.308106830749,3797.5837833117785,primary,,asphalt,False,False,False,False,False
w23064775_b10_B,50.0,motorcycle,motorcycle_5ab8604a14df,23064775,10,B,3,122.39377185421316,0.991620794201831,0.2284740893397306,2781248128799,2783248128799,2.0,50.0,0.001590381646343,21.844863146873333,161.99668936587105,1020.3762093391424,1019.8024004650104,4395.166839898382,3633.331694668908,primary,,asphalt,False,False,False,False,False
w23064775_b11_B,50.0,motorcycle,motorcycle_5ab8604a14df,23064775,11,B,3,110.64506316731048,0.9716417486328354,0.449368789804135,2778248128799,2780248128799,2.0,50.0,0.0031366602744543,40.19051880971457,165.4110320117647,964.9295339319892,964.3561724196664,4450.831367815494,3635.021329782197,primary,,asphalt,False,False,False,False,False
w23064775_b12_B,50.0,motorcycle,motorcycle_5ab8604a14df,23064775,12,B,2,103.75573136158032,0.9691569473996852,1.2562855303042784,2776248128799,2777248128799,2.0,50.0,0.001335569381913,76.94534177763862,187.1590978907817,917.8601936386268,917.28659150956,4497.152435761103,3644.269223425382,primary,,asphalt,False,False,False,False,False
w23064775_b13_B,50.0,motorcycle,motorcycle_5ab8604a14df,23064775,13,B,3,102.7098560271162,0.9613947144471862,2.5478837834917054,2773248128799,2775248128799,2.0,50.0,0.0003252044156832,38.39631523508356,221.74655131336536,869.0254483853636,868.4511724967116,4544.7226702326125,3658.7898253858098,primary,,asphalt,False,False,False,False,False
w23064775_b14_B,50.0,motorcycle,motorcycle_5ab8604a14df,23064775,14,B,2,100.3733383326976,0.9595732969887778,2.6304820779907865,2771248128799,2772248128799,2.0,50.0,0.0002361823751908,11.018074589789256,261.2237466290852,820.3881181614806,819.8130555610876,4592.098893353761,3674.7481195084274,primary,,asphalt,False,False,False,False,False
w23064775_b15_B,50.0,motorcycle,motorcycle_5ab8604a14df,23064775,15,B,3,100.3733383326976,0.9559203272024792,3.263099894284458,2768248128799,2770248128799,2.0,50.0,0.0002361823751908,62.92173662459124,306.5595084131538,769.7528343785112,769.1767783651912,4641.433920575496,3693.732882269036,primary,,asphalt,False,False,False,False,False
w23064775_b16_B,50.0,motorcycle,motorcycle_5ab8604a14df,23064775,16,B,2,100.3733383326976,0.9601211204287884,2.705984282305467,2766248128799,2767248128799,2.0,50.0,0.0002361823751908,117.79118815960504,356.3273087964337,716.4076808130052,715.8305801874061,4693.644149763228,3714.43938208502,primary,,asphalt,False,False,False,False,False
w23064775_b17_B,50.0,motorcycle,motorcycle_5ab8604a14df,23064775,17,B,2,100.3733383326976,0.9741412051169828,1.87841949684282,2764248128851,2765248128799,2.0,50.0,0.0002361823751908,119.41937496869753,398.8857873032805,672.1262048414467,671.5482690420554,4737.220718762096,3732.249775447996,primary,,asphalt,False,False,False,False,False
w23064775_b18_B,50.0,motorcycle,motorcycle_5ab8604a14df,23064775,18,B,2,100.3733383326976,0.9780881666218146,1.75153023541056,2762248128851,2763248128851,2.0,50.0,0.0002361823751908,71.61165535910894,444.042077158186,626.0751389549381,625.4964131808335,4782.804509083404,3751.369695554711,primary,,asphalt,False,False,False,False,False
w23064775_b19_B,50.0,motorcycle,motorcycle_5ab8604a14df,23064775,19,B,2,100.3733383326976,0.9776224064799108,1.713149873312163,2760248128903,2761248128851,2.0,50.0,0.0002361823751908,21.9317230141124,491.4974103928141,578.5222211239447,577.9428444522562,4830.218836937103,3771.776078939896,primary,,asphalt,False,False,False,False,False
w23064775_b1_B,50.0,motorcycle,motorcycle_5ab8604a14df,23064775,1,B,3,134.06863470509265,0.9875155211644332,0.4270699273901195,2806248129216,2808248129216,2.0,50.0,0.0009439459328916,77.01665026325186,137.88035860478928,1387.001270007265,1386.4220904487163,4028.181088296592,3844.189227007988,primary,,asphalt,False,False,False,False,False
w23064775_b2_B,50.0,motorcycle,motorcycle_5ab8604a14df,23064775,2,B,3,145.15162292325056,0.9610610996003984,1.4098120842803137,2803248129164,2805248129216,2.0,50.0,0.0061385329796069,59.28602975678199,184.2197149470713,1341.9253208199225,1341.3459357075096,4071.7210177914017,3848.964150959126,primary,,asphalt,False,False,False,False,False
w23064775_b3_B,50.0,motorcycle,motorcycle_5ab8604a14df,23064775,3,B,3,159.59886312280452,0.9630634287375728,1.7261511095865265,2800248129111,2802248129164,2.0,50.0,0.0033376941203466,15.176543877324052,230.4547758168992,1300.213301643964,1299.6336358526594,4111.095099632329,3817.700867777076,primary,,asphalt,False,False,False,False,False
w23064775_b4_B,50.0,motorcycle,motorcycle_5ab8604a14df,23064775,4,B,3,166.29391524717516,0.9763182810559232,1.3843476978132792,2797248129007,2799248129060,2.0,50.0,0.0015179541735842,15.791682161821862,279.0802542866846,1261.1226400264188,1260.5429698169746,4148.178629300314,3776.255397612124,primary,,asphalt,False,False,False,False,False
w23064775_b5_B,50.0,motorcycle,motorcycle_5ab8604a14df,23064775,5,B,2,164.280179190667,0.9891351105344822,0.702316467054446,2795248128955,2796248128955,2.0,50.0,0.0006052883813144,16.750404021866604,320.32259203657134,1229.954427082187,1229.3751645739708,4178.794938430214,3741.228707817167,primary,,asphalt,False,False,False,False,False
w23064775_b6_B,50.0,motorcycle,motorcycle_5ab8604a14df,23064775,6,B,3,162.54260185454487,0.97664052894872,0.4253269191612159,2792248128851,2794248128903,2.0,50.0,0.00294462819995,21.083976450800797,303.2494646835636,1197.6335790216117,1197.0552427771356,4211.854474989687,3705.789411327121,primary,,asphalt,False,False,False,False,False
w23064775_b7_B,50.0,motorcycle,motorcycle_5ab8604a14df,23064775,7,B,3,152.93290275044362,0.973595573840667,1.1006861706228324,2789248128851,2791248128851,2.0,50.0,0.0055190309258931,78.47131530055904,247.0677541515139,1154.8851766992,1154.308452366209,4256.77818644514,3667.9799222464912,primary,,asphalt,False,False,False,False,False
w23064775_b8_B,50.0,motorcycle,motorcycle_5ab8604a14df,23064775,8,B,2,136.10949297808068,0.9735249718682436,0.6143847879290717,2787248128799,2788248128799,2.0,50.0,0.0038843779444421,92.3230355776718,208.1355944811436,1116.3291729591183,1115.753698297336,4297.175461731271,3647.6753412713024,primary,,asphalt,False,False,False,False,False
w23064775_b9_B,50.0,motorcycle,motorcycle_5ab8604a14df,23064775,9,B,3,124.61026709698794,0.979091997881574,0.6751041821275533,2784248128799,2786248128799,2.0,50.0,0.0031102061639029,51.30729706561571,180.86971099632277,1074.5321444616716,1073.9575173304154,4340.105463657156,3638.433416773074,primary,,asphalt,False,False,False,False,False
w23210664_b26_A,50.0,motorcycle,motorcycle_5ab8604a14df,23210664,26,A,2,117.52336644546678,0.811453944555568,5.683692227593783,2269248156768,2270248156143,2.0,50.0,0.0001454252658394,6.288007516822823,142.06006431145738,2105.189023031623,812.9434604192686,11423.48405565223,4969.148524014632,primary,,asphalt,False,False,False,False,False
w23210724_b0_A,50.0,motorcycle,motorcycle_5ab8604a14df,23210724,0,A,4,53.73130620642852,0.9889978761412546,0.2843979991479057,2296248138851,2299248136716,2.0,50.0,0.0039560055061559,24.455863961264136,88.10090936860094,1890.6863437676143,603.4009994212645,11200.611297685982,4886.573955575004,primary,,asphalt,False,False,False,False,False
w23210724_b10_A,50.0,motorcycle,motorcycle_5ab8604a14df,23210724,10,A,2,57.29040207952589,0.9730879879645178,1.7425693913639275,2325248117184,2326248116507,2.0,50.0,0.0029289492430784,145.71717040562274,434.239342374176,1966.555887980429,424.7080356197489,11181.249052745588,5194.077600667267,primary,,asphalt,False,False,False,False,False
w23210724_b11_A,50.0,motorcycle,motorcycle_5ab8604a14df,23210724,11,A,3,63.46629083939703,0.966956843219524,1.5443795597271337,2327248116768,2329248117237,2.0,50.0,0.0021067992624146,99.88870279612662,388.6220606058555,1957.9492279712297,379.0553720696929,11159.311573297491,5204.970007028412,primary,,asphalt,False,False,False,False,False
w23210724_b12_A,50.0,motorcycle,motorcycle_5ab8604a14df,23210724,12,A,3,69.21523430403636,0.9700588989362832,2.4819304393180914,2330248117497,2332248117966,2.0,50.0,0.0021067992624146,43.82873382567515,332.5893360286966,1941.8774505317333,323.01355414727686,11126.764021289122,5211.693436556173,primary,,asphalt,False,False,False,False,False
w23210724_b13_A,50.0,motorcycle,motorcycle_5ab8604a14df,23210724,13,A,1,69.21523430403636,0.969755118246098,2.4988958726340345,2333248118174,2333248118174,2.0,50.0,0.0021067992624146,7.614858256962639,296.37904111008777,1931.512009591476,286.80072695208975,11105.22044446536,5215.583244999049,primary,,asphalt,False,False,False,False,False
w23210724_b1_A,50.0,motorcycle,motorcycle_5ab8604a14df,23210724,1,A,3,42.8604156151439,0.9832275467573054,0.704618578790361,2300248135987,2302248134528,2.0,50.0,0.0038745487833595,65.4493558384582,143.2843791333718,1877.8146385718967,598.4319938350917,11182.406893540428,4906.398779819217,primary,,asphalt,False,False,False,False,False
w23210724_b2_A,50.0,motorcycle,motorcycle_5ab8604a14df,23210724,2,A,3,30.689844954751404,0.988099634875044,0.7311913571014169,2303248133799,2305248132289,2.0,50.0,0.0040579834164811,26.67254793857629,188.99180716476573,1877.981785777444,608.0926983260275,11176.790355336749,4932.400429034,primary,,asphalt,False,False,False,False,False
w23210724_b3_A,50.0,motorcycle,motorcycle_5ab8604a14df,23210724,3,A,3,21.898943361354583,0.9636679165755936,2.198970817371174,2306248131559,2308248130101,2.0,50.0,0.0020164810282279,15.50027949487965,236.2464384108371,1888.8604993788183,630.8736360277815,11180.484534584812,4967.875548980437,primary,,asphalt,False,False,False,False,False
w23210724_b4_A,50.0,motorcycle,motorcycle_5ab8604a14df,23210724,4,A,3,21.39375176490424,0.9599698400886556,2.5934584285127724,2309248129372,2311248127862,2.0,50.0,9.300968886649124e-05,17.726408399067648,284.8861115713672,1905.220673739257,659.5795734995689,11188.480481652556,5007.44324759908,primary,,asphalt,False,False,False,False,False
w23210724_b5_A,50.0,motorcycle,motorcycle_5ab8604a14df,23210724,5,A,2,21.39167190702436,0.981939967852621,1.0900193191091223,2312248127132,2313248126351,2.0,50.0,1.095473138721302e-06,9.473183305263213,327.3009431302264,1920.5830402783556,644.9802270940618,11195.823734478909,5041.959885945986,primary,,asphalt,False,False,False,False,False
w23210724_b6_A,50.0,motorcycle,motorcycle_5ab8604a14df,23210724,6,A,3,22.972215894914758,0.9844595574894428,0.8408888832852321,2314248125622,2316248124112,2.0,50.0,0.001377356044219,44.80543268870567,376.5436095158402,1939.2851029963888,603.6246010868558,11204.371259916345,5081.624795389805,primary,,asphalt,False,False,False,False,False
w23210724_b7_A,50.0,motorcycle,motorcycle_5ab8604a14df,23210724,7,A,2,31.91928167500388,0.978445000627484,0.6195926653289514,2317248123330,2318248122601,2.0,50.0,0.0029452373856568,96.29813839206072,427.2817930052512,1955.40840121604,561.0579506684992,11209.182734888129,5119.037985501711,primary,,asphalt,False,False,False,False,False
w23210724_b8_A,50.0,motorcycle,motorcycle_5ab8604a14df,23210724,8,A,3,37.2692939457209,0.9655829106680616,1.9020199147690544,2319248121820,2321248120310,2.0,50.0,0.0030882920202872,143.08870671658056,474.5589984996477,1964.8230164343884,519.6903890040178,11207.027632612371,5148.616322976916,primary,,asphalt,False,False,False,False,False
w23210724_b9_A,50.0,motorcycle,motorcycle_5ab8604a14df,23210724,9,A,3,49.47618338283755,0.9695159822142791,1.8306754433934973,2322248119528,2324248117966,2.0,50.0,0.0033024262358503,180.73508786410628,477.8250621179347,1969.2639555675505,468.3579763849284,11196.665598402376,5177.1856767013405,primary,,asphalt,False,False,False,False,False
w23210725_b0_A,50.0,motorcycle,motorcycle_5ab8604a14df,23210725,0,A,3,111.55112945643326,0.8847708823898556,7.985470117569025,2283248147601,2285248146299,2.0,,0.0287701381012936,97.60620629750603,2.483485793266188,1927.480501395552,635.3448619012706,11245.79128071137,4828.3353364876775,primary,True,asphalt,True,False,False,False,False
w23210725_b1_A,50.0,motorcycle,motorcycle_5ab8604a14df,23210725,1,A,4,44.32450345406715,0.9370306436398416,3.5867820931755103,2286248145622,2289248143591,2.0,,0.0286267412760754,93.45407072431912,2.114939499697684,1900.6949131821689,607.7646370895958,11218.286246747712,4821.576976121771,primary,True,asphalt,True,False,False,False,False
w23210725_b2_A,50.0,motorcycle,motorcycle_5ab8604a14df,23210725,2,A,1,359.40169129437044,0.9191326841466618,0.2176657768821184,2290248142914,2290248142914,2.0,,0.0286196067492859,75.09438894966088,3.763445384795904,1902.0007561296836,608.7233192502857,11218.559541800956,4838.468427147358,primary,True,asphalt,True,False,False,False,False
w23210725_b4_A,50.0,motorcycle,motorcycle_5ab8604a14df,23210725,4,A,2,190.35920671345016,0.7269786560658807,5.353054828907362,2280248149580,2281248148903,2.0,,0.0269016532760068,116.88878872066512,1.869216086454173,1963.5665384989247,670.6546987116114,11281.271220064074,4869.359662074679,primary,True,asphalt,True,False,False,False,False
w23447748_b0_A,50.0,motorcycle,motorcycle_5ab8604a14df,23447748,0,A,3,69.02742672184051,0.9710084934488712,2.044180954455292,2334248118435,2336248118903,2.0,50.0,,28.40793540867665,260.36280925471834,1922.016598244539,250.7804075631235,11083.954182799354,5219.83216767991,primary,,asphalt,False,True,False,False,False
w23447748_b1_A,50.0,motorcycle,motorcycle_5ab8604a14df,23447748,1,A,3,69.02742672184051,0.9819907470996342,1.3324802275401657,2337248119112,2339248119580,2.0,50.0,,25.8633757379496,207.5608102587043,1909.1980644933708,197.96969512847463,11052.93242861995,5226.511358467779,primary,,asphalt,False,True,False,False,False
w23447750_b0_A,50.0,motorcycle,motorcycle_5ab8604a14df,23447750,0,A,3,69.28454617044419,0.9842696364749126,1.2169135743409525,2340248119841,2342248120257,2.0,50.0,1.5738037425333835e-06,27.29233214411794,154.4255737632634,1897.57588940878,144.82143377525082,11021.779522117751,5233.642315320808,primary,,asphalt,False,False,False,False,False
w23447750_b1_A,50.0,motorcycle,motorcycle_5ab8604a14df,23447750,1,A,3,69.28454617044419,0.9859076857303616,1.1034858238642726,2343248120518,2345248120934,2.0,50.0,1.5738037425333835e-06,42.078312957703965,104.5937406720957,1887.85096892572,94.96774337920904,10992.583723461932,5240.701434875479,primary,,asphalt,False,False,False,False,False
w23447750_b2_A,50.0,motorcycle,motorcycle_5ab8604a14df,23447750,2,A,1,69.28454617044419,0.9822399752172998,1.149171228838984,2346248121195,2346248121195,2.0,50.0,1.5738037425333835e-06,11.020947605238293,73.57723385603339,1882.399921479822,63.92548583471713,10974.418434056555,5245.31975213292,primary,,asphalt,False,False,False,False,False
w23775265_b0_A,50.0,motorcycle,motorcycle_5ab8604a14df,23775265,0,A,3,68.35030684024808,0.7588767386874586,1.669998835302282,3126248151612,3128248151872,,,0.0013417109631044,11.419056155807183,28.34818863103581,435.34900605606464,67.82621629785801,387.19565314731176,75.04504245252322,residential,,,False,False,False,False,False
w245122745_b0_A,50.0,motorcycle,motorcycle_5ab8604a14df,245122745,0,A,5,97.93626075714847,0.9544873783508884,1.713463532743536,3019248142184,3023248142341,1.0,,0.0140831551953107,26.084981459625872,150.94462132516202,352.13508709591747,37.49070385837649,817.2394225832783,870.9178642626212,unclassified,True,asphalt,False,False,False,False,False
w245122745_b1_A,50.0,motorcycle,motorcycle_5ab8604a14df,245122745,1,A,4,102.09104594311115,0.9663589161416222,2.684384801665029,3024248142393,3027248142549,1.0,,0.0004061345824248,72.45730246491382,105.38532188002524,313.90465586299075,13.30781620802881,772.0541645817283,834.9463403274492,unclassified,True,asphalt,False,False,False,False,False
w245122745_b2_A,50.0,motorcycle,motorcycle_5ab8604a14df,245122745,2,A,4,95.11073041398488,0.9535286501741584,2.958191042067579,3028248142601,3031248142809,1.0,,0.0064943598305218,73.2433415875503,58.28439869151851,276.21433738659147,58.91252015413358,724.1353593708977,797.8164944160908,unclassified,True,asphalt,False,False,False,False,False
w245122745_b3_A,50.0,motorcycle,motorcycle_5ab8604a14df,245122745,3,A,6,82.61224096708388,0.9427367852554984,0.8250529333617806,3032248142862,3037248143226,1.0,,0.0234791801051142,34.67230338873819,12.627445252469125,256.59869750091354,104.19504016428571,677.0252318888362,755.726458635319,unclassified,True,asphalt,False,False,False,False,False
w245130023_b0_A,50.0,motorcycle,motorcycle_5ab8604a14df,245130023,0,A,4,70.15533357016277,0.9508313098123848,1.914170196221585,3015248141976,3018248142132,1.0,,0.0226107820556604,9.71967093955125,190.98694332460653,378.5701855046169,68.55317544420323,857.4692012091988,908.8671735205404,unclassified,True,asphalt,False,False,False,False,False
w25626901_b0_A,50.0,motorcycle,motorcycle_5ab8604a14df,25626901,0,A,4,61.752440297006245,0.9477494752500414,2.652130019484997,3042248143591,3045248143851,,,0.0070865237145977,14.429538852393089,15.65928866644967,255.92411811413496,151.67865899766846,627.8533211489553,706.4799392201629,unclassified,True,,False,False,False,False,False
w25626902_b0_A,50.0,motorcycle,motorcycle_5ab8604a14df,25626902,0,A,3,84.7872868877534,0.9841958327783414,0.1656984135820094,3049248144164,3051248144268,,,0.0052995611962969,20.596402311890305,91.33199845677292,267.41835219385166,113.83036318562756,553.3040162172035,635.3885310649683,unclassified,,asphalt,False,False,False,False,False
w25626902_b1_A,50.0,motorcycle,motorcycle_5ab8604a14df,25626902,1,A,4,99.03754343802775,0.9802709809255814,0.4045525145291706,3052248144320,3055248144580,,,0.0060937414846008,19.18384433728561,136.56283619594615,271.82966848516827,67.78753667266294,506.9635487686137,599.8896890071093,unclassified,,asphalt,False,False,False,False,False
w34720805_b0_A,50.0,motorcycle,motorcycle_5ab8604a14df,34720805,0,A,2,179.42401932659723,0.9940870291583336,0.2846469778419842,2442248136247,2443248136299,2.0,50.0,,32.64681775466681,85.57347178184335,583.3862883276398,140.50251486036944,9271.5178434648,3987.754421381336,primary,,asphalt,False,True,False,False,False
w34720805_b1_A,50.0,motorcycle,motorcycle_5ab8604a14df,34720805,1,A,1,179.42401932659723,0.9958762928695064,0.0824060336820806,2444248136403,2444248136403,2.0,50.0,,19.93773462498674,77.72231663500843,551.1117592302503,125.52568399471312,9249.734707382082,3947.5313461460464,primary,,asphalt,False,True,False,False,False
w34720810_b0_A,50.0,motorcycle,motorcycle_5ab8604a14df,34720810,0,A,2,179.48703693661002,0.9939666961714482,0.4384611559042809,2445248136455,2446248136507,2.0,50.0,,4.266950622909705,88.4442890959703,519.1180543523233,123.99109076746568,9227.428429452895,3906.037879060516,primary,,asphalt,False,False,False,False,False
w378031611_b0_A,50.0,motorcycle,motorcycle_5ab8604a14df,378031611,0,A,2,120.02775810949193,0.9820205695216522,0.8729904757952689,2600248133955,2601248133955,2.0,50.0,,5.674670202457694,189.0681071676161,1541.6332384083798,53.253038272249015,6949.363357951836,3008.014814726379,primary,,asphalt,False,True,False,False,False
w378031612_b0_A,50.0,motorcycle,motorcycle_5ab8604a14df,378031612,0,A,3,120.08152878156656,0.9740421746022704,1.5430905397977723,2500248136455,2502248136455,2.0,70.0,5.370104972673412e-08,22.53397869263384,269.193525534519,923.6613807185876,159.26758869397324,8395.59325320104,3116.140822773119,primary,,asphalt,False,False,False,False,False
w378031612_b10_A,50.0,motorcycle,motorcycle_5ab8604a14df,378031612,10,A,2,120.0806873854623,0.9867424101908316,0.9952988263964568,2529248135830,2530248135830,2.0,70.0,1.5930856278048285e-07,24.33377376224237,414.53190240378296,1423.714009030124,401.5656687592821,7895.737186230583,3001.156147006034,primary,,asphalt,False,False,False,False,False
w378031612_b11_A,50.0,motorcycle,motorcycle_5ab8604a14df,378031612,11,A,3,120.0850002352344,0.9865543715725432,0.4919722778703648,2531248135830,2533248135830,2.0,70.0,3.9400524148849006e-06,6.264331290112213,461.9553406503564,1479.7993220964815,444.497402939847,7839.675551863355,2993.2236423849304,primary,,asphalt,False,False,False,False,False
w378031612_b12_A,50.0,motorcycle,motorcycle_5ab8604a14df,378031612,12,A,2,120.07640733149474,0.9886613594836552,0.6112869203571607,2534248135778,2535248135778,2.0,70.0,3.3228509712618104e-06,11.542057531409402,503.2967168309706,1527.1473761021064,482.7187718435069,7792.34776293194,2987.273084496979,primary,,asphalt,False,False,False,False,False
w378031612_b13_A,50.0,motorcycle,motorcycle_5ab8604a14df,378031612,13,A,3,120.08134342737264,0.9944328855349464,0.3021829578162826,2536248135778,2538248135726,2.0,70.0,6.129933819669013e-07,22.581356862263178,541.1469709548278,1569.5743727692052,518.3519994938714,7749.939099639824,2982.623907292824,primary,,asphalt,False,False,False,False,False
w378031612_b14_A,50.0,motorcycle,motorcycle_5ab8604a14df,378031612,14,A,4,120.08134342737264,0.9938050680658008,0.1095437414901946,2539248135674,2542248135622,2.0,70.0,6.129933819669013e-07,80.35287234716961,585.6254046257402,1627.3458143767748,568.3570785823084,7692.193016230163,2977.2451917580424,primary,,asphalt,False,False,False,False,False
w378031612_b15_A,50.0,motorcycle,motorcycle_5ab8604a14df,378031612,15,A,3,120.08134342737264,0.99593065476103,0.1093222043939147,2543248135570,2545248135518,2.0,70.0,3.281200471664049e-06,133.60808879914703,563.9292158108088,1680.6009670139176,615.6066391682971,7638.961567350146,2973.2239279479318,primary,,asphalt,False,False,False,False,False
w378031612_b16_A,50.0,motorcycle,motorcycle_5ab8604a14df,378031612,16,A,4,120.08134342737264,0.9941665260588302,0.1268106139778257,2546248135518,2549248135466,2.0,70.0,4.615304016512623e-06,181.71536913448463,527.9958447068992,1730.2452943251524,658.7149980094348,7589.339656164943,2970.374369634721,primary,,asphalt,False,False,False,False,False
w378031612_b17_A,50.0,motorcycle,motorcycle_5ab8604a14df,378031612,17,A,3,120.0636243143809,0.9947385871283352,0.1536424093312868,2550248135414,2552248135414,2.0,70.0,4.615304016512623e-06,169.3246646492546,494.282671360361,1779.7090414319805,643.7035279521197,7539.898473833474,2968.326823911173,primary,,asphalt,False,False,False,False,False
w378031612_b18_A,50.0,motorcycle,motorcycle_5ab8604a14df,378031612,18,A,3,120.02818608670276,0.9920040042976184,0.4203308252611934,2553248135362,2555248135362,2.0,70.0,4.615304016512623e-06,123.18347855922084,465.4367389728133,1825.8502163174128,597.5649537836908,7493.7777147162,2967.2107440436607,primary,,asphalt,False,False,False,False,False
w378031612_b19_A,50.0,motorcycle,motorcycle_5ab8604a14df,378031612,19,A,3,120.02818608670276,0.987735937793196,0.6542334153564812,2556248135309,2558248135309,2.0,70.0,1.9674114394525944e-06,76.68601160595394,439.3386758555213,1872.3476777814876,551.0704429573007,7447.300792353362,2966.813330356583,primary,,asphalt,False,False,False,False,False
w378031612_b1_A,50.0,motorcycle,motorcycle_5ab8604a14df,378031612,1,A,2,120.08152878156656,0.9664931330577852,2.6855224818435075,2503248136403,2504248136403,2.0,70.0,5.370104972673412e-08,55.57007299588783,248.46406832614863,970.4855861322312,180.89789523440976,8348.78640395519,3102.123854681932,primary,,asphalt,False,False,False,False,False
w378031612_b20_A,50.0,motorcycle,motorcycle_5ab8604a14df,378031612,20,A,4,120.02818608670276,0.9856962687271916,0.9866969571431692,2559248135257,2562248135153,2.0,70.0,6.434651509225801e-07,24.566931918459144,414.4925623726337,1924.466751640044,498.9553567575433,7395.205057194981,2967.259100226785,primary,,asphalt,False,False,False,False,False
w378031612_b21_A,50.0,motorcycle,motorcycle_5ab8604a14df,378031612,21,A,3,120.02356839877922,0.985180671374129,1.2154289204336406,2563248135101,2565248135049,2.0,70.0,6.434651509225801e-07,28.01796399393371,394.3372830718219,1935.1039398501027,446.3753574456018,7342.643966784567,2968.596779448884,primary,,asphalt,False,False,False,False,False
w378031612_b22_A,50.0,motorcycle,motorcycle_5ab8604a14df,378031612,22,A,3,119.98750693658548,0.9837431111262688,1.2000252262732507,2566248135049,2568248134945,2.0,70.0,2.9962563196893865e-05,15.563791836766825,381.7565895595743,1889.0171653606365,400.2939305477056,7296.578291195304,2970.5545945976387,primary,,asphalt,False,False,False,False,False
w378031612_b23_A,50.0,motorcycle,motorcycle_5ab8604a14df,378031612,23,A,3,119.98749140960672,0.9796208487796546,1.53695452919484,2569248134893,2571248134789,2.0,70.0,7.586625621567641e-05,10.850293751507897,374.3535139975044,1841.199934920431,352.4829148500815,7248.781855480646,2973.3870539032264,primary,,asphalt,False,False,False,False,False
w378031612_b24_A,50.0,motorcycle,motorcycle_5ab8604a14df,378031612,24,A,1,120.1317063472024,0.9829759382854402,1.471514392247848,2572248134789,2572248134789,2.0,70.0,9.88181027250677e-05,11.297286535313155,372.43182939518096,1808.357146648552,319.6466042965216,7215.955396041668,2975.682248085556,primary,,asphalt,False,False,False,False,False
w378031612_b2_A,50.0,motorcycle,motorcycle_5ab8604a14df,378031612,2,A,3,120.08124831619848,0.9648349239066208,2.2435171881461238,2505248136403,2507248136351,2.0,70.0,5.370104972673412e-08,16.599728046672148,233.77614589792043,1021.6267573161068,207.1207740153719,8297.664443405103,3087.588008815334,primary,,asphalt,False,False,False,False,False
w378031612_b3_A,50.0,motorcycle,motorcycle_5ab8604a14df,378031612,3,A,3,120.0806873854623,0.9860436427462588,0.791772062717382,2508248136299,2510248136247,2.0,70.0,5.370104972673412e-08,43.28372040897412,228.77973916172857,1076.3853958045663,235.7105808967121,8242.926634380123,3072.8612907627016,primary,,asphalt,False,False,False,False,False
w378031612_b4_A,50.0,motorcycle,motorcycle_5ab8604a14df,378031612,4,A,3,120.0806873854623,0.990708598096106,0.597067818258389,2511248136247,2513248136143,2.0,70.0,5.370104972673412e-08,92.5964570226098,234.84621156746277,1125.6980010606892,260.29031892747645,8193.63303590962,3060.3778762328307,primary,,asphalt,False,False,False,False,False
w378031612_b5_A,50.0,motorcycle,motorcycle_5ab8604a14df,378031612,5,A,4,120.0806873854623,0.9931063076840032,0.30178318691381,2514248136143,2517248136039,2.0,70.0,5.370104972673412e-08,126.8354946623064,250.70005610473245,1176.0358776974645,276.49625991130443,8143.314818138158,3048.425097367788,primary,,asphalt,False,False,False,False,False
w378031612_b6_A,50.0,motorcycle,motorcycle_5ab8604a14df,378031612,6,A,3,120.0806873854623,0.9955592344776036,0.1246691462317633,2518248136039,2520248135987,2.0,70.0,8.89035540779837e-08,154.22528684923572,274.903931991554,1227.416741380223,289.6525318556661,8091.954276097696,3037.01005180147,primary,,asphalt,False,False,False,False,False
w378031612_b7_A,50.0,motorcycle,motorcycle_5ab8604a14df,378031612,7,A,3,120.0806873854623,0.990869116392465,0.476626775477481,2521248135987,2523248135934,2.0,70.0,1.593085627804828e-07,167.94156692252477,304.03914304506515,1276.175794548747,309.73995472742075,8043.214762769785,3026.960193736563,primary,,asphalt,False,False,False,False,False
w378031612_b8_A,50.0,motorcycle,motorcycle_5ab8604a14df,378031612,8,A,3,120.0806873854623,0.9895348386230896,0.3618867796371144,2524248135934,2526248135882,2.0,70.0,1.593085627804828e-07,118.52579719300104,341.0108833251252,1329.522146200521,338.4931523419935,7989.890074388458,3016.8357819204302,primary,,asphalt,False,False,False,False,False
w378031612_b9_A,50.0,motorcycle,motorcycle_5ab8604a14df,378031612,9,A,2,120.0806873854623,0.9859430750143708,1.1252352893820885,2527248135882,2528248135882,2.0,70.0,1.5930856278048285e-07,68.53955317817572,378.85172766372045,1379.5083021502828,370.25461695901583,7939.924479017025,3008.1446431907925,primary,,asphalt,False,False,False,False,False
w39352230_b0_A,50.0,motorcycle,motorcycle_5ab8604a14df,39352230,0,A,1,183.4766444151628,0.5126922651015893,7.894562450565984,2822248129372,2822248129372,1.0,50.0,,38.934335260016525,0.0,1549.0042396115823,1548.4262382544905,3874.432470421283,3696.609330122308,secondary,True,asphalt,False,False,False,False,False
w441627318_b0_A,50.0,motorcycle,motorcycle_5ab8604a14df,441627318,0,A,2,111.49041317091726,0.9219326589413278,0.5106238643115502,2484248136820,2485248136820,2.0,50.0,0.0316927634355066,90.0858861061802,11.989316463973474,616.6173741727508,206.56826428351368,8702.491391423398,3245.396056956856,primary,True,asphalt,False,False,False,False,False
w441627318_b1_A,50.0,motorcycle,motorcycle_5ab8604a14df,441627318,1,A,3,135.823157498396,0.9633985274004188,1.026402180735423,2486248136768,2488248136716,2.0,50.0,0.009126058223871,105.07008176223422,45.84318473128791,651.3713520412051,185.20681139140947,8667.655618321838,3225.8680241813395,primary,True,asphalt,False,False,False,False,False
w441627318_b2_A,50.0,motorcycle,motorcycle_5ab8604a14df,441627318,2,A,2,130.23212958731366,0.9504186224430644,2.7047877386999764,2489248136716,2490248136664,2.0,50.0,0.001757723545255,106.83062484642129,92.302357495082,697.4637166895579,164.8907727609428,8621.584979951851,3199.647401869639,primary,True,asphalt,False,False,False,False,False
w441627318_b3_A,50.0,motorcycle,motorcycle_5ab8604a14df,441627318,3,A,2,124.07744458242804,0.9633503333382788,2.876237615161051,2491248136664,2492248136611,2.0,50.0,0.0023072762327586,56.51966878915796,141.9790915583774,747.568276750917,152.2060341133478,8571.581143619725,3176.2536226771417,primary,True,asphalt,False,False,False,False,False
w441627318_b4_A,50.0,motorcycle,motorcycle_5ab8604a14df,441627318,4,A,1,119.13542343896022,0.9600070148458488,1.5762210512000798,2493248136611,2493248136611,2.0,50.0,0.0036274365026006,19.54738482610243,178.2538822931163,784.5708638138822,149.58104793996824,8534.616036360605,3162.150610339644,primary,True,asphalt,False,False,False,False,False
w492871687_b0_A,50.0,motorcycle,motorcycle_5ab8604a14df,492871687,0,A,3,153.52248097055053,0.9514537511266664,2.065502677030992,2468248137080,2470248137028,2.0,50.0,0.0048717921992615,20.584503089466867,106.70473782557254,456.2501876270888,283.826174272582,8871.830230692183,3381.0669499347587,primary,True,asphalt,False,False,False,False,False
w492871687_b1_A,50.0,motorcycle,motorcycle_5ab8604a14df,492871687,1,A,4,140.94256400349144,0.9611570719876308,1.178707267194725,2471248137028,2474248137028,2.0,50.0,0.0041205879386934,63.48841151866372,50.75371801623736,500.981642019018,294.3588239651342,8821.899623475365,3335.971973013268,primary,True,asphalt,False,False,False,False,False
w492871687_b2_A,50.0,motorcycle,motorcycle_5ab8604a14df,492871687,2,A,3,162.38789064843445,0.9486424981563164,3.083575704829127,2475248137028,2477248137028,2.0,50.0,0.0187871311952849,49.79399355398247,8.347923694352263,538.1459907195186,263.95010121229546,8782.374310507032,3300.822452611205,primary,True,asphalt,False,False,False,False,False
w56158484_b0_B,50.0,motorcycle,motorcycle_5ab8604a14df,56158484,0,B,8,118.6094363492844,0.8741439988996021,7.468851662171343,2224248183643,2231248179841,,,,25.11340965639272,430.0906193874442,2155.664932070938,845.5373840870675,11454.095039637705,4759.675810393412,residential,,,False,False,False,False,False
w56158484_b1_B,50.0,motorcycle,motorcycle_5ab8604a14df,56158484,1,B,9,118.6094363492844,0.8894467804749069,8.266128712121851,2215248188382,2223248184163,,,,73.07380872006371,453.9285418682702,2205.1378247196376,888.9760150443983,11504.116011654844,4801.089294100287,residential,,,False,False,False,False,False
w56158484_b2_B,50.0,motorcycle,motorcycle_5ab8604a14df,56158484,2,B,9,118.6094363492844,0.8806409578700185,8.787503968417422,2206248193018,2214248188903,,,,56.21856172255324,482.0119342263026,2255.987488366401,934.2666828503466,11555.503703398988,4843.798083910188,residential,,,False,False,False,False,False
w56158484_b3_B,50.0,motorcycle,motorcycle_5ab8604a14df,56158484,3,B,8,118.6094363492844,0.827192008491791,9.525900507802357,2197248197236,2205248193486,,,,12.766144277735195,508.5788404383015,2298.987597030444,951.3125519118016,11598.93953645443,4880.0274669675255,residential,,,False,False,False,False,False
w57854226_b0_B,50.0,motorcycle,motorcycle_5ab8604a14df,57854226,0,B,12,37.88633265988148,0.8396103375464267,8.108182092215069,2186248201924,2198248196768,,,0.0022367403237567,20.57318272512368,534.4681303742193,2317.9126031857563,947.0480217093694,11615.602509639588,4882.378092041768,residential,,,False,False,False,False,False
w57854226_b1_B,50.0,motorcycle,motorcycle_5ab8604a14df,57854226,1,B,5,44.55837640684709,0.7085433605287387,11.000207194620776,2181248203955,2185248202340,,,0.0022367403237567,65.14313770240783,573.8007210006956,2332.999115058106,960.3328193962992,11625.216122258886,4865.570611867629,residential,,,False,False,False,False,False
w615494294_b0_A,50.0,motorcycle,motorcycle_5ab8604a14df,615494294,0,A,1,122.80489415551725,0.9892556363627542,0.7844516038540189,2494248136560,2494248136560,2.0,50.0,,3.001547279811796,200.1050012588787,807.0776634934784,150.89273001302124,8512.091435198747,3155.549440749589,primary,,asphalt,False,False,False,False,False
w615494295_b0_A,50.0,motorcycle,motorcycle_5ab8604a14df,615494295,0,A,4,120.02750034059136,0.9774952990574444,1.5803874600553616,2573248134736,2576248134632,2.0,50.0,6.809488357984593e-07,19.141921097027183,373.9733178795815,1771.0753862467825,282.37409013582635,7178.6920112733205,2978.810195613392,primary,,asphalt,False,False,False,False,False
w615494295_b1_A,50.0,motorcycle,motorcycle_5ab8604a14df,615494295,1,A,4,120.0291401235845,0.9836524599044256,1.0702480873523683,2577248134580,2580248134476,2.0,50.0,5.288838822137295e-07,11.570197060993516,365.1510746224525,1719.9705465025402,231.28567941248343,7127.611791883603,2983.8134852436187,primary,,asphalt,False,False,False,False,False
w615494295_b2_A,50.0,motorcycle,motorcycle_5ab8604a14df,615494295,2,A,5,120.0293811936482,0.9852354437374004,0.8174852844158481,2581248134476,2585248134372,2.0,50.0,7.268902145954009e-08,17.351623318775232,316.9270333049045,1669.7793925854014,181.1199729650446,7077.445207423547,2989.5791375425406,primary,,asphalt,False,False,False,False,False
w615494295_b3_A,50.0,motorcycle,motorcycle_5ab8604a14df,615494295,3,A,4,120.0293048125814,0.9932456494937876,0.2086037456929381,2586248134320,2589248134268,2.0,50.0,7.268902145954009e-08,56.22849204142578,271.6374247537818,1624.418718773946,135.79845498147756,7032.107031564271,2995.494162647636,primary,,asphalt,False,False,False,False,False
w615494295_b4_A,50.0,motorcycle,motorcycle_5ab8604a14df,615494295,4,A,10,120.0293048125814,0.973977470218096,0.3752414865824215,2590248134216,2599248134007,2.0,50.0,7.268902145954009e-08,17.999263178892175,213.09026989476212,1565.7329356355367,77.23863211803817,6973.450799871158,3004.170404605594,primary,,asphalt,False,False,False,False,False
w615494296_b0_A,50.0,motorcycle,motorcycle_5ab8604a14df,615494296,0,A,3,120.2301789083671,0.9927095032319616,0.2731842589897529,2634248132393,2636248132289,2.0,50.0,6.0860569982716383e-05,24.59333910601013,177.67404635609637,1119.8813569128488,368.96425021567006,6527.864019066456,3104.951386530707,primary,,asphalt,False,False,False,False,False
w615494296_b1_A,50.0,motorcycle,motorcycle_5ab8604a14df,615494296,1,A,2,120.2301789083671,0.9900432445919662,0.5744703944243947,2637248132237,2638248132184,2.0,50.0,6.0860569982716383e-05,73.84621246948333,226.87022789456745,1070.6290147465313,418.2115762808486,6478.646308542125,3119.681209509228,primary,,asphalt,False,False,False,False,False
w615494296_b2_A,50.0,motorcycle,motorcycle_5ab8604a14df,615494296,2,A,3,120.2301789083671,0.9898492193680684,0.8458565146134746,2639248132132,2641248132080,2.0,50.0,6.0860569982716383e-05,124.0191770312914,277.00743732454663,1020.456647739056,468.3801622030735,6428.509754369887,3135.458121621096,primary,,asphalt,False,False,False,False,False
w615494296_b3_A,50.0,motorcycle,motorcycle_5ab8604a14df,615494296,3,A,2,120.2301789083671,0.989318391621418,0.7270851065840928,2642248132028,2643248131976,2.0,50.0,6.0860569982716383e-05,174.78633869767756,327.7489683677674,969.6901492135275,519.1437032404573,6377.779977446388,3152.105078315573,primary,,asphalt,False,False,False,False,False
w615494296_b4_A,50.0,motorcycle,motorcycle_5ab8604a14df,615494296,4,A,3,120.2301789083671,0.9904034108536504,0.6138139188924739,2644248131976,2646248131872,2.0,50.0,6.0860569982716383e-05,185.2869182250625,378.78798311598206,918.633462967522,570.1981852749403,6326.760789351395,3169.6280158400805,primary,,asphalt,False,False,False,False,False
w615494296_b5_A,50.0,motorcycle,motorcycle_5ab8604a14df,615494296,5,A,2,120.2301789083671,0.9865381816925034,0.8935515167812291,2647248131872,2648248131820,2.0,50.0,6.0860569982716383e-05,135.12222873393233,430.3650139770101,867.042844094633,621.7871220238596,6275.208566824422,3188.017873184717,primary,,asphalt,False,False,False,False,False
w615494296_b6_A,50.0,motorcycle,motorcycle_5ab8604a14df,615494296,6,A,3,120.2301789083671,0.9824910831145892,1.2333869496088816,2649248131820,2651248131768,2.0,50.0,6.0860569982716383e-05,84.27013509790204,481.2060975005531,816.1916859638291,672.6371336147423,6224.395820939525,3206.8978295510983,primary,,asphalt,False,False,False,False,False
w615494296_b7_A,50.0,motorcycle,motorcycle_5ab8604a14df,615494296,7,A,3,120.2301789083671,0.968017514295417,2.174126921715066,2652248131716,2654248131716,2.0,50.0,6.0860569982716383e-05,32.66766571058452,532.7994458145052,764.5902866560933,723.5500707251664,6172.833909383942,3226.727837703054,primary,,asphalt,False,False,False,False,False
w615494296_b8_A,50.0,motorcycle,motorcycle_5ab8604a14df,615494296,8,A,3,119.685649351755,0.9635244995750928,2.689918529338301,2655248131664,2657248131612,2.0,50.0,6.0860569982716383e-05,12.569559997325134,575.8258697936726,721.5547944085062,709.3619381906163,6129.826335409347,3243.95813820804,primary,,asphalt,False,False,False,False,False
w615494296_b9_A,50.0,motorcycle,motorcycle_5ab8604a14df,615494296,9,A,2,119.41338764743278,0.9672988409356592,2.7497517946820382,2658248131612,2659248131559,2.0,50.0,6.0860569982716383e-05,8.446916304679547,612.8966037093538,684.4692683696295,672.3617911510239,6092.7526932197725,3259.5234162253623,primary,,asphalt,False,False,False,False,False
w615494297_b0_A,50.0,motorcycle,motorcycle_5ab8604a14df,615494297,0,A,6,119.79230480202476,0.9769573418926846,1.729092996505553,2695248130257,2700248130153,2.0,50.0,4.769680902000822e-06,24.62993563791705,1086.3465242237712,210.88915635678552,201.88605591252744,5619.474581612879,3483.899898470765,primary,,asphalt,False,False,False,False,False
w615494297_b10_A,50.0,motorcycle,motorcycle_5ab8604a14df,615494297,10,A,1,119.79498081647355,0.9886222710377528,0.4079541786896566,2749248129164,2749248129164,2.0,50.0,1.1199032597758764e-07,41.00621903047024,749.710891585991,292.1812870069885,291.6015395242332,5116.752392706798,3773.712138340596,primary,,asphalt,False,False,False,False,False
w615494297_b11_A,50.0,motorcycle,motorcycle_5ab8604a14df,615494297,11,A,2,119.79498081647355,0.9858185650761896,0.666407552312592,2750248129111,2751248129111,2.0,50.0,1.1199032597758764e-07,77.65339239032446,712.7676138520875,332.9873277584896,332.40758027371203,5075.977690822718,3799.188017813473,primary,,asphalt,False,False,False,False,False
w615494297_b12_A,50.0,motorcycle,motorcycle_5ab8604a14df,615494297,12,A,2,119.79498081647355,0.9834477562743188,1.2720626228208674,2752248129060,2753248129060,2.0,50.0,0.0007546904408692,91.26103885407431,665.6710423388832,385.7093571763454,385.1296096895561,5023.2968655766845,3813.059089777676,primary,,asphalt,False,False,False,False,False
w615494297_b13_A,50.0,motorcycle,motorcycle_5ab8604a14df,615494297,13,A,2,119.79498081647355,0.983530822266832,0.8120787909435312,2754248129007,2755248129007,2.0,50.0,0.0015092688914125,71.15344286635678,621.5681879472952,436.024238713628,435.44449122537605,4973.02212173041,3806.353863038548,primary,,asphalt,False,False,False,False,False
w615494297_b14_A,50.0,motorcycle,motorcycle_5ab8604a14df,615494297,14,A,2,119.79498081647355,0.9590010118395292,0.8408972418856805,2756248128955,2757248128955,2.0,50.0,0.0015092688914125,23.45011626855964,580.689868924368,483.7275653100557,483.1478178207003,4925.357607824804,3800.601996341554,primary,,asphalt,False,False,False,False,False
w615494297_b15_A,50.0,motorcycle,motorcycle_5ab8604a14df,615494297,15,A,2,106.41877270361904,0.9695144142681824,1.6143966609869524,2758248128903,2759248128903,2.0,50.0,0.0015092688914125,13.864892439125072,537.7989821291003,531.2459992421618,530.6663045902137,4877.685977611258,3789.7786499672775,primary,,asphalt,False,False,False,False,False
w615494297_b1_A,50.0,motorcycle,motorcycle_5ab8604a14df,615494297,1,A,6,119.79230480202476,0.9685637571654944,2.2037197551957504,2701248130101,2706248129997,2.0,50.0,4.769680902000822e-06,74.26308836820563,1135.968065324019,161.25600363167038,153.7168002861841,5569.872942570783,3510.348786816277,primary,,asphalt,False,False,False,False,False
w615494297_b2_A,50.0,motorcycle,motorcycle_5ab8604a14df,615494297,2,A,6,119.79230480202476,0.9755310535608248,1.6586512793056922,2707248129997,2712248129893,2.0,50.0,4.769680902000822e-06,67.76977714171682,1129.947466588859,111.69645998562636,106.08956855354393,5520.345441512487,3537.265162127948,primary,,asphalt,False,False,False,False,False
w615494297_b3_A,50.0,motorcycle,motorcycle_5ab8604a14df,615494297,3,A,10,119.7934143540014,0.937370427871671,2.080941706488601,2713248129893,2722248129684,2.0,50.0,8.920442847896411e-06,18.15289311054902,1080.7509422645514,60.44693104164936,56.87347986102985,5469.129652558647,3565.6118162628577,primary,,asphalt,False,False,False,False,False
w615494297_b4_A,50.0,motorcycle,motorcycle_5ab8604a14df,615494297,4,A,17,119.79768706077176,0.8434683421714843,1.4677886886244411,2723248129684,2739248129320,2.0,50.0,3.761666814357609e-05,12.837337243602867,1045.1390459779177,24.342996243156623,24.70314337381021,5431.9350674550815,3586.498802320192,primary,,asphalt,False,False,False,False,False
w615494297_b5_A,50.0,motorcycle,motorcycle_5ab8604a14df,615494297,5,A,2,119.79428240922896,0.9813213785909102,1.5284213631829058,2740248129320,2741248129320,2.0,50.0,4.1711191528423124e-07,46.1457145901224,979.0979209523066,46.1457145901224,45.56596707649359,5362.609467609386,3626.1581255123538,primary,,asphalt,False,False,False,False,False
w615494297_b6_A,50.0,motorcycle,motorcycle_5ab8604a14df,615494297,6,A,1,119.79352577593204,0.9792129523502672,1.6775004230878463,2742248129320,2742248129320,2.0,50.0,4.007353964243845e-08,36.848949945949606,937.2353518291368,90.37059637665676,89.79084888384745,5318.415429261201,3651.885256961415,primary,,asphalt,False,False,False,False,False
w615494297_b7_A,50.0,motorcycle,motorcycle_5ab8604a14df,615494297,7,A,2,119.79364378892242,0.9807089604665852,1.3926180330595674,2743248129268,2744248129268,2.0,50.0,4.007353964243845e-08,14.745857521832392,894.733325632679,135.5451019517939,134.96535446633635,5273.27301220353,3678.563828046312,primary,,asphalt,False,False,False,False,False
w615494297_b8_A,50.0,motorcycle,motorcycle_5ab8604a14df,615494297,8,A,2,119.7937618019128,0.9796430598387936,1.6478114239723454,2745248129268,2746248129268,2.0,50.0,7.603193281001306e-08,47.16588536292369,840.094742354589,194.0409981991399,193.4612507172852,5214.819461389758,3713.616484529868,primary,,asphalt,False,False,False,False,False
w615494297_b9_A,50.0,motorcycle,motorcycle_5ab8604a14df,615494297,9,A,2,119.79437130919318,0.9802017960939616,1.2507330424747227,2747248129216,2748248129216,2.0,50.0,1.1199032597758764e-07,13.808921456208044,787.8415307332939,250.543720698763,249.96397321806808,5158.35855452473,3748.027703751434,primary,,asphalt,False,False,False,False,False
w64922143_b0_A,50.0,motorcycle,motorcycle_5ab8604a14df,64922143,0,A,2,180.05673684493888,0.983340393562632,1.4274684191231168,2422248134059,2423248134216,2.0,50.0,,24.705683894998774,462.5518417979039,983.0685926438612,530.5770757706928,9519.92123502552,4435.064944072878,primary,,asphalt,False,False,False,False,False
w64922143_b1_A,50.0,motorcycle,motorcycle_5ab8604a14df,64922143,1,A,3,180.05673684493888,0.9813485952601372,1.5174479427747949,2424248134320,2426248134580,2.0,50.0,,71.40618953207759,421.1501129674867,933.8671005354404,479.5947592093608,9490.498270859258,4382.65726088179,primary,,asphalt,False,False,False,False,False
w64922143_b2_A,50.0,motorcycle,motorcycle_5ab8604a14df,64922143,2,A,2,180.05673684493888,0.9749641807002576,1.7947316023368256,2427248134736,2428248134841,2.0,50.0,,50.4920917940092,378.7898753167891,887.7040601148178,431.73165401637687,9462.87265593704,4333.146622000375,primary,,asphalt,False,False,False,False,False
w64922143_b3_A,50.0,motorcycle,motorcycle_5ab8604a14df,64922143,3,A,2,180.05673684493888,0.9646321427735172,2.517162796188905,2429248134997,2430248135101,2.0,50.0,,12.316987294027609,341.6906380117939,852.4141121708248,395.1578776197674,9441.719432750557,4295.0084575762985,primary,,asphalt,False,False,False,False,False
w64922146_b0_A,50.0,motorcycle,motorcycle_5ab8604a14df,64922146,0,A,2,179.19720333298363,0.97623799245192,1.7514404168858186,2420248133799,2421248133903,2.0,50.0,,5.559508701220824,501.517645252876,1027.1823215542458,576.2704182943487,9546.64319039686,4481.8536251187725,primary,,asphalt,False,True,False,False,False
w68153527_b0_A,50.0,motorcycle,motorcycle_5ab8604a14df,68153527,0,A,3,118.78837357061936,0.9630831944868974,1.4073710799374737,2825248129476,2827248129528,2.0,,0.003636188988339,39.89581758320121,15.147861805494058,1605.0441707873051,1503.5980067271746,3816.610301880508,3638.419918483704,primary,True,asphalt,False,False,False,False,False
w68153527_b1_A,50.0,motorcycle,motorcycle_5ab8604a14df,68153527,1,A,1,123.00717265357844,0.9383053804855858,2.6992637473849017,2828248129528,2828248129528,2.0,,0.003636188988339,2.468124160544311,53.35795740179392,1645.6546831948672,1463.5064062700535,3776.127783376493,3598.409578426933,primary,True,asphalt,False,False,False,False,False
w69488562_b0_B,50.0,motorcycle,motorcycle_5ab8604a14df,69488562,0,B,3,73.9001345793111,0.9505286028109836,3.621439815814012,3080248146872,3082248147028,,,,18.909461169345587,58.09028673079974,330.4404215663967,50.50724966719963,224.912333579921,436.0467898508048,unclassified,,,False,False,False,False,False
w69488562_b1_B,50.0,motorcycle,motorcycle_5ab8604a14df,69488562,1,B,1,73.9001345793111,0.9330023769498622,4.606326506337815,3079248146768,3079248146768,,,,6.27470882849209,27.853661559518997,357.2773006122465,20.271145335341185,255.1360087567425,466.2833398674424,unclassified,,,False,False,False,False,False
w695751889_b0_B,50.0,motorcycle,motorcycle_5ab8604a14df,695751889,0,B,3,99.66941517896142,0.9755954221534984,0.8040716207910803,2953248137445,2955248137601,2.0,50.0,0.0090849459446653,7.263091793237526,101.5267956399904,989.3335519395648,15.247552303622262,1441.061096448598,1395.4731273052275,secondary,,asphalt,False,False,False,False,False
w70792324_b0_A,50.0,motorcycle,motorcycle_5ab8604a14df,70792324,0,A,2,60.37026909064333,0.948741872069332,3.0427793023738303,3124248151403,3125248151507,,,0.0065959858069483,8.047415160878044,8.953615015795128,453.2372902367443,56.70929500693671,380.3698184129932,58.39834977303824,residential,True,asphalt,False,False,False,False,False
w70792327_b0_A,50.0,motorcycle,motorcycle_5ab8604a14df,70792327,0,A,1,41.19620587223044,0.8910785705706622,4.479229769734795,3120248150934,3120248150934,,,0.0445205726558492,13.5594457994267,7.686197146881208,495.8024240325069,15.933720220455372,355.05260172487795,20.86474530456285,tertiary,True,asphalt,False,False,False,False,False
w711388111_b0_A,50.0,motorcycle,motorcycle_5ab8604a14df,711388111,0,A,3,136.92865499320456,0.9014745251744976,3.3247696691164186,3071248145934,3073248146143,,,,5.239642388383004,4.643309938584522,342.10320426187764,21.20943868761235,302.4655288401646,504.3294198236308,unclassified,True,asphalt,False,False,False,False,False
w711388114_b0_A,50.0,motorcycle,motorcycle_5ab8604a14df,711388114,0,A,1,59.47924131333558,0.8950091617642428,3.4304171268866157,3077248146559,3077248146559,,,0.0001270529947332,10.789627465565266,1.0607082075980303,357.9893354420017,6.865368206793637,282.1061766409372,493.22566557046304,unclassified,True,,False,False,False,False,False
w711388115_b0_B,50.0,motorcycle,motorcycle_5ab8604a14df,711388115,0,B,1,76.89974598294765,0.916044459743569,5.282290703376492,3078248146664,3078248146664,,,,2.339716604544957,13.720980850907129,370.1947991253776,6.196714509818133,269.2476322413756,480.4063437144282,unclassified,,,False,False,False,False,False
w716932550_b0_A,50.0,motorcycle,motorcycle_5ab8604a14df,716932550,0,A,4,80.78700151326044,0.8769121433779686,2.367845000656665,3038248143278,3041248143486,,,0.0826722909297471,18.004567481960358,1.0017460618285636,248.7931300242428,126.4853534177438,654.4000968982355,736.1654787199277,unclassified,True,asphalt,True,False,False,False,False
w716932551_b0_A,50.0,motorcycle,motorcycle_5ab8604a14df,716932551,0,A,3,76.08484723825211,0.9739341429355268,0.8236111259828278,3046248143903,3048248144059,,,,8.489448687526087,52.91102708688653,261.5662930313754,150.80035456088217,591.4838789038016,670.2086192110563,unclassified,,asphalt,False,False,False,False,False
w717148552_b0_A,50.0,motorcycle,motorcycle_5ab8604a14df,717148552,0,A,6,115.46160935579988,0.9294549376610808,1.3432933229204933,3065248145361,3070248145882,2.0,,0.0150341515572306,11.750553116735016,26.36138012941853,335.11372111772044,41.95966001286888,317.6234423633189,503.9003099261684,unclassified,,asphalt,False,False,False,False,False
w717185016_b0_A,50.0,motorcycle,motorcycle_5ab8604a14df,717185016,0,A,3,101.90141943446044,0.9824228899572018,0.505138926255217,3061248145049,3063248145205,2.0,,,16.47519830633781,86.97987312002927,304.0006685345457,29.87225421740511,373.211008720172,525.9764805404858,unclassified,,asphalt,False,False,False,False,False
w717185016_b1_A,50.0,motorcycle,motorcycle_5ab8604a14df,717185016,1,A,1,101.90141943446044,0.9710837765527828,1.633742976918112,3064248145310,3064248145310,2.0,,,2.44093556557642,57.77339970012009,318.57016408049634,56.50621560824054,345.7736921532203,513.4888602227322,unclassified,,asphalt,False,False,False,False,False
w717185017_b0_A,50.0,motorcycle,motorcycle_5ab8604a14df,717185017,0,A,3,103.8187504510807,0.9902879695688392,0.7266553156160208,3056248144632,3058248144789,,,3.881993478588824e-06,30.943944471407438,167.34950524490807,276.776527339056,15.827951070840635,454.6516164467318,567.8953366190536,unclassified,,asphalt,False,False,False,False,False
w717185017_b1_A,50.0,motorcycle,motorcycle_5ab8604a14df,717185017,1,A,2,103.81173593912274,0.9876673567144484,0.7295678953554364,3059248144841,3060248144945,,,3.881993478588824e-06,18.396255661004485,129.60490485228587,287.0808031035628,19.29290398774492,413.3208095283897,545.669671520369,unclassified,,asphalt,False,False,False,False,False
w718496900_b0_A,50.0,motorcycle,motorcycle_5ab8604a14df,718496900,0,A,2,145.76678671802696,0.5024073076957395,1.379216022918174,3074248146247,3075248146351,,,0.1098006967105102,15.474693488470866,0.5018750139871665,340.44266398831365,9.005681286611534,300.0489625066612,510.0982087967767,unclassified,True,asphalt,True,False,False,False,False
w72561441_b0_B,50.0,motorcycle,motorcycle_5ab8604a14df,72561441,0,B,3,112.49484337688568,0.9846461036598756,0.6575796761305241,2949248137028,2951248137237,2.0,50.0,0.0007379502532812,9.4265600771563,157.04091138846118,1043.8570542349592,43.232265277498776,1496.298618137818,1447.0303703393108,secondary,,asphalt,False,False,False,False,False
w72561441_b10_B,50.0,motorcycle,motorcycle_5ab8604a14df,72561441,10,B,3,130.00592093064117,0.96825802160013,2.227288314213732,2918248134268,2920248134424,2.0,50.0,0.0003241289120236,12.89465675126251,638.0847661706475,1540.816820855477,13.72661744994516,1987.651114519744,1908.2364795931544,secondary,,asphalt,False,False,False,False,False
w72561441_b11_B,50.0,motorcycle,motorcycle_5ab8604a14df,72561441,11,B,2,130.67980490542465,0.9772830851207832,1.3950447765127207,2916248134059,2917248134164,2.0,50.0,0.0003241289120236,38.1481905264333,598.2685336897869,1587.799665360686,53.81286577196223,2030.0017134625289,1945.7099515231512,secondary,,asphalt,False,False,False,False,False
w72561441_b12_B,50.0,motorcycle,motorcycle_5ab8604a14df,72561441,12,B,2,130.67980490542465,0.9892712557892164,0.5867539934940981,2914248133903,2915248134007,2.0,50.0,0.0002711268789415,37.26153180134533,555.6805147115826,1629.0442374140569,96.39556341429186,2067.3058583338307,1978.894808835722,secondary,,asphalt,False,False,False,False,False
w72561441_b13_B,50.0,motorcycle,motorcycle_5ab8604a14df,72561441,13,B,3,129.7738588183841,0.994570208686588,0.2833642722289736,2911248133643,2913248133799,2.0,50.0,0.0001853004407405,7.494510439253818,501.1360370422517,1682.072469129179,150.93560622593836,2115.587699339647,2022.1934282874536,secondary,,asphalt,False,False,False,False,False
w72561441_b14_B,50.0,motorcycle,motorcycle_5ab8604a14df,72561441,14,B,2,129.2991171728741,0.9925877583976328,0.4648457473528776,2909248133487,2910248133539,2.0,50.0,0.0004524925602686,27.116718956256243,448.5336233096079,1733.480937755029,203.537695237678,2162.776104714424,2064.8920485268027,secondary,,asphalt,False,False,False,False,False
w72561441_b15_B,50.0,motorcycle,motorcycle_5ab8604a14df,72561441,15,B,2,128.1137557834115,0.9870363318887132,0.6325626412104859,2907248133330,2908248133382,2.0,50.0,0.0008913375561988,8.528248039907481,413.55666988489264,1767.724767714888,207.33107777764965,2194.332301270734,2093.5915891421973,secondary,,asphalt,False,False,False,False,False
w72561441_b1_B,50.0,motorcycle,motorcycle_5ab8604a14df,72561441,1,B,4,113.74646637123487,0.995583469410398,0.1858544264831261,2945248136611,2948248136924,2.0,50.0,0.0006057146335319,58.947133142117565,210.5130266089808,1098.4218401847224,97.96594545752278,1549.0594786531722,1494.8743203074655,secondary,,asphalt,False,False,False,False,False
w72561441_b2_B,50.0,motorcycle,motorcycle_5ab8604a14df,72561441,2,B,2,113.74646637123487,0.992109751139105,0.4814335827958894,2943248136455,2944248136560,2.0,50.0,0.0002090077742837,109.6262970984293,260.3967057607941,1148.969934310156,148.64505456632543,1597.959571653548,1539.4447615092863,secondary,,asphalt,False,False,False,False,False
w72561441_b3_B,50.0,motorcycle,motorcycle_5ab8604a14df,72561441,3,B,3,113.38334704188024,0.9951903513364484,0.3623720384554874,2940248136195,2942248136351,2.0,50.0,0.0013198486924538,132.44617442918815,304.7740571199521,1193.6954701069071,139.7168075454899,1641.3351714369085,1579.2380692857814,secondary,,asphalt,False,False,False,False,False
w72561441_b4_B,50.0,motorcycle,motorcycle_5ab8604a14df,72561441,4,B,3,102.70551037559004,0.9814023472139316,0.6105100179862292,2937248135882,2939248136091,2.0,50.0,0.0038768563319083,86.94507878785573,357.531717311289,1245.976142408206,87.68867321391866,1693.3863910479924,1628.136851634879,secondary,,asphalt,False,False,False,False,False
w72561441_b5_B,50.0,motorcycle,motorcycle_5ab8604a14df,72561441,5,B,3,96.81335255483803,0.9946028109677691,0.3488330824456531,2934248135674,2936248135830,2.0,50.0,0.0007423967667359,34.91445480638287,409.119655231402,1295.3495780919486,35.744714047644244,1745.409989212597,1679.208338943478,secondary,,asphalt,False,False,False,False,False
w72561441_b6_B,50.0,motorcycle,motorcycle_5ab8604a14df,72561441,6,B,3,97.14582636279864,0.988669020239897,0.486756018644091,2931248135414,2933248135570,2.0,50.0,0.0001194314278373,15.944449985653607,458.6968204763644,1342.6404801650715,16.124323340838483,1795.4376003440643,1728.6389402840234,secondary,,asphalt,False,False,False,False,False
w72561441_b7_B,50.0,motorcycle,motorcycle_5ab8604a14df,72561441,7,B,3,98.53775568271033,0.9886303361724252,0.6649771180688238,2928248135205,2930248135362,2.0,50.0,0.0014033947635576,64.03779470666308,507.2231618920339,1389.0922583988752,63.349912791036736,1844.285239874418,1776.8724062089314,secondary,,asphalt,False,False,False,False,False
w72561441_b8_B,50.0,motorcycle,motorcycle_5ab8604a14df,72561441,8,B,4,116.28169831957337,0.9776863154229852,1.3358823298424174,2924248134841,2927248135101,2.0,50.0,0.0048376567344644,90.82017701256127,560.1188733840231,1441.2943066667335,90.68821292571772,1896.8882820685628,1827.4206519064628,secondary,,asphalt,False,False,False,False,False
w72561441_b9_B,50.0,motorcycle,motorcycle_5ab8604a14df,72561441,9,B,3,128.6580597382807,0.9739370628942612,1.8028577608287475,2921248134528,2923248134736,2.0,50.0,0.0022404050128808,45.068313146512416,608.6703067206569,1492.1855557010222,44.86926729706192,1943.6741375495264,1869.313025808554,secondary,,asphalt,False,False,False,False,False
w72561466_b0_B,50.0,motorcycle,motorcycle_5ab8604a14df,72561466,0,B,1,106.7610032365862,0.983914439457847,0.3676488135510236,2952248137341,2952248137341,2.0,50.0,,4.854905614217804,127.95268513005357,1014.6435032708492,13.968511324699891,1467.4458732135254,1420.5511993434932,secondary,,asphalt,False,True,False,False,False
w72561505_b0_A,50.0,motorcycle,motorcycle_5ab8604a14df,72561505,0,A,6,114.77766258425623,0.9085416020525092,4.441124852263479,2961248138122,2966248138539,2.0,50.0,0.0119016363819065,20.649559681813148,17.706922472310037,909.735338905868,9.420609596379194,1356.8156619605213,1315.1823617577977,secondary,True,asphalt,False,False,False,False,False
w72881097_b0_A,50.0,motorcycle,motorcycle_5ab8604a14df,72881097,0,A,5,138.80880869963917,0.9632644120484496,1.0250579442595495,2813248129216,2817248129268,2.0,,0.0051264424632879,26.237342030493448,35.57172465899149,1489.0754603461662,1488.496694397551,3929.335070036456,3748.2269026975714,primary,True,asphalt,False,False,False,False,False
w72881097_b1_A,50.0,motorcycle,motorcycle_5ab8604a14df,72881097,1,A,2,149.00594692307214,0.908935978870376,4.504283458606319,2818248129320,2819248129320,2.0,,0.0051264424632879,57.39506932393021,8.885078402523565,1518.6487525350244,1518.0702189377243,3901.403068467272,3721.5077043211113,primary,True,asphalt,False,False,False,False,False
w847429385_b0_A,50.0,motorcycle,motorcycle_5ab8604a14df,847429385,0,A,4,86.17938253386946,0.9640579742575124,0.8223661084782186,2360248124112,2363248124684,2.0,50.0,,31.93944804058441,19.432759223626764,1838.8908177033984,82.13427913331755,10871.013209927602,5244.09016082054,primary,True,asphalt,False,False,False,False,False
w847429388_b0_A,50.0,motorcycle,motorcycle_5ab8604a14df,847429388,0,A,5,70.91712074823228,0.9547655493384568,1.6055400750132829,2347248121403,2351248122289,2.0,50.0,0.0062058324266509,23.57166305638291,39.06297702434218,1876.3493253313725,29.355387943395023,10953.721383893966,5250.045441909319,primary,True,asphalt,False,False,False,False,False
w847429388_b1_A,50.0,motorcycle,motorcycle_5ab8604a14df,847429388,1,A,2,89.63742573239816,0.904110505763241,0.4480055937018126,2352248122497,2353248122705,2.0,50.0,0.0368199419463933,54.49333140235466,8.29344089608512,1868.8671926527843,4.616463039011081,10933.27491602694,5251.890349092315,primary,True,asphalt,False,False,False,False,False
w847429389_b0_A,50.0,motorcycle,motorcycle_5ab8604a14df,847429389,0,A,3,101.10241917344732,0.9912221166518614,0.5265080995357135,2364248124841,2366248125205,2.0,50.0,0.0043264835568216,20.43177610179341,71.27433063459982,1815.2588651691613,133.9596831061325,10827.140974156291,5233.428032671464,primary,,asphalt,False,False,False,False,False
w847429389_b10_A,50.0,motorcycle,motorcycle_5ab8604a14df,847429389,10,A,1,110.60762768609588,0.9725402991969248,1.4741372389568237,2391248129476,2391248129476,2.0,50.0,0.0013705394732249,120.32046885355912,301.9315411240892,1447.067128526509,617.6014741693463,10330.909909434513,4938.700731777399,primary,,asphalt,False,False,False,False,False
w847429389_b11_A,50.0,motorcycle,motorcycle_5ab8604a14df,847429389,11,A,2,103.61414956904208,0.993416300634802,0.2368716670554488,2392248129632,2393248129789,2.0,50.0,0.0013705394732249,72.52679827875522,305.2186464335059,1424.670356749427,666.6409244127991,10284.302214530082,4921.579440644469,primary,,asphalt,False,False,False,False,False
w847429389_b12_A,50.0,motorcycle,motorcycle_5ab8604a14df,847429389,12,A,1,103.61414956904208,0.9870817356830176,0.7835947038020611,2394248129945,2394248129945,2.0,50.0,0.0013705394732249,28.8441794388058,316.2000599082561,1405.6342749627097,713.4830339679722,10240.16230659259,4906.859750683182,primary,,asphalt,False,False,False,False,False
w847429389_b1_A,50.0,motorcycle,motorcycle_5ab8604a14df,847429389,1,A,4,114.61803388861952,0.9526996162989192,2.7178311764762477,2367248125414,2370248125935,2.0,50.0,0.002972284716935,74.08992961101804,123.86790023792604,1779.0859686648566,185.3372575748272,10775.440503122189,5208.253383567489,primary,,asphalt,False,False,False,False,False
w847429389_b2_A,50.0,motorcycle,motorcycle_5ab8604a14df,847429389,2,A,3,119.06745312602128,0.9385792677425862,4.1546841486652335,2371248126091,2373248126455,2.0,50.0,0.0001824569837541,130.51849612002175,178.91375218503572,1735.3260400390702,238.6533714429712,10718.797524157197,5174.391734883837,primary,,asphalt,False,False,False,False,False
w847429389_b3_A,50.0,motorcycle,motorcycle_5ab8604a14df,847429389,3,A,3,122.10970803932923,0.9661547730495345,2.165243676594486,2374248126664,2376248127028,2.0,50.0,0.0005441551980931,178.22578070999722,225.492323437032,1697.4780382253205,284.13046832870924,10670.76799378986,5144.225217732642,primary,,asphalt,False,False,False,False,False
w847429389_b4_A,50.0,motorcycle,motorcycle_5ab8604a14df,847429389,4,A,3,123.63029933149627,0.9770630015603547,1.4168374178608625,2377248127185,2379248127549,2.0,50.0,0.0005441551980931,218.6965409417851,274.91241248327884,1655.869277331169,332.69916801792414,10619.359187146098,5110.090067781111,primary,,asphalt,False,False,False,False,False
w847429389_b5_A,50.0,motorcycle,motorcycle_5ab8604a14df,847429389,5,A,2,123.63029933149627,0.9904868653148944,0.5061554668858443,2380248127705,2381248127862,2.0,50.0,0.0006614768261779,225.7233066720636,318.4771122198357,1619.9330146687864,375.6177878980399,10574.523333790052,5080.434417507791,primary,,asphalt,False,False,False,False,False
w847429389_b6_A,50.0,motorcycle,motorcycle_5ab8604a14df,847429389,6,A,3,123.63029933149627,0.9946954503129816,0.0923693377259492,2382248128070,2384248128382,2.0,50.0,0.0007787984542627,238.14201282061117,362.8544973188459,1584.0953035947855,419.44054418860895,10529.195824843338,5050.69621957551,primary,,asphalt,False,False,False,False,False
w847429389_b7_A,50.0,motorcycle,motorcycle_5ab8604a14df,847429389,7,A,2,123.63029933149627,0.9619872037412452,1.2475579455957533,2385248128591,2386248128747,2.0,50.0,0.0007787984542627,256.5051894113832,363.9949158939489,1547.7850920982828,464.716914956725,10482.658502863698,5020.391145085618,primary,,asphalt,False,False,False,False,False
w847429389_b8_A,50.0,motorcycle,motorcycle_5ab8604a14df,847429389,8,A,2,116.94544904538688,0.9544070710100838,3.5356605095300537,2387248128903,2388248129060,2.0,50.0,0.0007787984542627,225.38617920381324,336.4057373387218,1514.0407114106956,509.40180579457376,10437.324836196383,4992.3753943749725,primary,,asphalt,False,False,False,False,False
w847429389_b9_A,50.0,motorcycle,motorcycle_5ab8604a14df,847429389,9,A,2,113.7765383657414,0.9641179697823768,2.4074419481308222,2389248129216,2390248129372,2.0,50.0,0.0016436649406383,167.2737161270665,311.49611244889803,1474.747272715765,569.2252882918028,10378.03424800975,4960.629912191887,primary,,asphalt,False,False,False,False,False
w847429395_b0_A,50.0,motorcycle,motorcycle_5ab8604a14df,847429395,0,A,1,100.88438613673358,0.9831869764044416,1.1775426613864357,2398248130518,2398248130518,2.0,50.0,,27.19574129100097,374.9480451681454,1365.2566091208196,836.4525150470096,10125.438187139407,4873.105533587535,primary,,asphalt,False,False,False,False,False
w847429400_b0_A,50.0,motorcycle,motorcycle_5ab8604a14df,847429400,0,A,1,102.31454933843033,0.9764351955857652,1.74087342357166,2397248130362,2397248130362,2.0,50.0,,0.0,355.3846217468641,1374.3048730751957,803.7136309532885,10155.724148418412,4881.072831880197,primary,,asphalt,False,False,False,False,False
w847429403_b0_A,50.0,motorcycle,motorcycle_5ab8604a14df,847429403,0,A,2,102.30872984088876,0.9848238438713448,1.1263698143397178,2395248130101,2396248130205,2.0,50.0,,12.433770411131276,333.60390293272565,1388.8818739544622,759.1978974371917,10197.268244038016,4893.317750235645,primary,,asphalt,False,False,False,False,False
w847429404_b0_A,50.0,motorcycle,motorcycle_5ab8604a14df,847429404,0,A,2,100.87141051337548,0.9823969414014064,1.519426411267042,2399248130674,2400248130830,2.0,50.0,0.0003148990939502,20.46998832345438,406.2195561023749,1353.661782663597,883.5659183563148,10081.94397466281,4862.056488388697,primary,,asphalt,False,False,False,False,False
w847429404_b10_A,50.0,motorcycle,motorcycle_5ab8604a14df,847429404,10,A,2,172.04387756178158,0.9710357271831224,1.5038502006197216,2416248133226,2417248133382,2.0,50.0,0.0022559468304211,94.93626099895836,598.6847114315656,1127.4954106685443,680.8372424311971,9614.432140921692,4589.224461465836,primary,,asphalt,False,False,False,False,False
w847429404_b11_A,50.0,motorcycle,motorcycle_5ab8604a14df,847429404,11,A,2,176.51950484174853,0.9596756646568508,2.8712501485188486,2418248133539,2419248133695,2.0,50.0,0.0022559468304211,37.87971079404184,546.3957778428203,1074.7698222511815,625.7698170519905,9577.674394991483,4532.664479095166,primary,,asphalt,False,False,False,False,False
w847429404_b1_A,50.0,motorcycle,motorcycle_5ab8604a14df,847429404,1,A,2,102.3993082298811,0.989164313043408,0.4321596013531272,2401248130935,2402248131143,2.0,50.0,0.0003148990939502,83.87299202593343,450.9811248540351,1339.570251408354,939.1902065710206,10023.721701534058,4846.996724226345,primary,,asphalt,False,False,False,False,False
w847429404_b2_A,50.0,motorcycle,motorcycle_5ab8604a14df,847429404,2,A,1,102.3993082298811,0.991432454012162,0.3626326190004837,2403248131247,2403248131247,2.0,50.0,0.0008238725477678,130.74790744474828,486.3271546660793,1330.4435085869577,935.3813518455856,9980.527708978549,4835.882150588997,primary,,asphalt,False,False,False,False,False
w847429404_b3_A,50.0,motorcycle,motorcycle_5ab8604a14df,847429404,3,A,2,104.3742157757535,0.9854108519650786,0.1104701896891066,2404248131403,2405248131559,2.0,50.0,0.0008238725477678,174.85570484705548,521.0286837284142,1322.7950923395438,918.9883685901356,9939.647936789608,4825.188392900893,primary,,asphalt,False,False,False,False,False
w847429404_b4_A,50.0,motorcycle,motorcycle_5ab8604a14df,847429404,4,A,2,115.870387383808,0.9769482114560732,0.714180882279798,2406248131716,2407248131872,2.0,50.0,0.0028671878615,231.53829515314808,564.134532759093,1308.9209884966815,894.7092632013191,9884.861424989564,4806.04779064727,primary,,asphalt,False,False,False,False,False
w847429404_b5_A,50.0,motorcycle,motorcycle_5ab8604a14df,847429404,5,A,1,121.84403480828296,0.9749306611821597,1.5458217957583824,2408248132028,2408248132028,2.0,50.0,0.0021341542075445,273.0439993535675,593.7064322105659,1294.1054182910946,872.9288256980321,9842.706493726171,4786.47873813033,primary,,asphalt,False,False,False,False,False
w847429404_b6_A,50.0,motorcycle,motorcycle_5ab8604a14df,847429404,6,A,2,127.46496823773472,0.9609270937716476,1.2866913414498944,2409248132184,2410248132341,2.0,50.0,0.0041778018282121,290.1610015672777,621.2430101255715,1275.6018744656662,848.1428500607913,9799.808510730869,4762.491076078655,primary,,asphalt,False,False,False,False,False
w847429404_b7_A,50.0,motorcycle,motorcycle_5ab8604a14df,847429404,7,A,2,140.78372534419367,0.9624152333022424,1.515001483167592,2411248132497,2412248132653,2.0,50.0,0.0030267228883605,240.01491781850515,652.8673581330042,1243.1254436159393,808.4853079982873,9742.722272464343,4722.283177309069,primary,,asphalt,False,False,False,False,False
w847429404_b8_A,50.0,motorcycle,motorcycle_5ab8604a14df,847429404,8,A,1,148.99319898339303,0.9694760072433504,0.785363985530957,2413248132810,2413248132810,2.0,50.0,0.0031228237669786,198.41091524692425,673.4824633275052,1213.6842268337018,774.4411897341613,9700.657068205772,4686.908767416675,primary,,asphalt,False,False,False,False,False
w847429404_b9_A,50.0,motorcycle,motorcycle_5ab8604a14df,847429404,9,A,2,158.66151576935746,0.9784371378370372,0.4492916307925733,2414248132914,2415248133122,2.0,50.0,0.003838528362881,154.77323248734268,657.5391278414331,1179.5989924133112,736.504304718405,9660.35064136787,4647.071495481707,primary,,asphalt,False,False,False,False,False
w847429408_b0_A,50.0,motorcycle,motorcycle_5ab8604a14df,847429408,0,A,2,178.93350640080632,0.9795282395716935,1.767295521302008,2450248136716,2451248136716,2.0,50.0,,22.00110843218433,189.48686112540517,426.1537572272704,163.36879135981113,9153.15466381854,3768.757835518725,primary,,asphalt,False,False,False,False,False
w847429408_b1_A,50.0,motorcycle,motorcycle_5ab8604a14df,847429408,1,A,1,178.93350640080632,0.9747047050812064,1.8209753698153628,2452248136768,2452248136768,2.0,50.0,,14.614523580982231,225.31231873328576,403.8885771298027,153.5456744172493,9132.096608759011,3729.195038701382,primary,,asphalt,False,False,False,False,False
w847429411_b0_A,50.0,motorcycle,motorcycle_5ab8604a14df,847429411,0,A,2,176.24690603420737,0.9714600707403568,2.0730425701552964,2453248136820,2454248136820,2.0,50.0,0.0015291588271915,22.87480165112053,260.57146981048624,386.7043349034391,145.48367707491457,9111.422214800416,3691.909866990349,primary,,asphalt,False,False,False,False,False
w847429411_b1_A,50.0,motorcycle,motorcycle_5ab8604a14df,847429411,1,A,2,171.92068668970455,0.96157156128221,3.16763601448531,2455248136872,2456248136872,2.0,50.0,0.0010137639442718,72.25900887242,252.3607798946602,371.4204347497952,151.4756139194973,9081.80512695722,3643.1911036844,primary,,asphalt,False,False,False,False,False
w847429411_b2_A,50.0,motorcycle,motorcycle_5ab8604a14df,847429411,2,A,2,169.31576465059757,0.9550261568913884,3.513182373663734,2457248136924,2458248136924,2.0,50.0,0.0009386424143654,108.82284703190882,224.14930753562084,364.863735028898,165.05997129556488,9050.267796797643,3594.949772786971,primary,,asphalt,False,False,False,False,False
w847429411_b3_A,50.0,motorcycle,motorcycle_5ab8604a14df,847429411,3,A,2,166.07099190303708,0.9545392230683744,3.37310945471087,2459248136924,2460248136976,2.0,50.0,0.0016455033605765,80.25405525334514,206.30184845108664,367.1717825241225,177.13048395735584,9018.020861776047,3548.7516982475627,primary,,asphalt,False,False,False,False,False
w847429411_b4_A,50.0,motorcycle,motorcycle_5ab8604a14df,847429411,4,A,3,161.56001142456637,0.952221569744818,3.305480966420012,2461248136976,2463248137028,2.0,50.0,0.0015889812870688,62.04125181447025,202.4976497729413,381.3942530216825,199.130877759982,8978.89195930658,3498.3100646473454,primary,,asphalt,False,False,False,False,False
w847429411_b5_A,50.0,motorcycle,motorcycle_5ab8604a14df,847429411,5,A,3,155.93974844252602,0.9581123054564138,3.3330342949044685,2464248137028,2466248137028,2.0,50.0,0.0012751758640955,55.475036380154194,181.6145624822813,407.9644327182871,232.926236425795,8934.261107828892,3446.861811550634,primary,,asphalt,False,False,False,False,False
w847429411_b6_A,50.0,motorcycle,motorcycle_5ab8604a14df,847429411,6,A,1,154.31208523894205,0.956737060681333,3.184720582000336,2467248137028,2467248137028,2.0,50.0,0.0005039832278933,17.165172617068396,143.68058743249466,430.80281915632906,256.45583639141546,8902.988964309485,3413.343995941741,primary,,asphalt,False,False,False,False,False
w847429412_b0_A,50.0,motorcycle,motorcycle_5ab8604a14df,847429412,0,A,1,178.666215181123,0.9837226684157891,0.9461569258537932,2447248136560,2447248136560,2.0,50.0,,27.5087096363564,111.90960217897224,488.0548944537935,129.9485337349154,9204.480660709552,3863.733081996572,primary,,asphalt,False,False,False,False,False
w847429412_b1_A,50.0,motorcycle,motorcycle_5ab8604a14df,847429412,1,A,2,178.666215181123,0.9806756932686932,1.5335105139276135,2448248136611,2449248136664,2.0,50.0,,31.672294688319678,143.552121931695,459.73051004114944,141.61678060365776,9181.959964193022,3822.283662274964,primary,,asphalt,False,False,False,False,False
w847429427_b0_A,50.0,motorcycle,motorcycle_5ab8604a14df,847429427,0,A,3,120.85382561564104,0.9869407926281166,0.4278048873370119,2495248136560,2497248136507,2.0,50.0,0.0007915688006366,26.843690228113637,228.1332148420074,844.3876506396732,150.10615370781284,8474.820137325949,3142.02195539103,primary,,asphalt,False,False,False,False,False
w847429427_b1_A,50.0,motorcycle,motorcycle_5ab8604a14df,847429427,1,A,2,120.85382561564104,0.9839635886212956,0.840265523871139,2498248136507,2499248136507,2.0,50.0,0.0007915688006366,17.633481969705475,257.9170191187144,883.4964096396909,149.28314967450973,8435.737775584475,3128.8684308040106,primary,,asphalt,False,False,False,False,False
w847429440_b17_A,50.0,motorcycle,motorcycle_5ab8604a14df,847429440,17,A,5,27.688100729022374,0.8004543587877547,4.105402288816142,2232248179268,2236248177080,,,0.0001427699207226,16.076444819208184,404.9421650499962,2128.6994852179205,832.7588456947618,11428.813201963936,4748.289853564396,unclassified,,asphalt,False,False,False,False,False
w847429440_b18_A,50.0,motorcycle,motorcycle_5ab8604a14df,847429440,18,A,4,27.688100729022374,0.964203877304378,0.8535786248192203,2237248176507,2240248174788,,,0.0001427699207226,55.327665226608445,369.6970219467826,2123.974966368375,855.0396846115744,11428.475629972654,4771.242315105519,unclassified,,asphalt,False,False,False,False,False
w847429440_b19_A,50.0,motorcycle,motorcycle_5ab8604a14df,847429440,19,A,3,27.688100729022374,0.9333093115413024,2.044526639567664,2241248174164,2243248173018,,,4.2788756686334337e-05,109.36107583848438,322.43017923462486,2118.596453094688,859.1139155531552,11428.22251144604,4803.169995979749,unclassified,,asphalt,False,False,False,False,False
w847429440_b20_A,50.0,motorcycle,motorcycle_5ab8604a14df,847429440,20,A,2,27.688100729022374,0.9834404404148098,1.02071352447002,2244248172393,2245248171768,,,4.2788756686334337e-05,159.3614056874111,280.26568958238863,2114.8027715156595,847.9330402091102,11428.209440278815,4833.05511309676,unclassified,,asphalt,False,False,False,False,False
w847429440_b21_A,50.0,motorcycle,motorcycle_5ab8604a14df,847429440,21,A,3,27.283891004094563,0.9920564143534252,0.3227742563869981,2246248171143,2248248169945,,,4.2788756686334337e-05,177.92394016857313,243.22391862182465,2112.5633777386265,839.5351121299004,11428.626015365488,4862.023082561911,unclassified,,asphalt,False,False,False,False,False
w847429440_b22_A,50.0,motorcycle,motorcycle_5ab8604a14df,847429440,22,A,2,27.283891004094563,0.9969753045842596,0.1734015517804641,2249248169320,2250248168695,,,9.692388697418403e-05,134.07118367155323,208.7540478552256,2111.4313823109014,831.1593863976493,11429.368350519182,4892.010665137301,unclassified,,asphalt,False,False,False,False,False
w847429440_b23_A,50.0,motorcycle,motorcycle_5ab8604a14df,847429440,23,A,3,27.283891004094563,0.9887017187608164,0.564870826145435,2251248168070,2253248166820,,,0.000151059017262,88.53621920157481,182.00311650596305,2111.444939638317,825.6812840108252,11430.260711548886,4920.342270825242,unclassified,,asphalt,False,False,False,False,False
w847429440_b24_A,50.0,motorcycle,motorcycle_5ab8604a14df,847429440,24,A,8,26.36225252345781,0.8373532565088931,2.1313473397346705,2254248166195,2268248157445,,,0.000151059017262,25.518275520209706,157.44363107867608,2113.634865012421,822.7597478994232,11432.34891655877,4960.399943533384,unclassified,,asphalt,False,False,False,False,False
w847429440_b25_A,50.0,motorcycle,motorcycle_5ab8604a14df,847429440,25,A,7,26.36225252345782,0.740208603814388,5.665992542407309,2261248161872,2267248158070,,,0.000151059017262,8.202891837184,153.0971662193747,2114.6141657532694,822.728695253668,11433.0951908057,4971.567243597426,unclassified,,asphalt,False,False,False,False,False
w862981937_b0_B,50.0,motorcycle,motorcycle_5ab8604a14df,862981937,0,B,1,130.6504157049286,0.9759099251088824,1.3753921490538827,2903248133018,2903248133018,2.0,,,6.917015183095821,328.40063653680943,1851.46768932444,122.27347068098112,2272.060244773956,2164.853966794394,secondary,,asphalt,False,False,False,False,False
w862981939_b0_B,50.0,motorcycle,motorcycle_5ab8604a14df,862981939,0,B,2,128.814514113418,0.9777755374432378,1.368903752824106,2900248132810,2901248132861,2.0,,0.0005231032467537,15.421608850543125,277.46772225736026,1901.376438869572,71.86406657782567,2318.3173179798123,2207.319365897836,secondary,,asphalt,False,False,False,False,False
w862981939_b1_B,50.0,motorcycle,motorcycle_5ab8604a14df,862981939,1,B,2,130.0928955715542,0.9783924398749656,1.8266232329585828,2898248132653,2899248132757,2.0,,0.000501411059851,11.616652309387447,232.943656732441,1945.1346106820583,29.65878573769742,2359.0621162175494,2244.9181588816687,secondary,,asphalt,False,False,False,False,False
w862981939_b2_B,50.0,motorcycle,motorcycle_5ab8604a14df,862981939,2,B,2,130.43180191182128,0.9735317712370266,1.8424820159648143,2896248132549,2897248132601,2.0,,0.0028971326046777,3.985001303430504,187.0569963994946,1990.1964167671424,21.359642491757157,2401.03823042333,2283.720316911478,secondary,,asphalt,False,False,False,False,False
w862981939_b3_B,50.0,motorcycle,motorcycle_5ab8604a14df,862981939,3,B,3,131.09666170161347,0.9833853503790394,0.9865268618258356,2893248132289,2895248132445,2.0,,0.0013191507059546,26.380472217863844,130.38564993886447,2045.7045232832727,69.99920848082358,2452.681496389303,2331.4898655322595,secondary,,asphalt,False,False,False,False,False
w862981939_b4_B,50.0,motorcycle,motorcycle_5ab8604a14df,862981939,4,B,2,135.52730503162758,0.948315026287636,1.9639532672524196,2891248132132,2892248132184,2.0,,0.000590886165988,6.719496909122752,74.29451358565295,2100.170283215184,125.47183390033544,2503.016576349595,2377.8835716973726,secondary,,asphalt,False,False,False,False,False
w862981939_b5_B,50.0,motorcycle,motorcycle_5ab8604a14df,862981939,5,B,2,133.26564431221635,0.928529149772842,4.697132485854368,2889248131976,2890248132028,2.0,,0.0011451311290314,8.852626460956872,36.67520529625004,2136.5849240433563,162.99379926386558,2536.6195834975115,2408.863414203679,secondary,,asphalt,False,False,False,False,False
w862981940_b0_B,50.0,motorcycle,motorcycle_5ab8604a14df,862981940,0,B,1,127.2192101264192,0.9768241544391147,1.188468435234756,2906248133226,2906248133226,2.0,,,0.0497958620103383,386.8838673165969,1794.036209701355,180.6285691631451,2218.81061297136,2116.050370520313,secondary,,asphalt,False,False,False,False,False
w862981941_b0_B,50.0,motorcycle,motorcycle_5ab8604a14df,862981941,0,B,1,131.41427468447569,0.9803714533952436,0.7957759571850731,2902248132966,2902248132966,2.0,,,1.843225984147988,308.3840982942139,1870.9651863374263,102.46886979861812,2290.0047873769167,2181.226910273459,secondary,,asphalt,False,False,False,False,False
w862981942_b0_B,50.0,motorcycle,motorcycle_5ab8604a14df,862981942,0,B,1,125.52750063383672,0.873950028462994,8.760628490269903,2904248133070,2904248133070,2.0,,,0.0,339.31373752835447,1840.786123483972,133.12873821612723,2262.183392566099,2155.8135704243514,secondary,,asphalt,False,False,False,False,False
w862981943_b0_B,50.0,motorcycle,motorcycle_5ab8604a14df,862981943,0,B,1,129.73411247586955,0.9766375011811996,1.8884190816430424,2905248133174,2905248133174,2.0,,,0.75637196795428,367.47321138415487,1813.2193667539696,161.18549889465547,2236.7070942437763,2132.5212281907093,secondary,,asphalt,False,False,False,False,False
w862981944_b0_B,50.0,motorcycle,motorcycle_5ab8604a14df,862981944,0,B,5,130.83903515434616,0.9303718147301934,1.1502540067520617,3010248141611,3014248141872,2.0,50.0,0.0039301804549502,17.014254634621985,215.3977585296202,412.1650677931951,96.41302467286542,891.5118079453745,935.4991676269134,secondary,,asphalt,False,False,False,False,False
w862981944_b1_B,50.0,motorcycle,motorcycle_5ab8604a14df,862981944,1,B,5,126.87966652817008,0.987548278113062,0.82434297197212,3005248141299,3009248141560,2.0,50.0,1.8028179128711197e-05,5.321356821801887,231.9439924797393,465.3611416138289,148.87762338112228,932.500843917514,960.6928413936124,secondary,,asphalt,False,False,False,False,False
w862981944_b2_B,50.0,motorcycle,motorcycle_5ab8604a14df,862981944,2,B,4,127.31574022538864,0.988003574510657,0.586119731594468,3001248141039,3004248141247,2.0,50.0,0.0009936856940723,5.421166795172473,257.3483910940721,517.2777802046248,200.33266580279405,974.2080525700652,988.2111087236168,secondary,,asphalt,False,False,False,False,False
w862981944_b3_B,50.0,motorcycle,motorcycle_5ab8604a14df,862981944,3,B,6,129.3639903961446,0.9794076837939728,1.2192152790151218,2995248140726,3000248140987,2.0,50.0,0.0007173639850453,8.793783154710745,276.2679300328828,565.5615602793133,248.48909123543984,1013.0714166073956,1014.4217654020008,secondary,,asphalt,False,False,False,False,False
w862981944_b4_B,50.0,motorcycle,motorcycle_5ab8604a14df,862981944,4,B,4,126.43119485627292,0.9733164525085816,1.45793104177996,2991248140466,2994248140622,2.0,50.0,0.0022936187809118,6.344829548556862,236.53540253176968,619.806868462743,268.8636546824741,1057.8229946507086,1045.9714207918942,secondary,,asphalt,False,False,False,False,False
w862981944_b5_B,50.0,motorcycle,motorcycle_5ab8604a14df,862981944,5,B,4,120.79513909875816,0.9840114613624374,0.4057039316049301,2987248140257,2990248140414,2.0,50.0,0.0021167094378748,6.262717791243171,191.18375034539093,666.8500819486077,223.0753260790776,1099.4271163795524,1077.9053894289973,secondary,,asphalt,False,False,False,False,False
w862981944_b6_B,50.0,motorcycle,motorcycle_5ab8604a14df,862981944,6,B,4,112.54428298906493,0.9778591193150796,1.6386216899347747,2983248139945,2986248140153,2.0,50.0,0.0043783587928049,9.422293868627472,145.40824184152186,713.157206487392,176.09305706782166,1143.3832214082872,1114.2692000289037,secondary,,asphalt,False,False,False,False,False
w862981944_b7_B,50.0,motorcycle,motorcycle_5ab8604a14df,862981944,7,B,4,103.03065654548472,0.9725891712571118,1.8418130284485732,2979248139632,2982248139841,2.0,50.0,0.0005048816241052,19.865801227465305,97.9712722864514,758.1988092006955,129.17184652439315,1190.3466056181644,1156.4552411542968,secondary,,asphalt,False,False,False,False,False
w862981944_b8_B,50.0,motorcycle,motorcycle_5ab8604a14df,862981944,8,B,3,102.7046449015736,0.9651381436394022,2.2389053109981902,2976248139372,2978248139528,2.0,50.0,0.0005048816241052,15.050916295706989,55.620846609164325,797.5746465338574,88.98476452017773,1232.6204466717877,1195.6134639826766,secondary,,asphalt,False,False,False,False,False
w862981953_b0_A,50.0,motorcycle,motorcycle_5ab8604a14df,862981953,0,A,1,57.08102402621482,0.8579469401337252,3.8305750135327785,3076248146507,3076248146507,,,0.1107240057678557,15.709820913468292,1.133053554784922,349.06987276547096,5.80718333777222,289.49643346169216,500.4566407066992,unclassified,True,asphalt,True,False,False,False,False
