recording_id,domain,source_frame_index,timestamp_ns,timestamp_s,side,state_candidate,state_confidence,evaluable,missing_mask_penalised,is_ground_truth,review_required,rationale,left_hand_visible,left_hand_partially_visible,left_hand_occluded,left_hand_out_of_frame,left_hand_motion_blurred,left_arm_visible,hand_tracking_available,hand_tracking_valid,hand_segmentation_proxy_available,right_hand_visible,right_hand_partially_visible,right_hand_occluded,right_hand_out_of_frame,right_hand_motion_blurred,right_arm_visible
motorcycle_5ab8604a14df,motorcycle,13875,3099822119217,3099.822119217,left,not_visible,0.5,False,False,False,True,"neither hand tracking nor the segmentation proxy reports a hand; on a motorcycle this is an expected, non-erroneous situation",False,False,False,False,False,,True,False,True,,,,,,
motorcycle_5ab8604a14df,motorcycle,13875,3099822119217,3099.822119217,right,not_visible,0.5,False,False,False,True,"neither hand tracking nor the segmentation proxy reports a hand; on a motorcycle this is an expected, non-erroneous situation",,,,,,,True,False,True,False,False,False,False,False,
motorcycle_5ab8604a14df,motorcycle,13876,3099888768020,3099.88876802,left,not_visible,0.5,False,False,False,True,"neither hand tracking nor the segmentation proxy reports a hand; on a motorcycle this is an expected, non-erroneous situation",False,False,False,False,False,,True,False,True,,,,,,
motorcycle_5ab8604a14df,motorcycle,13876,3099888768020,3099.88876802,right,not_visible,0.5,False,False,False,True,"neither hand tracking nor the segmentation proxy reports a hand; on a motorcycle this is an expected, non-erroneous situation",,,,,,,True,False,True,False,False,False,False,False,
motorcycle_5ab8604a14df,motorcycle,13877,3099955410165,3099.955410165,left,not_visible,0.5,False,False,False,True,"neither hand tracking nor the segmentation proxy reports a hand; on a motorcycle this is an expected, non-erroneous situation",False,False,False,False,False,,True,False,True,,,,,,
motorcycle_5ab8604a14df,motorcycle,13877,3099955410165,3099.955410165,right,not_visible,0.5,False,False,False,True,"neither hand tracking nor the segmentation proxy reports a hand; on a motorcycle this is an expected, non-erroneous situation",,,,,,,True,False,True,False,False,False,False,False,
motorcycle_5ab8604a14df,motorcycle,13878,3100022058812,3100.022058812,left,not_visible,0.5,False,False,False,True,"neither hand tracking nor the segmentation proxy reports a hand; on a motorcycle this is an expected, non-erroneous situation",False,False,False,False,False,,True,False,True,,,,,,
motorcycle_5ab8604a14df,motorcycle,13878,3100022058812,3100.022058812,right,not_visible,0.5,False,False,False,True,"neither hand tracking nor the segmentation proxy reports a hand; on a motorcycle this is an expected, non-erroneous situation",,,,,,,True,False,True,False,False,False,False,False,
motorcycle_5ab8604a14df,motorcycle,13879,3100088720613,3100.088720613,left,not_visible,0.5,False,False,False,True,"neither hand tracking nor the segmentation proxy reports a hand; on a motorcycle this is an expected, non-erroneous situation",False,False,False,False,False,,True,False,True,,,,,,
motorcycle_5ab8604a14df,motorcycle,13879,3100088720613,3100.088720613,right,not_visible,0.5,False,False,False,True,"neither hand tracking nor the segmentation proxy reports a hand; on a motorcycle this is an expected, non-erroneous situation",,,,,,,True,False,True,False,False,False,False,False,
motorcycle_5ab8604a14df,motorcycle,13880,3100155362760,3100.15536276,left,not_visible,0.5,False,False,False,True,"neither hand tracking nor the segmentation proxy reports a hand; on a motorcycle this is an expected, non-erroneous situation",False,False,False,False,False,,True,False,True,,,,,,
motorcycle_5ab8604a14df,motorcycle,13880,3100155362760,3100.15536276,right,not_visible,0.5,False,False,False,True,"neither hand tracking nor the segmentation proxy reports a hand; on a motorcycle this is an expected, non-erroneous situation",,,,,,,True,False,True,False,False,False,False,False,
motorcycle_5ab8604a14df,motorcycle,13881,3100222024509,3100.222024509,left,not_visible,0.5,False,False,False,True,"neither hand tracking nor the segmentation proxy reports a hand; on a motorcycle this is an expected, non-erroneous situation",False,False,False,False,False,,True,False,True,,,,,,
motorcycle_5ab8604a14df,motorcycle,13881,3100222024509,3100.222024509,right,not_visible,0.5,False,False,False,True,"neither hand tracking nor the segmentation proxy reports a hand; on a motorcycle this is an expected, non-erroneous situation",,,,,,,True,False,True,False,False,False,False,False,
motorcycle_5ab8604a14df,motorcycle,13882,3100288679310,3100.28867931,left,not_visible,0.5,False,False,False,True,"neither hand tracking nor the segmentation proxy reports a hand; on a motorcycle this is an expected, non-erroneous situation",False,False,False,False,False,,True,False,True,,,,,,
motorcycle_5ab8604a14df,motorcycle,13882,3100288679310,3100.28867931,right,not_visible,0.5,False,False,False,True,"neither hand tracking nor the segmentation proxy reports a hand; on a motorcycle this is an expected, non-erroneous situation",,,,,,,True,False,True,False,False,False,False,False,
motorcycle_5ab8604a14df,motorcycle,13883,3100355321957,3100.355321957,left,not_visible,0.5,False,False,False,True,"neither hand tracking nor the segmentation proxy reports a hand; on a motorcycle this is an expected, non-erroneous situation",False,False,False,False,False,,True,False,True,,,,,,
motorcycle_5ab8604a14df,motorcycle,13883,3100355321957,3100.355321957,right,not_visible,0.5,False,False,False,True,"neither hand tracking nor the segmentation proxy reports a hand; on a motorcycle this is an expected, non-erroneous situation",,,,,,,True,False,True,False,False,False,False,False,
motorcycle_5ab8604a14df,motorcycle,13884,3100421995914,3100.421995914,left,not_visible,0.5,False,False,False,True,"neither hand tracking nor the segmentation proxy reports a hand; on a motorcycle this is an expected, non-erroneous situation",False,False,False,False,False,,True,False,True,,,,,,
motorcycle_5ab8604a14df,motorcycle,13884,3100421995914,3100.421995914,right,not_visible,0.5,False,False,False,True,"neither hand tracking nor the segmentation proxy reports a hand; on a motorcycle this is an expected, non-erroneous situation",,,,,,,True,False,True,False,False,False,False,False,
motorcycle_5ab8604a14df,motorcycle,13885,3100488657321,3100.488657321,left,not_visible,0.5,False,False,False,True,"neither hand tracking nor the segmentation proxy reports a hand; on a motorcycle this is an expected, non-erroneous situation",False,False,False,False,False,,True,False,True,,,,,,
motorcycle_5ab8604a14df,motorcycle,13885,3100488657321,3100.488657321,right,not_visible,0.5,False,False,False,True,"neither hand tracking nor the segmentation proxy reports a hand; on a motorcycle this is an expected, non-erroneous situation",,,,,,,True,False,True,False,False,False,False,False,
motorcycle_5ab8604a14df,motorcycle,13886,3100555318781,3100.555318781,left,not_visible,0.5,False,False,False,True,"neither hand tracking nor the segmentation proxy reports a hand; on a motorcycle this is an expected, non-erroneous situation",False,False,False,False,False,,True,False,True,,,,,,
motorcycle_5ab8604a14df,motorcycle,13886,3100555318781,3100.555318781,right,not_visible,0.5,False,False,False,True,"neither hand tracking nor the segmentation proxy reports a hand; on a motorcycle this is an expected, non-erroneous situation",,,,,,,True,False,True,False,False,False,False,False,
motorcycle_5ab8604a14df,motorcycle,13887,3100621980186,3100.621980186,left,not_visible,0.5,False,False,False,True,"neither hand tracking nor the segmentation proxy reports a hand; on a motorcycle this is an expected, non-erroneous situation",False,False,False,False,False,,True,False,True,,,,,,
motorcycle_5ab8604a14df,motorcycle,13887,3100621980186,3100.621980186,right,not_visible,0.5,False,False,False,True,"neither hand tracking nor the segmentation proxy reports a hand; on a motorcycle this is an expected, non-erroneous situation",,,,,,,True,False,True,False,False,False,False,False,
motorcycle_5ab8604a14df,motorcycle,13888,3100688628989,3100.688628989,left,not_visible,0.5,False,False,False,True,"neither hand tracking nor the segmentation proxy reports a hand; on a motorcycle this is an expected, non-erroneous situation",False,False,False,False,False,,True,False,True,,,,,,
motorcycle_5ab8604a14df,motorcycle,13888,3100688628989,3100.688628989,right,not_visible,0.5,False,False,False,True,"neither hand tracking nor the segmentation proxy reports a hand; on a motorcycle this is an expected, non-erroneous situation",,,,,,,True,False,True,False,False,False,False,False,
motorcycle_5ab8604a14df,motorcycle,13889,3100755296894,3100.755296894,left,not_visible,0.5,False,False,False,True,"neither hand tracking nor the segmentation proxy reports a hand; on a motorcycle this is an expected, non-erroneous situation",False,False,False,False,False,,True,False,True,,,,,,
motorcycle_5ab8604a14df,motorcycle,13889,3100755296894,3100.755296894,right,not_visible,0.5,False,False,False,True,"neither hand tracking nor the segmentation proxy reports a hand; on a motorcycle this is an expected, non-erroneous situation",,,,,,,True,False,True,False,False,False,False,False,
motorcycle_5ab8604a14df,motorcycle,13890,3100821958353,3100.821958353,left,not_visible,0.5,False,False,False,True,"neither hand tracking nor the segmentation proxy reports a hand; on a motorcycle this is an expected, non-erroneous situation",False,False,False,False,False,,True,False,True,,,,,,
motorcycle_5ab8604a14df,motorcycle,13890,3100821958353,3100.821958353,right,not_visible,0.5,False,False,False,True,"neither hand tracking nor the segmentation proxy reports a hand; on a motorcycle this is an expected, non-erroneous situation",,,,,,,True,False,True,False,False,False,False,False,
motorcycle_5ab8604a14df,motorcycle,13891,3100888645071,3100.888645071,left,not_visible,0.5,False,False,False,True,"neither hand tracking nor the segmentation proxy reports a hand; on a motorcycle this is an expected, non-erroneous situation",False,False,False,False,False,,True,False,True,,,,,,
motorcycle_5ab8604a14df,motorcycle,13891,3100888645071,3100.888645071,right,not_visible,0.5,False,False,False,True,"neither hand tracking nor the segmentation proxy reports a hand; on a motorcycle this is an expected, non-erroneous situation",,,,,,,True,False,True,False,False,False,False,False,
motorcycle_5ab8604a14df,motorcycle,13892,3100955306634,3100.955306634,left,not_visible,0.5,False,False,False,True,"neither hand tracking nor the segmentation proxy reports a hand; on a motorcycle this is an expected, non-erroneous situation",False,False,False,False,False,,True,False,True,,,,,,
motorcycle_5ab8604a14df,motorcycle,13892,3100955306634,3100.955306634,right,not_visible,0.5,False,False,False,True,"neither hand tracking nor the segmentation proxy reports a hand; on a motorcycle this is an expected, non-erroneous situation",,,,,,,True,False,True,False,False,False,False,False,
motorcycle_5ab8604a14df,motorcycle,13893,3101021961592,3101.021961592,left,not_visible,0.5,False,False,False,True,"neither hand tracking nor the segmentation proxy reports a hand; on a motorcycle this is an expected, non-erroneous situation",False,False,False,False,False,,True,False,True,,,,,,
motorcycle_5ab8604a14df,motorcycle,13893,3101021961592,3101.021961592,right,not_visible,0.5,False,False,False,True,"neither hand tracking nor the segmentation proxy reports a hand; on a motorcycle this is an expected, non-erroneous situation",,,,,,,True,False,True,False,False,False,False,False,
motorcycle_5ab8604a14df,motorcycle,13894,3101088622999,3101.088622999,left,not_visible,0.5,False,False,False,True,"neither hand tracking nor the segmentation proxy reports a hand; on a motorcycle this is an expected, non-erroneous situation",False,False,False,False,False,,True,False,True,,,,,,
motorcycle_5ab8604a14df,motorcycle,13894,3101088622999,3101.088622999,right,not_visible,0.5,False,False,False,True,"neither hand tracking nor the segmentation proxy reports a hand; on a motorcycle this is an expected, non-erroneous situation",,,,,,,True,False,True,False,False,False,False,False,
motorcycle_5ab8604a14df,motorcycle,13895,3101155284456,3101.155284456,left,not_visible,0.5,False,False,False,True,"neither hand tracking nor the segmentation proxy reports a hand; on a motorcycle this is an expected, non-erroneous situation",False,False,False,False,False,,True,False,True,,,,,,
motorcycle_5ab8604a14df,motorcycle,13895,3101155284456,3101.155284456,right,not_visible,0.5,False,False,False,True,"neither hand tracking nor the segmentation proxy reports a hand; on a motorcycle this is an expected, non-erroneous situation",,,,,,,True,False,True,False,False,False,False,False,
motorcycle_5ab8604a14df,motorcycle,13896,3101221958520,3101.22195852,left,not_visible,0.5,False,False,False,True,"neither hand tracking nor the segmentation proxy reports a hand; on a motorcycle this is an expected, non-erroneous situation",False,False,False,False,False,,True,False,True,,,,,,
motorcycle_5ab8604a14df,motorcycle,13896,3101221958520,3101.22195852,right,not_visible,0.5,False,False,False,True,"neither hand tracking nor the segmentation proxy reports a hand; on a motorcycle this is an expected, non-erroneous situation",,,,,,,True,False,True,False,False,False,False,False,
motorcycle_5ab8604a14df,motorcycle,13897,3101288613477,3101.288613477,left,not_visible,0.5,False,False,False,True,"neither hand tracking nor the segmentation proxy reports a hand; on a motorcycle this is an expected, non-erroneous situation",False,False,False,False,False,,True,False,True,,,,,,
motorcycle_5ab8604a14df,motorcycle,13897,3101288613477,3101.288613477,right,not_visible,0.5,False,False,False,True,"neither hand tracking nor the segmentation proxy reports a hand; on a motorcycle this is an expected, non-erroneous situation",,,,,,,True,False,True,False,False,False,False,False,
motorcycle_5ab8604a14df,motorcycle,13898,3101355274884,3101.355274884,left,not_visible,0.5,False,False,False,True,"neither hand tracking nor the segmentation proxy reports a hand; on a motorcycle this is an expected, non-erroneous situation",False,False,False,False,False,,True,False,True,,,,,,
motorcycle_5ab8604a14df,motorcycle,13898,3101355274884,3101.355274884,right,not_visible,0.5,False,False,False,True,"neither hand tracking nor the segmentation proxy reports a hand; on a motorcycle this is an expected, non-erroneous situation",,,,,,,True,False,True,False,False,False,False,False,
motorcycle_5ab8604a14df,motorcycle,13899,3101421936341,3101.421936341,left,not_visible,0.5,False,False,False,True,"neither hand tracking nor the segmentation proxy reports a hand; on a motorcycle this is an expected, non-erroneous situation",False,False,False,False,False,,True,False,True,,,,,,
motorcycle_5ab8604a14df,motorcycle,13899,3101421936341,3101.421936341,right,not_visible,0.5,False,False,False,True,"neither hand tracking nor the segmentation proxy reports a hand; on a motorcycle this is an expected, non-erroneous situation",,,,,,,True,False,True,False,False,False,False,False,
motorcycle_5ab8604a14df,motorcycle,13900,3101488597749,3101.488597749,left,not_visible,0.5,False,False,False,True,"neither hand tracking nor the segmentation proxy reports a hand; on a motorcycle this is an expected, non-erroneous situation",False,False,False,False,False,,True,False,True,,,,,,
motorcycle_5ab8604a14df,motorcycle,13900,3101488597749,3101.488597749,right,not_visible,0.5,False,False,False,True,"neither hand tracking nor the segmentation proxy reports a hand; on a motorcycle this is an expected, non-erroneous situation",,,,,,,True,False,True,False,False,False,False,False,
motorcycle_5ab8604a14df,motorcycle,13901,3101555284468,3101.555284468,left,uncertain,0.4,False,False,False,True,the segmentation proxy proposes a hand region but the tracker reports nothing: either the tracker failed or the proxy is a false positive,False,False,False,False,False,,True,False,True,,,,,,
motorcycle_5ab8604a14df,motorcycle,13901,3101555284468,3101.555284468,right,uncertain,0.4,False,False,False,True,the segmentation proxy proposes a hand region but the tracker reports nothing: either the tracker failed or the proxy is a false positive,,,,,,,True,False,True,False,False,False,False,False,
motorcycle_5ab8604a14df,motorcycle,13902,3101621946082,3101.621946082,left,not_visible,0.5,False,False,False,True,"neither hand tracking nor the segmentation proxy reports a hand; on a motorcycle this is an expected, non-erroneous situation",False,False,False,False,False,,True,False,True,,,,,,
motorcycle_5ab8604a14df,motorcycle,13902,3101621946082,3101.621946082,right,not_visible,0.5,False,False,False,True,"neither hand tracking nor the segmentation proxy reports a hand; on a motorcycle this is an expected, non-erroneous situation",,,,,,,True,False,True,False,False,False,False,False,
motorcycle_5ab8604a14df,motorcycle,13903,3101688600989,3101.688600989,left,out_of_frame,0.75,False,False,False,True,hand tracking projects every landmark outside the RGB image: the hand is tracked by the device but not in the camera's field of view | a proxy mask exists while no landmark falls inside the image: candidate false mask,False,False,False,True,False,,True,True,True,,,,,,
motorcycle_5ab8604a14df,motorcycle,13903,3101688600989,3101.688600989,right,uncertain,0.4,False,False,False,True,the segmentation proxy proposes a hand region but the tracker reports nothing: either the tracker failed or the proxy is a false positive,,,,,,,True,False,True,False,False,False,False,False,
motorcycle_5ab8604a14df,motorcycle,13904,3101755262446,3101.755262446,left,out_of_frame,0.75,False,False,False,True,hand tracking projects every landmark outside the RGB image: the hand is tracked by the device but not in the camera's field of view | a proxy mask exists while no landmark falls inside the image: candidate false mask,False,False,False,True,False,,True,True,True,,,,,,
motorcycle_5ab8604a14df,motorcycle,13904,3101755262446,3101.755262446,right,uncertain,0.4,False,False,False,True,the segmentation proxy proposes a hand region but the tracker reports nothing: either the tracker failed or the proxy is a false positive,,,,,,,True,False,True,False,False,False,False,False,
motorcycle_5ab8604a14df,motorcycle,13905,3101821923853,3101.821923853,left,out_of_frame,0.75,False,False,False,True,hand tracking projects every landmark outside the RGB image: the hand is tracked by the device but not in the camera's field of view | a proxy mask exists while no landmark falls inside the image: candidate false mask,False,False,False,True,False,,True,True,True,,,,,,
motorcycle_5ab8604a14df,motorcycle,13905,3101821923853,3101.821923853,right,uncertain,0.4,False,False,False,True,the segmentation proxy proposes a hand region but the tracker reports nothing: either the tracker failed or the proxy is a false positive,,,,,,,True,False,True,False,False,False,False,False,
motorcycle_5ab8604a14df,motorcycle,13906,3101888585311,3101.888585311,left,out_of_frame,0.75,False,False,False,True,hand tracking projects every landmark outside the RGB image: the hand is tracked by the device but not in the camera's field of view | a proxy mask exists while no landmark falls inside the image: candidate false mask,False,False,False,True,False,,True,True,True,,,,,,
motorcycle_5ab8604a14df,motorcycle,13906,3101888585311,3101.888585311,right,uncertain,0.4,False,False,False,True,the segmentation proxy proposes a hand region but the tracker reports nothing: either the tracker failed or the proxy is a false positive,,,,,,,True,False,True,False,False,False,False,False,
motorcycle_5ab8604a14df,motorcycle,13907,3101955246718,3101.955246718,left,out_of_frame,0.75,False,False,False,True,hand tracking projects every landmark outside the RGB image: the hand is tracked by the device but not in the camera's field of view | a proxy mask exists while no landmark falls inside the image: candidate false mask,False,False,False,True,False,,True,True,True,,,,,,
motorcycle_5ab8604a14df,motorcycle,13907,3101955246718,3101.955246718,right,uncertain,0.4,False,False,False,True,the segmentation proxy proposes a hand region but the tracker reports nothing: either the tracker failed or the proxy is a false positive,,,,,,,True,False,True,False,False,False,False,False,
motorcycle_5ab8604a14df,motorcycle,13908,3102021908175,3102.021908175,left,out_of_frame,0.75,False,False,False,True,hand tracking projects every landmark outside the RGB image: the hand is tracked by the device but not in the camera's field of view,False,False,False,True,False,,True,True,True,,,,,,
motorcycle_5ab8604a14df,motorcycle,13908,3102021908175,3102.021908175,right,not_visible,0.5,False,False,False,True,"neither hand tracking nor the segmentation proxy reports a hand; on a motorcycle this is an expected, non-erroneous situation",,,,,,,True,False,True,False,False,False,False,False,
motorcycle_5ab8604a14df,motorcycle,13909,3102088582239,3102.088582239,left,out_of_frame,0.75,False,False,False,True,hand tracking projects every landmark outside the RGB image: the hand is tracked by the device but not in the camera's field of view,False,False,False,True,False,,True,True,True,,,,,,
motorcycle_5ab8604a14df,motorcycle,13909,3102088582239,3102.088582239,right,not_visible,0.5,False,False,False,True,"neither hand tracking nor the segmentation proxy reports a hand; on a motorcycle this is an expected, non-erroneous situation",,,,,,,True,False,True,False,False,False,False,False,
motorcycle_5ab8604a14df,motorcycle,13910,3102155250300,3102.1552503,left,out_of_frame,0.75,False,False,False,True,hand tracking projects every landmark outside the RGB image: the hand is tracked by the device but not in the camera's field of view | a proxy mask exists while no landmark falls inside the image: candidate false mask,False,False,False,True,False,,True,True,True,,,,,,
motorcycle_5ab8604a14df,motorcycle,13910,3102155250300,3102.1552503,right,uncertain,0.4,False,False,False,True,the segmentation proxy proposes a hand region but the tracker reports nothing: either the tracker failed or the proxy is a false positive,,,,,,,True,False,True,False,False,False,False,False,
motorcycle_5ab8604a14df,motorcycle,13911,3102221930520,3102.22193052,left,out_of_frame,0.75,False,False,False,True,hand tracking projects every landmark outside the RGB image: the hand is tracked by the device but not in the camera's field of view | a proxy mask exists while no landmark falls inside the image: candidate false mask,False,False,False,True,False,,True,True,True,,,,,,
motorcycle_5ab8604a14df,motorcycle,13911,3102221930520,3102.22193052,right,uncertain,0.4,False,False,False,True,the segmentation proxy proposes a hand region but the tracker reports nothing: either the tracker failed or the proxy is a false positive,,,,,,,True,False,True,False,False,False,False,False,
motorcycle_5ab8604a14df,motorcycle,13912,3102288579477,3102.288579477,left,out_of_frame,0.75,False,False,False,True,hand tracking projects every landmark outside the RGB image: the hand is tracked by the device but not in the camera's field of view,False,False,False,True,False,,True,True,True,,,,,,
motorcycle_5ab8604a14df,motorcycle,13912,3102288579477,3102.288579477,right,not_visible,0.5,False,False,False,True,"neither hand tracking nor the segmentation proxy reports a hand; on a motorcycle this is an expected, non-erroneous situation",,,,,,,True,False,True,False,False,False,False,False,
motorcycle_5ab8604a14df,motorcycle,13913,3102355240936,3102.355240936,left,out_of_frame,0.75,False,False,False,True,hand tracking projects every landmark outside the RGB image: the hand is tracked by the device but not in the camera's field of view,False,False,False,True,False,,True,True,True,,,,,,
motorcycle_5ab8604a14df,motorcycle,13913,3102355240936,3102.355240936,right,not_visible,0.5,False,False,False,True,"neither hand tracking nor the segmentation proxy reports a hand; on a motorcycle this is an expected, non-erroneous situation",,,,,,,True,False,True,False,False,False,False,False,
motorcycle_5ab8604a14df,motorcycle,13914,3102421902341,3102.421902341,left,out_of_frame,0.75,False,False,False,True,hand tracking projects every landmark outside the RGB image: the hand is tracked by the device but not in the camera's field of view,False,False,False,True,False,,True,True,True,,,,,,
motorcycle_5ab8604a14df,motorcycle,13914,3102421902341,3102.421902341,right,not_visible,0.5,False,False,False,True,"neither hand tracking nor the segmentation proxy reports a hand; on a motorcycle this is an expected, non-erroneous situation",,,,,,,True,False,True,False,False,False,False,False,
motorcycle_5ab8604a14df,motorcycle,13915,3102488563801,3102.488563801,left,out_of_frame,0.75,False,False,False,True,hand tracking projects every landmark outside the RGB image: the hand is tracked by the device but not in the camera's field of view,False,False,False,True,False,,True,True,True,,,,,,
motorcycle_5ab8604a14df,motorcycle,13915,3102488563801,3102.488563801,right,not_visible,0.5,False,False,False,True,"neither hand tracking nor the segmentation proxy reports a hand; on a motorcycle this is an expected, non-erroneous situation",,,,,,,True,False,True,False,False,False,False,False,
motorcycle_5ab8604a14df,motorcycle,13916,3102555237864,3102.555237864,left,out_of_frame,0.75,False,False,False,True,hand tracking projects every landmark outside the RGB image: the hand is tracked by the device but not in the camera's field of view,False,False,False,True,False,,True,True,True,,,,,,
motorcycle_5ab8604a14df,motorcycle,13916,3102555237864,3102.555237864,right,not_visible,0.5,False,False,False,True,"neither hand tracking nor the segmentation proxy reports a hand; on a motorcycle this is an expected, non-erroneous situation",,,,,,,True,False,True,False,False,False,False,False,
motorcycle_5ab8604a14df,motorcycle,13917,3102621905425,3102.621905425,left,out_of_frame,0.75,False,False,False,True,hand tracking projects every landmark outside the RGB image: the hand is tracked by the device but not in the camera's field of view,False,False,False,True,False,,True,True,True,,,,,,
motorcycle_5ab8604a14df,motorcycle,13917,3102621905425,3102.621905425,right,not_visible,0.5,False,False,False,True,"neither hand tracking nor the segmentation proxy reports a hand; on a motorcycle this is an expected, non-erroneous situation",,,,,,,True,False,True,False,False,False,False,False,
motorcycle_5ab8604a14df,motorcycle,13918,3102688560885,3102.688560885,left,out_of_frame,0.75,False,False,False,True,hand tracking projects every landmark outside the RGB image: the hand is tracked by the device but not in the camera's field of view,False,False,False,True,False,,True,True,True,,,,,,
motorcycle_5ab8604a14df,motorcycle,13918,3102688560885,3102.688560885,right,not_visible,0.5,False,False,False,True,"neither hand tracking nor the segmentation proxy reports a hand; on a motorcycle this is an expected, non-erroneous situation",,,,,,,True,False,True,False,False,False,False,False,
motorcycle_5ab8604a14df,motorcycle,13919,3102755234946,3102.755234946,left,out_of_frame,0.75,False,False,False,True,hand tracking projects every landmark outside the RGB image: the hand is tracked by the device but not in the camera's field of view,False,False,False,True,False,,True,True,True,,,,,,
motorcycle_5ab8604a14df,motorcycle,13919,3102755234946,3102.755234946,right,not_visible,0.5,False,False,False,True,"neither hand tracking nor the segmentation proxy reports a hand; on a motorcycle this is an expected, non-erroneous situation",,,,,,,True,False,True,False,False,False,False,False,
motorcycle_5ab8604a14df,motorcycle,13920,3102821889906,3102.821889906,left,out_of_frame,0.75,False,False,False,True,hand tracking projects every landmark outside the RGB image: the hand is tracked by the device but not in the camera's field of view,False,False,False,True,False,,True,True,True,,,,,,
motorcycle_5ab8604a14df,motorcycle,13920,3102821889906,3102.821889906,right,not_visible,0.5,False,False,False,True,"neither hand tracking nor the segmentation proxy reports a hand; on a motorcycle this is an expected, non-erroneous situation",,,,,,,True,False,True,False,False,False,False,False,
motorcycle_5ab8604a14df,motorcycle,13921,3102888538654,3102.888538654,left,out_of_frame,0.75,False,False,False,True,hand tracking projects every landmark outside the RGB image: the hand is tracked by the device but not in the camera's field of view,False,False,False,True,False,,True,True,True,,,,,,
motorcycle_5ab8604a14df,motorcycle,13921,3102888538654,3102.888538654,right,not_visible,0.5,False,False,False,True,"neither hand tracking nor the segmentation proxy reports a hand; on a motorcycle this is an expected, non-erroneous situation",,,,,,,True,False,True,False,False,False,False,False,
motorcycle_5ab8604a14df,motorcycle,13922,3102955181301,3102.955181301,left,out_of_frame,0.75,False,False,False,True,hand tracking projects every landmark outside the RGB image: the hand is tracked by the device but not in the camera's field of view,False,False,False,True,False,,True,True,True,,,,,,
motorcycle_5ab8604a14df,motorcycle,13922,3102955181301,3102.955181301,right,not_visible,0.5,False,False,False,True,"neither hand tracking nor the segmentation proxy reports a hand; on a motorcycle this is an expected, non-erroneous situation",,,,,,,True,False,True,False,False,False,False,False,
motorcycle_5ab8604a14df,motorcycle,13923,3103021817342,3103.021817342,left,out_of_frame,0.75,False,False,False,True,hand tracking projects every landmark outside the RGB image: the hand is tracked by the device but not in the camera's field of view,False,False,False,True,False,,True,True,True,,,,,,
motorcycle_5ab8604a14df,motorcycle,13923,3103021817342,3103.021817342,right,not_visible,0.5,False,False,False,True,"neither hand tracking nor the segmentation proxy reports a hand; on a motorcycle this is an expected, non-erroneous situation",,,,,,,True,False,True,False,False,False,False,False,
motorcycle_5ab8604a14df,motorcycle,13924,3103088472489,3103.088472489,left,out_of_frame,0.75,False,False,False,True,hand tracking projects every landmark outside the RGB image: the hand is tracked by the device but not in the camera's field of view,False,False,False,True,False,,True,True,True,,,,,,
motorcycle_5ab8604a14df,motorcycle,13924,3103088472489,3103.088472489,right,not_visible,0.5,False,False,False,True,"neither hand tracking nor the segmentation proxy reports a hand; on a motorcycle this is an expected, non-erroneous situation",,,,,,,True,False,True,False,False,False,False,False,
motorcycle_5ab8604a14df,motorcycle,13925,3103155121134,3103.155121134,left,out_of_frame,0.75,False,False,False,True,hand tracking projects every landmark outside the RGB image: the hand is tracked by the device but not in the camera's field of view,False,False,False,True,False,,True,True,True,,,,,,
motorcycle_5ab8604a14df,motorcycle,13925,3103155121134,3103.155121134,right,not_visible,0.5,False,False,False,True,"neither hand tracking nor the segmentation proxy reports a hand; on a motorcycle this is an expected, non-erroneous situation",,,,,,,True,False,True,False,False,False,False,False,
motorcycle_5ab8604a14df,motorcycle,13926,3103221795041,3103.221795041,left,out_of_frame,0.75,False,False,False,True,hand tracking projects every landmark outside the RGB image: the hand is tracked by the device but not in the camera's field of view,False,False,False,True,False,,True,True,True,,,,,,
motorcycle_5ab8604a14df,motorcycle,13926,3103221795041,3103.221795041,right,not_visible,0.5,False,False,False,True,"neither hand tracking nor the segmentation proxy reports a hand; on a motorcycle this is an expected, non-erroneous situation",,,,,,,True,False,True,False,False,False,False,False,
motorcycle_5ab8604a14df,motorcycle,13927,3103288481759,3103.288481759,left,out_of_frame,0.75,False,False,False,True,hand tracking projects every landmark outside the RGB image: the hand is tracked by the device but not in the camera's field of view,False,False,False,True,False,,True,True,True,,,,,,
motorcycle_5ab8604a14df,motorcycle,13927,3103288481759,3103.288481759,right,not_visible,0.5,False,False,False,True,"neither hand tracking nor the segmentation proxy reports a hand; on a motorcycle this is an expected, non-erroneous situation",,,,,,,True,False,True,False,False,False,False,False,
motorcycle_5ab8604a14df,motorcycle,13928,3103355168635,3103.355168635,left,out_of_frame,0.75,False,False,False,True,hand tracking projects every landmark outside the RGB image: the hand is tracked by the device but not in the camera's field of view,False,False,False,True,False,,True,True,True,,,,,,
motorcycle_5ab8604a14df,motorcycle,13928,3103355168635,3103.355168635,right,not_visible,0.5,False,False,False,True,"neither hand tracking nor the segmentation proxy reports a hand; on a motorcycle this is an expected, non-erroneous situation",,,,,,,True,False,True,False,False,False,False,False,
motorcycle_5ab8604a14df,motorcycle,13929,3103421836352,3103.421836352,left,out_of_frame,0.75,False,False,False,True,hand tracking projects every landmark outside the RGB image: the hand is tracked by the device but not in the camera's field of view,False,False,False,True,False,,True,True,True,,,,,,
motorcycle_5ab8604a14df,motorcycle,13929,3103421836352,3103.421836352,right,not_visible,0.5,False,False,False,True,"neither hand tracking nor the segmentation proxy reports a hand; on a motorcycle this is an expected, non-erroneous situation",,,,,,,True,False,True,False,False,False,False,False,
motorcycle_5ab8604a14df,motorcycle,13930,3103488510572,3103.488510572,left,out_of_frame,0.75,False,False,False,True,hand tracking projects every landmark outside the RGB image: the hand is tracked by the device but not in the camera's field of view,False,False,False,True,False,,True,True,True,,,,,,
motorcycle_5ab8604a14df,motorcycle,13930,3103488510572,3103.488510572,right,not_visible,0.5,False,False,False,True,"neither hand tracking nor the segmentation proxy reports a hand; on a motorcycle this is an expected, non-erroneous situation",,,,,,,True,False,True,False,False,False,False,False,
motorcycle_5ab8604a14df,motorcycle,13931,3103555159529,3103.555159529,left,out_of_frame,0.75,False,False,False,True,hand tracking projects every landmark outside the RGB image: the hand is tracked by the device but not in the camera's field of view,False,False,False,True,False,,True,True,True,,,,,,
motorcycle_5ab8604a14df,motorcycle,13931,3103555159529,3103.555159529,right,not_visible,0.5,False,False,False,True,"neither hand tracking nor the segmentation proxy reports a hand; on a motorcycle this is an expected, non-erroneous situation",,,,,,,True,False,True,False,False,False,False,False,
motorcycle_5ab8604a14df,motorcycle,13932,3103621820936,3103.621820936,left,out_of_frame,0.75,False,False,False,True,hand tracking projects every landmark outside the RGB image: the hand is tracked by the device but not in the camera's field of view,False,False,False,True,False,,True,True,True,,,,,,
motorcycle_5ab8604a14df,motorcycle,13932,3103621820936,3103.621820936,right,not_visible,0.5,False,False,False,True,"neither hand tracking nor the segmentation proxy reports a hand; on a motorcycle this is an expected, non-erroneous situation",,,,,,,True,False,True,False,False,False,False,False,
motorcycle_5ab8604a14df,motorcycle,13933,3103688495050,3103.68849505,left,out_of_frame,0.75,False,False,False,True,hand tracking projects every landmark outside the RGB image: the hand is tracked by the device but not in the camera's field of view,False,False,False,True,False,,True,True,True,,,,,,
motorcycle_5ab8604a14df,motorcycle,13933,3103688495050,3103.68849505,right,not_visible,0.5,False,False,False,True,"neither hand tracking nor the segmentation proxy reports a hand; on a motorcycle this is an expected, non-erroneous situation",,,,,,,True,False,True,False,False,False,False,False,
motorcycle_5ab8604a14df,motorcycle,13934,3103755149957,3103.755149957,left,out_of_frame,0.75,False,False,False,True,hand tracking projects every landmark outside the RGB image: the hand is tracked by the device but not in the camera's field of view | a proxy mask exists while no landmark falls inside the image: candidate false mask,False,False,False,True,False,,True,True,True,,,,,,
motorcycle_5ab8604a14df,motorcycle,13934,3103755149957,3103.755149957,right,uncertain,0.4,False,False,False,True,the segmentation proxy proposes a hand region but the tracker reports nothing: either the tracker failed or the proxy is a false positive,,,,,,,True,False,True,False,False,False,False,False,
motorcycle_5ab8604a14df,motorcycle,13935,3103821798758,3103.821798758,left,out_of_frame,0.75,False,False,False,True,hand tracking projects every landmark outside the RGB image: the hand is tracked by the device but not in the camera's field of view | a proxy mask exists while no landmark falls inside the image: candidate false mask,False,False,False,True,False,,True,True,True,,,,,,
motorcycle_5ab8604a14df,motorcycle,13935,3103821798758,3103.821798758,right,uncertain,0.4,False,False,False,True,the segmentation proxy proposes a hand region but the tracker reports nothing: either the tracker failed or the proxy is a false positive,,,,,,,True,False,True,False,False,False,False,False,
motorcycle_5ab8604a14df,motorcycle,13936,3103888441405,3103.888441405,left,out_of_frame,0.75,False,False,False,True,hand tracking projects every landmark outside the RGB image: the hand is tracked by the device but not in the camera's field of view | a proxy mask exists while no landmark falls inside the image: candidate false mask,False,False,False,True,False,,True,True,True,,,,,,
motorcycle_5ab8604a14df,motorcycle,13936,3103888441405,3103.888441405,right,uncertain,0.4,False,False,False,True,the segmentation proxy proposes a hand region but the tracker reports nothing: either the tracker failed or the proxy is a false positive,,,,,,,True,False,True,False,False,False,False,False,
motorcycle_5ab8604a14df,motorcycle,13937,3103955102706,3103.955102706,left,out_of_frame,0.75,False,False,False,True,hand tracking projects every landmark outside the RGB image: the hand is tracked by the device but not in the camera's field of view | a proxy mask exists while no landmark falls inside the image: candidate false mask,False,False,False,True,False,,True,True,True,,,,,,
motorcycle_5ab8604a14df,motorcycle,13937,3103955102706,3103.955102706,right,uncertain,0.4,False,False,False,True,the segmentation proxy proposes a hand region but the tracker reports nothing: either the tracker failed or the proxy is a false positive,,,,,,,True,False,True,False,False,False,False,False,
motorcycle_5ab8604a14df,motorcycle,13938,3104021770113,3104.021770113,left,out_of_frame,0.75,False,False,False,True,hand tracking projects every landmark outside the RGB image: the hand is tracked by the device but not in the camera's field of view | a proxy mask exists while no landmark falls inside the image: candidate false mask,False,False,False,True,False,,True,True,True,,,,,,
motorcycle_5ab8604a14df,motorcycle,13938,3104021770113,3104.021770113,right,uncertain,0.4,False,False,False,True,the segmentation proxy proposes a hand region but the tracker reports nothing: either the tracker failed or the proxy is a false positive,,,,,,,True,False,True,False,False,False,False,False,
motorcycle_5ab8604a14df,motorcycle,13939,3104088431571,3104.088431571,left,out_of_frame,0.75,False,False,False,True,hand tracking projects every landmark outside the RGB image: the hand is tracked by the device but not in the camera's field of view | a proxy mask exists while no landmark falls inside the image: candidate false mask,False,False,False,True,False,,True,True,True,,,,,,
motorcycle_5ab8604a14df,motorcycle,13939,3104088431571,3104.088431571,right,uncertain,0.4,False,False,False,True,the segmentation proxy proposes a hand region but the tracker reports nothing: either the tracker failed or the proxy is a false positive,,,,,,,True,False,True,False,False,False,False,False,
motorcycle_5ab8604a14df,motorcycle,13940,3104155093030,3104.15509303,left,out_of_frame,0.75,False,False,False,True,hand tracking projects every landmark outside the RGB image: the hand is tracked by the device but not in the camera's field of view | a proxy mask exists while no landmark falls inside the image: candidate false mask,False,False,False,True,False,,True,True,True,,,,,,
motorcycle_5ab8604a14df,motorcycle,13940,3104155093030,3104.15509303,right,uncertain,0.4,False,False,False,True,the segmentation proxy proposes a hand region but the tracker reports nothing: either the tracker failed or the proxy is a false positive,,,,,,,True,False,True,False,False,False,False,False,
motorcycle_5ab8604a14df,motorcycle,13941,3104221741779,3104.221741779,left,out_of_frame,0.75,False,False,False,True,hand tracking projects every landmark outside the RGB image: the hand is tracked by the device but not in the camera's field of view | a proxy mask exists while no landmark falls inside the image: candidate false mask,False,False,False,True,False,,True,True,True,,,,,,
motorcycle_5ab8604a14df,motorcycle,13941,3104221741779,3104.221741779,right,uncertain,0.3,False,False,False,True,the segmentation proxy proposes a hand region but the tracker reports nothing: either the tracker failed or the proxy is a false positive | the proxy region has persisted for 8 frames with no tracking support: candidate over-propagation,,,,,,,True,False,True,False,False,False,False,False,
motorcycle_5ab8604a14df,motorcycle,13942,3104288371822,3104.288371822,left,out_of_frame,0.75,False,False,False,True,hand tracking projects every landmark outside the RGB image: the hand is tracked by the device but not in the camera's field of view | a proxy mask exists while no landmark falls inside the image: candidate false mask,False,False,False,True,False,,True,True,True,,,,,,
motorcycle_5ab8604a14df,motorcycle,13942,3104288371822,3104.288371822,right,uncertain,0.3,False,False,False,True,the segmentation proxy proposes a hand region but the tracker reports nothing: either the tracker failed or the proxy is a false positive | the proxy region has persisted for 9 frames with no tracking support: candidate over-propagation,,,,,,,True,False,True,False,False,False,False,False,
motorcycle_5ab8604a14df,motorcycle,13943,3104355014310,3104.35501431,left,out_of_frame,0.75,False,False,False,True,hand tracking projects every landmark outside the RGB image: the hand is tracked by the device but not in the camera's field of view | a proxy mask exists while no landmark falls inside the image: candidate false mask,False,False,False,True,False,,True,True,True,,,,,,
motorcycle_5ab8604a14df,motorcycle,13943,3104355014310,3104.35501431,right,uncertain,0.3,False,False,False,True,the segmentation proxy proposes a hand region but the tracker reports nothing: either the tracker failed or the proxy is a false positive | the proxy region has persisted for 10 frames with no tracking support: candidate over-propagation,,,,,,,True,False,True,False,False,False,False,False,
motorcycle_5ab8604a14df,motorcycle,13944,3104421656801,3104.421656801,left,out_of_frame,0.75,False,False,False,True,hand tracking projects every landmark outside the RGB image: the hand is tracked by the device but not in the camera's field of view | a proxy mask exists while no landmark falls inside the image: candidate false mask,False,False,False,True,False,,True,True,True,,,,,,
motorcycle_5ab8604a14df,motorcycle,13944,3104421656801,3104.421656801,right,uncertain,0.3,False,False,False,True,the segmentation proxy proposes a hand region but the tracker reports nothing: either the tracker failed or the proxy is a false positive | the proxy region has persisted for 11 frames with no tracking support: candidate over-propagation,,,,,,,True,False,True,False,False,False,False,False,
motorcycle_5ab8604a14df,motorcycle,13945,3104488286633,3104.488286633,left,out_of_frame,0.75,False,False,False,True,hand tracking projects every landmark outside the RGB image: the hand is tracked by the device but not in the camera's field of view | a proxy mask exists while no landmark falls inside the image: candidate false mask,False,False,False,True,False,,True,True,True,,,,,,
motorcycle_5ab8604a14df,motorcycle,13945,3104488286633,3104.488286633,right,uncertain,0.3,False,False,False,True,the segmentation proxy proposes a hand region but the tracker reports nothing: either the tracker failed or the proxy is a false positive | the proxy region has persisted for 12 frames with no tracking support: candidate over-propagation,,,,,,,True,False,True,False,False,False,False,False,
motorcycle_5ab8604a14df,motorcycle,13946,3104554923020,3104.55492302,left,out_of_frame,0.75,False,False,False,True,hand tracking projects every landmark outside the RGB image: the hand is tracked by the device but not in the camera's field of view | a proxy mask exists while no landmark falls inside the image: candidate false mask,False,False,False,True,False,,True,True,True,,,,,,
motorcycle_5ab8604a14df,motorcycle,13946,3104554923020,3104.55492302,right,uncertain,0.3,False,False,False,True,the segmentation proxy proposes a hand region but the tracker reports nothing: either the tracker failed or the proxy is a false positive | the proxy region has persisted for 13 frames with no tracking support: candidate over-propagation,,,,,,,True,False,True,False,False,False,False,False,
motorcycle_5ab8604a14df,motorcycle,13947,3104621546248,3104.621546248,left,out_of_frame,0.75,False,False,False,True,hand tracking projects every landmark outside the RGB image: the hand is tracked by the device but not in the camera's field of view | a proxy mask exists while no landmark falls inside the image: candidate false mask,False,False,False,True,False,,True,True,True,,,,,,
motorcycle_5ab8604a14df,motorcycle,13947,3104621546248,3104.621546248,right,uncertain,0.3,False,False,False,True,the segmentation proxy proposes a hand region but the tracker reports nothing: either the tracker failed or the proxy is a false positive | the proxy region has persisted for 14 frames with no tracking support: candidate over-propagation,,,,,,,True,False,True,False,False,False,False,False,
motorcycle_5ab8604a14df,motorcycle,13948,3104688213895,3104.688213895,left,out_of_frame,0.75,False,False,False,True,hand tracking projects every landmark outside the RGB image: the hand is tracked by the device but not in the camera's field of view | a proxy mask exists while no landmark falls inside the image: candidate false mask,False,False,False,True,False,,True,True,True,,,,,,
motorcycle_5ab8604a14df,motorcycle,13948,3104688213895,3104.688213895,right,uncertain,0.3,False,False,False,True,the segmentation proxy proposes a hand region but the tracker reports nothing: either the tracker failed or the proxy is a false positive | the proxy region has persisted for 15 frames with no tracking support: candidate over-propagation,,,,,,,True,False,True,False,False,False,False,False,
motorcycle_5ab8604a14df,motorcycle,13949,3104754888300,3104.7548883,left,out_of_frame,0.75,False,False,False,True,hand tracking projects every landmark outside the RGB image: the hand is tracked by the device but not in the camera's field of view | a proxy mask exists while no landmark falls inside the image: candidate false mask,False,False,False,True,False,,True,True,True,,,,,,
motorcycle_5ab8604a14df,motorcycle,13949,3104754888300,3104.7548883,right,uncertain,0.3,False,False,False,True,the segmentation proxy proposes a hand region but the tracker reports nothing: either the tracker failed or the proxy is a false positive | the proxy region has persisted for 16 frames with no tracking support: candidate over-propagation,,,,,,,True,False,True,False,False,False,False,False,
motorcycle_5ab8604a14df,motorcycle,13950,3104821549760,3104.82154976,left,out_of_frame,0.75,False,False,False,True,hand tracking projects every landmark outside the RGB image: the hand is tracked by the device but not in the camera's field of view,False,False,False,True,False,,True,True,True,,,,,,
motorcycle_5ab8604a14df,motorcycle,13950,3104821549760,3104.82154976,right,not_visible,0.5,False,False,False,True,"neither hand tracking nor the segmentation proxy reports a hand; on a motorcycle this is an expected, non-erroneous situation",,,,,,,True,False,True,False,False,False,False,False,
motorcycle_5ab8604a14df,motorcycle,13951,3104888236477,3104.888236477,left,out_of_frame,0.75,False,False,False,True,hand tracking projects every landmark outside the RGB image: the hand is tracked by the device but not in the camera's field of view,False,False,False,True,False,,True,True,True,,,,,,
motorcycle_5ab8604a14df,motorcycle,13951,3104888236477,3104.888236477,right,not_visible,0.5,False,False,False,True,"neither hand tracking nor the segmentation proxy reports a hand; on a motorcycle this is an expected, non-erroneous situation",,,,,,,True,False,True,False,False,False,False,False,
motorcycle_5ab8604a14df,motorcycle,13952,3104954935457,3104.954935457,left,out_of_frame,0.75,False,False,False,True,hand tracking projects every landmark outside the RGB image: the hand is tracked by the device but not in the camera's field of view | a proxy mask exists while no landmark falls inside the image: candidate false mask,False,False,False,True,False,,True,True,True,,,,,,
motorcycle_5ab8604a14df,motorcycle,13952,3104954935457,3104.954935457,right,uncertain,0.4,False,False,False,True,the segmentation proxy proposes a hand region but the tracker reports nothing: either the tracker failed or the proxy is a false positive,,,,,,,True,False,True,False,False,False,False,False,
motorcycle_5ab8604a14df,motorcycle,13953,3105021647800,3105.0216478,left,out_of_frame,0.75,False,False,False,True,hand tracking projects every landmark outside the RGB image: the hand is tracked by the device but not in the camera's field of view | a proxy mask exists while no landmark falls inside the image: candidate false mask,False,False,False,True,False,,True,True,True,,,,,,
motorcycle_5ab8604a14df,motorcycle,13953,3105021647800,3105.0216478,right,uncertain,0.4,False,False,False,True,the segmentation proxy proposes a hand region but the tracker reports nothing: either the tracker failed or the proxy is a false positive,,,,,,,True,False,True,False,False,False,False,False,
motorcycle_5ab8604a14df,motorcycle,13954,3105088359748,3105.088359748,left,out_of_frame,0.75,False,False,False,True,hand tracking projects every landmark outside the RGB image: the hand is tracked by the device but not in the camera's field of view,False,False,False,True,False,,True,True,True,,,,,,
motorcycle_5ab8604a14df,motorcycle,13954,3105088359748,3105.088359748,right,not_visible,0.5,False,False,False,True,"neither hand tracking nor the segmentation proxy reports a hand; on a motorcycle this is an expected, non-erroneous situation",,,,,,,True,False,True,False,False,False,False,False,
motorcycle_5ab8604a14df,motorcycle,13955,3105155014572,3105.155014572,left,out_of_frame,0.75,False,False,False,True,hand tracking projects every landmark outside the RGB image: the hand is tracked by the device but not in the camera's field of view | a proxy mask exists while no landmark falls inside the image: candidate false mask,False,False,False,True,False,,True,True,True,,,,,,
motorcycle_5ab8604a14df,motorcycle,13955,3105155014572,3105.155014572,right,uncertain,0.4,False,False,False,True,the segmentation proxy proposes a hand region but the tracker reports nothing: either the tracker failed or the proxy is a false positive,,,,,,,True,False,True,False,False,False,False,False,
motorcycle_5ab8604a14df,motorcycle,13956,3105221694946,3105.221694946,left,out_of_frame,0.75,False,False,False,True,hand tracking projects every landmark outside the RGB image: the hand is tracked by the device but not in the camera's field of view | a proxy mask exists while no landmark falls inside the image: candidate false mask,False,False,False,True,False,,True,True,True,,,,,,
motorcycle_5ab8604a14df,motorcycle,13956,3105221694946,3105.221694946,right,uncertain,0.4,False,False,False,True,the segmentation proxy proposes a hand region but the tracker reports nothing: either the tracker failed or the proxy is a false positive,,,,,,,True,False,True,False,False,False,False,False,
motorcycle_5ab8604a14df,motorcycle,13957,3105288350061,3105.288350061,left,out_of_frame,0.75,False,False,False,True,hand tracking projects every landmark outside the RGB image: the hand is tracked by the device but not in the camera's field of view | a proxy mask exists while no landmark falls inside the image: candidate false mask,False,False,False,True,False,,True,True,True,,,,,,
motorcycle_5ab8604a14df,motorcycle,13957,3105288350061,3105.288350061,right,uncertain,0.4,False,False,False,True,the segmentation proxy proposes a hand region but the tracker reports nothing: either the tracker failed or the proxy is a false positive,,,,,,,True,False,True,False,False,False,False,False,
motorcycle_5ab8604a14df,motorcycle,13958,3105355005466,3105.355005466,left,out_of_frame,0.75,False,False,False,True,hand tracking projects every landmark outside the RGB image: the hand is tracked by the device but not in the camera's field of view | a proxy mask exists while no landmark falls inside the image: candidate false mask,False,False,False,True,False,,True,True,True,,,,,,
motorcycle_5ab8604a14df,motorcycle,13958,3105355005466,3105.355005466,right,uncertain,0.4,False,False,False,True,the segmentation proxy proposes a hand region but the tracker reports nothing: either the tracker failed or the proxy is a false positive,,,,,,,True,False,True,False,False,False,False,False,
motorcycle_5ab8604a14df,motorcycle,13959,3105421666926,3105.421666926,left,out_of_frame,0.75,False,False,False,True,hand tracking projects every landmark outside the RGB image: the hand is tracked by the device but not in the camera's field of view | a proxy mask exists while no landmark falls inside the image: candidate false mask,False,False,False,True,False,,True,True,True,,,,,,
motorcycle_5ab8604a14df,motorcycle,13959,3105421666926,3105.421666926,right,uncertain,0.4,False,False,False,True,the segmentation proxy proposes a hand region but the tracker reports nothing: either the tracker failed or the proxy is a false positive,,,,,,,True,False,True,False,False,False,False,False,
motorcycle_5ab8604a14df,motorcycle,13960,3105488328331,3105.488328331,left,out_of_frame,0.75,False,False,False,True,hand tracking projects every landmark outside the RGB image: the hand is tracked by the device but not in the camera's field of view | a proxy mask exists while no landmark falls inside the image: candidate false mask,False,False,False,True,False,,True,True,True,,,,,,
motorcycle_5ab8604a14df,motorcycle,13960,3105488328331,3105.488328331,right,uncertain,0.4,False,False,False,True,the segmentation proxy proposes a hand region but the tracker reports nothing: either the tracker failed or the proxy is a false positive,,,,,,,True,False,True,False,False,False,False,False,
motorcycle_5ab8604a14df,motorcycle,13961,3105554964478,3105.554964478,left,out_of_frame,0.75,False,False,False,True,hand tracking projects every landmark outside the RGB image: the hand is tracked by the device but not in the camera's field of view | a proxy mask exists while no landmark falls inside the image: candidate false mask,False,False,False,True,False,,True,True,True,,,,,,
motorcycle_5ab8604a14df,motorcycle,13961,3105554964478,3105.554964478,right,uncertain,0.4,False,False,False,True,the segmentation proxy proposes a hand region but the tracker reports nothing: either the tracker failed or the proxy is a false positive,,,,,,,True,False,True,False,False,False,False,False,
motorcycle_5ab8604a14df,motorcycle,13962,3105621562550,3105.62156255,left,out_of_frame,0.75,False,False,False,True,hand tracking projects every landmark outside the RGB image: the hand is tracked by the device but not in the camera's field of view | a proxy mask exists while no landmark falls inside the image: candidate false mask,False,False,False,True,False,,True,True,True,,,,,,
motorcycle_5ab8604a14df,motorcycle,13962,3105621562550,3105.62156255,right,uncertain,0.3,False,False,False,True,the segmentation proxy proposes a hand region but the tracker reports nothing: either the tracker failed or the proxy is a false positive | the proxy region has persisted for 8 frames with no tracking support: candidate over-propagation,,,,,,,True,False,True,False,False,False,False,False,
motorcycle_5ab8604a14df,motorcycle,13963,3105688084977,3105.688084977,left,out_of_frame,0.75,False,False,False,True,hand tracking projects every landmark outside the RGB image: the hand is tracked by the device but not in the camera's field of view,False,False,False,True,False,,True,True,True,,,,,,
motorcycle_5ab8604a14df,motorcycle,13963,3105688084977,3105.688084977,right,not_visible,0.5,False,False,False,True,"neither hand tracking nor the segmentation proxy reports a hand; on a motorcycle this is an expected, non-erroneous situation",,,,,,,True,False,True,False,False,False,False,False,
motorcycle_5ab8604a14df,motorcycle,13964,3105754657906,3105.754657906,left,out_of_frame,0.75,False,False,False,True,hand tracking projects every landmark outside the RGB image: the hand is tracked by the device but not in the camera's field of view | a proxy mask exists while no landmark falls inside the image: candidate false mask,False,False,False,True,False,,True,True,True,,,,,,
motorcycle_5ab8604a14df,motorcycle,13964,3105754657906,3105.754657906,right,uncertain,0.4,False,False,False,True,the segmentation proxy proposes a hand region but the tracker reports nothing: either the tracker failed or the proxy is a false positive,,,,,,,True,False,True,False,False,False,False,False,
motorcycle_5ab8604a14df,motorcycle,13965,3105821306665,3105.821306665,left,out_of_frame,0.75,False,False,False,True,hand tracking projects every landmark outside the RGB image: the hand is tracked by the device but not in the camera's field of view | a proxy mask exists while no landmark falls inside the image: candidate false mask,False,False,False,True,False,,True,True,True,,,,,,
motorcycle_5ab8604a14df,motorcycle,13965,3105821306665,3105.821306665,right,uncertain,0.4,False,False,False,True,the segmentation proxy proposes a hand region but the tracker reports nothing: either the tracker failed or the proxy is a false positive,,,,,,,True,False,True,False,False,False,False,False,
motorcycle_5ab8604a14df,motorcycle,13966,3105888018571,3105.888018571,left,out_of_frame,0.75,False,False,False,True,hand tracking projects every landmark outside the RGB image: the hand is tracked by the device but not in the camera's field of view | a proxy mask exists while no landmark falls inside the image: candidate false mask,False,False,False,True,False,,True,True,True,,,,,,
motorcycle_5ab8604a14df,motorcycle,13966,3105888018571,3105.888018571,right,uncertain,0.4,False,False,False,True,the segmentation proxy proposes a hand region but the tracker reports nothing: either the tracker failed or the proxy is a false positive,,,,,,,True,False,True,False,False,False,False,False,
motorcycle_5ab8604a14df,motorcycle,13967,3105954781175,3105.954781175,left,motion_blurred,0.55,False,False,False,True,5/21 tracked landmarks project inside the image | the segmentation proxy also proposes a hand region here | local sharpness is well below the frame reference: the hand region is blurred by motion or vibration,False,False,False,False,True,,True,True,True,,,,,,
motorcycle_5ab8604a14df,motorcycle,13967,3105954781175,3105.954781175,right,uncertain,0.4,False,False,False,True,the segmentation proxy proposes a hand region but the tracker reports nothing: either the tracker failed or the proxy is a false positive,,,,,,,True,False,True,False,False,False,False,False,
motorcycle_5ab8604a14df,motorcycle,13968,3106021594425,3106.021594425,left,motion_blurred,0.55,False,False,False,True,5/21 tracked landmarks project inside the image | the segmentation proxy also proposes a hand region here | local sharpness is well below the frame reference: the hand region is blurred by motion or vibration,False,False,False,False,True,,True,True,True,,,,,,
motorcycle_5ab8604a14df,motorcycle,13968,3106021594425,3106.021594425,right,uncertain,0.4,False,False,False,True,the segmentation proxy proposes a hand region but the tracker reports nothing: either the tracker failed or the proxy is a false positive,,,,,,,True,False,True,False,False,False,False,False,
motorcycle_5ab8604a14df,motorcycle,13969,3106088344519,3106.088344519,left,motion_blurred,0.55,False,False,False,True,8/21 tracked landmarks project inside the image | the segmentation proxy also proposes a hand region here | local sharpness is well below the frame reference: the hand region is blurred by motion or vibration,False,False,False,False,True,,True,True,True,,,,,,
motorcycle_5ab8604a14df,motorcycle,13969,3106088344519,3106.088344519,right,uncertain,0.4,False,False,False,True,the segmentation proxy proposes a hand region but the tracker reports nothing: either the tracker failed or the proxy is a false positive,,,,,,,True,False,True,False,False,False,False,False,
motorcycle_5ab8604a14df,motorcycle,13970,3106155012124,3106.155012124,left,motion_blurred,0.55,False,False,False,True,4/21 tracked landmarks project inside the image | the segmentation proxy also proposes a hand region here | local sharpness is well below the frame reference: the hand region is blurred by motion or vibration,False,False,False,False,True,,True,True,True,,,,,,
motorcycle_5ab8604a14df,motorcycle,13970,3106155012124,3106.155012124,right,uncertain,0.4,False,False,False,True,the segmentation proxy proposes a hand region but the tracker reports nothing: either the tracker failed or the proxy is a false positive,,,,,,,True,False,True,False,False,False,False,False,
motorcycle_5ab8604a14df,motorcycle,13971,3106221673654,3106.221673654,left,motion_blurred,0.55,False,False,False,True,4/21 tracked landmarks project inside the image | the segmentation proxy also proposes a hand region here | local sharpness is well below the frame reference: the hand region is blurred by motion or vibration,False,False,False,False,True,,True,True,True,,,,,,
motorcycle_5ab8604a14df,motorcycle,13971,3106221673654,3106.221673654,right,uncertain,0.3,False,False,False,True,the segmentation proxy proposes a hand region but the tracker reports nothing: either the tracker failed or the proxy is a false positive | the proxy region has persisted for 8 frames with no tracking support: candidate over-propagation,,,,,,,True,False,True,False,False,False,False,False,
motorcycle_5ab8604a14df,motorcycle,13972,3106288347478,3106.288347478,left,motion_blurred,0.55,False,False,False,True,2/21 tracked landmarks project inside the image | the segmentation proxy also proposes a hand region here | local sharpness is well below the frame reference: the hand region is blurred by motion or vibration,False,False,False,False,True,,True,True,True,,,,,,
motorcycle_5ab8604a14df,motorcycle,13972,3106288347478,3106.288347478,right,uncertain,0.3,False,False,False,True,the segmentation proxy proposes a hand region but the tracker reports nothing: either the tracker failed or the proxy is a false positive | the proxy region has persisted for 9 frames with no tracking support: candidate over-propagation,,,,,,,True,False,True,False,False,False,False,False,
motorcycle_5ab8604a14df,motorcycle,13973,3106354989937,3106.354989937,left,motion_blurred,0.55,False,False,False,True,1/21 tracked landmarks project inside the image | the segmentation proxy also proposes a hand region here | local sharpness is well below the frame reference: the hand region is blurred by motion or vibration,False,False,False,False,True,,True,True,True,,,,,,
motorcycle_5ab8604a14df,motorcycle,13973,3106354989937,3106.354989937,right,uncertain,0.3,False,False,False,True,the segmentation proxy proposes a hand region but the tracker reports nothing: either the tracker failed or the proxy is a false positive | the proxy region has persisted for 10 frames with no tracking support: candidate over-propagation,,,,,,,True,False,True,False,False,False,False,False,
motorcycle_5ab8604a14df,motorcycle,13974,3106421537593,3106.421537593,left,motion_blurred,0.55,False,False,False,True,1/21 tracked landmarks project inside the image | the segmentation proxy also proposes a hand region here | local sharpness is well below the frame reference: the hand region is blurred by motion or vibration,False,False,False,False,True,,True,True,True,,,,,,
motorcycle_5ab8604a14df,motorcycle,13974,3106421537593,3106.421537593,right,uncertain,0.3,False,False,False,True,the segmentation proxy proposes a hand region but the tracker reports nothing: either the tracker failed or the proxy is a false positive | the proxy region has persisted for 11 frames with no tracking support: candidate over-propagation,,,,,,,True,False,True,False,False,False,False,False,
motorcycle_5ab8604a14df,motorcycle,13975,3106488116936,3106.488116936,left,out_of_frame,0.75,False,False,False,True,hand tracking projects every landmark outside the RGB image: the hand is tracked by the device but not in the camera's field of view,False,False,False,True,False,,True,True,True,,,,,,
motorcycle_5ab8604a14df,motorcycle,13975,3106488116936,3106.488116936,right,not_visible,0.5,False,False,False,True,"neither hand tracking nor the segmentation proxy reports a hand; on a motorcycle this is an expected, non-erroneous situation",,,,,,,True,False,True,False,False,False,False,False,
motorcycle_5ab8604a14df,motorcycle,13976,3106554771956,3106.554771956,left,out_of_frame,0.75,False,False,False,True,hand tracking projects every landmark outside the RGB image: the hand is tracked by the device but not in the camera's field of view | a proxy mask exists while no landmark falls inside the image: candidate false mask,False,False,False,True,False,,True,True,True,,,,,,
motorcycle_5ab8604a14df,motorcycle,13976,3106554771956,3106.554771956,right,uncertain,0.4,False,False,False,True,the segmentation proxy proposes a hand region but the tracker reports nothing: either the tracker failed or the proxy is a false positive,,,,,,,True,False,True,False,False,False,False,False,
motorcycle_5ab8604a14df,motorcycle,13977,3106621534644,3106.621534644,left,out_of_frame,0.75,False,False,False,True,hand tracking projects every landmark outside the RGB image: the hand is tracked by the device but not in the camera's field of view | a proxy mask exists while no landmark falls inside the image: candidate false mask,False,False,False,True,False,,True,True,True,,,,,,
motorcycle_5ab8604a14df,motorcycle,13977,3106621534644,3106.621534644,right,uncertain,0.4,False,False,False,True,the segmentation proxy proposes a hand region but the tracker reports nothing: either the tracker failed or the proxy is a false positive,,,,,,,True,False,True,False,False,False,False,False,
motorcycle_5ab8604a14df,motorcycle,13978,3106688265749,3106.688265749,left,out_of_frame,0.75,False,False,False,True,hand tracking projects every landmark outside the RGB image: the hand is tracked by the device but not in the camera's field of view | a proxy mask exists while no landmark falls inside the image: candidate false mask,False,False,False,True,False,,True,True,True,,,,,,
motorcycle_5ab8604a14df,motorcycle,13978,3106688265749,3106.688265749,right,uncertain,0.4,False,False,False,True,the segmentation proxy proposes a hand region but the tracker reports nothing: either the tracker failed or the proxy is a false positive,,,,,,,True,False,True,False,False,False,False,False,
motorcycle_5ab8604a14df,motorcycle,13979,3106754939883,3106.754939883,left,out_of_frame,0.75,False,False,False,True,hand tracking projects every landmark outside the RGB image: the hand is tracked by the device but not in the camera's field of view | a proxy mask exists while no landmark falls inside the image: candidate false mask,False,False,False,True,False,,True,True,True,,,,,,
motorcycle_5ab8604a14df,motorcycle,13979,3106754939883,3106.754939883,right,uncertain,0.4,False,False,False,True,the segmentation proxy proposes a hand region but the tracker reports nothing: either the tracker failed or the proxy is a false positive,,,,,,,True,False,True,False,False,False,False,False,
motorcycle_5ab8604a14df,motorcycle,13980,3106821607759,3106.821607759,left,out_of_frame,0.75,False,False,False,True,hand tracking projects every landmark outside the RGB image: the hand is tracked by the device but not in the camera's field of view | a proxy mask exists while no landmark falls inside the image: candidate false mask,False,False,False,True,False,,True,True,True,,,,,,
motorcycle_5ab8604a14df,motorcycle,13980,3106821607759,3106.821607759,right,uncertain,0.4,False,False,False,True,the segmentation proxy proposes a hand region but the tracker reports nothing: either the tracker failed or the proxy is a false positive,,,,,,,True,False,True,False,False,False,False,False,
motorcycle_5ab8604a14df,motorcycle,13981,3106888275478,3106.888275478,left,out_of_frame,0.75,False,False,False,True,hand tracking projects every landmark outside the RGB image: the hand is tracked by the device but not in the camera's field of view | a proxy mask exists while no landmark falls inside the image: candidate false mask,False,False,False,True,False,,True,True,True,,,,,,
motorcycle_5ab8604a14df,motorcycle,13981,3106888275478,3106.888275478,right,uncertain,0.4,False,False,False,True,the segmentation proxy proposes a hand region but the tracker reports nothing: either the tracker failed or the proxy is a false positive,,,,,,,True,False,True,False,False,False,False,False,
motorcycle_5ab8604a14df,motorcycle,13982,3106954923884,3106.954923884,left,out_of_frame,0.75,False,False,False,True,hand tracking projects every landmark outside the RGB image: the hand is tracked by the device but not in the camera's field of view | a proxy mask exists while no landmark falls inside the image: candidate false mask,False,False,False,True,False,,True,True,True,,,,,,
motorcycle_5ab8604a14df,motorcycle,13982,3106954923884,3106.954923884,right,uncertain,0.4,False,False,False,True,the segmentation proxy proposes a hand region but the tracker reports nothing: either the tracker failed or the proxy is a false positive,,,,,,,True,False,True,False,False,False,False,False,
motorcycle_5ab8604a14df,motorcycle,13983,3107021522114,3107.021522114,left,out_of_frame,0.75,False,False,False,True,hand tracking projects every landmark outside the RGB image: the hand is tracked by the device but not in the camera's field of view | a proxy mask exists while no landmark falls inside the image: candidate false mask,False,False,False,True,False,,True,True,True,,,,,,
motorcycle_5ab8604a14df,motorcycle,13983,3107021522114,3107.021522114,right,uncertain,0.3,False,False,False,True,the segmentation proxy proposes a hand region but the tracker reports nothing: either the tracker failed or the proxy is a false positive | the proxy region has persisted for 8 frames with no tracking support: candidate over-propagation,,,,,,,True,False,True,False,False,False,False,False,
motorcycle_5ab8604a14df,motorcycle,13984,3107088114374,3107.088114374,left,out_of_frame,0.75,False,False,False,True,hand tracking projects every landmark outside the RGB image: the hand is tracked by the device but not in the camera's field of view | a proxy mask exists while no landmark falls inside the image: candidate false mask,False,False,False,True,False,,True,True,True,,,,,,
motorcycle_5ab8604a14df,motorcycle,13984,3107088114374,3107.088114374,right,uncertain,0.3,False,False,False,True,the segmentation proxy proposes a hand region but the tracker reports nothing: either the tracker failed or the proxy is a false positive | the proxy region has persisted for 9 frames with no tracking support: candidate over-propagation,,,,,,,True,False,True,False,False,False,False,False,
motorcycle_5ab8604a14df,motorcycle,13985,3107154737842,3107.154737842,left,out_of_frame,0.75,False,False,False,True,hand tracking projects every landmark outside the RGB image: the hand is tracked by the device but not in the camera's field of view | a proxy mask exists while no landmark falls inside the image: candidate false mask,False,False,False,True,False,,True,True,True,,,,,,
motorcycle_5ab8604a14df,motorcycle,13985,3107154737842,3107.154737842,right,uncertain,0.3,False,False,False,True,the segmentation proxy proposes a hand region but the tracker reports nothing: either the tracker failed or the proxy is a false positive | the proxy region has persisted for 10 frames with no tracking support: candidate over-propagation,,,,,,,True,False,True,False,False,False,False,False,
motorcycle_5ab8604a14df,motorcycle,13986,3107221392676,3107.221392676,left,out_of_frame,0.75,False,False,False,True,hand tracking projects every landmark outside the RGB image: the hand is tracked by the device but not in the camera's field of view | a proxy mask exists while no landmark falls inside the image: candidate false mask,False,False,False,True,False,,True,True,True,,,,,,
motorcycle_5ab8604a14df,motorcycle,13986,3107221392676,3107.221392676,right,uncertain,0.3,False,False,False,True,the segmentation proxy proposes a hand region but the tracker reports nothing: either the tracker failed or the proxy is a false positive | the proxy region has persisted for 11 frames with no tracking support: candidate over-propagation,,,,,,,True,False,True,False,False,False,False,False,
motorcycle_5ab8604a14df,motorcycle,13987,3107288142810,3107.28814281,left,out_of_frame,0.75,False,False,False,True,hand tracking projects every landmark outside the RGB image: the hand is tracked by the device but not in the camera's field of view | a proxy mask exists while no landmark falls inside the image: candidate false mask,False,False,False,True,False,,True,True,True,,,,,,
motorcycle_5ab8604a14df,motorcycle,13987,3107288142810,3107.28814281,right,uncertain,0.3,False,False,False,True,the segmentation proxy proposes a hand region but the tracker reports nothing: either the tracker failed or the proxy is a false positive | the proxy region has persisted for 12 frames with no tracking support: candidate over-propagation,,,,,,,True,False,True,False,False,False,False,False,
motorcycle_5ab8604a14df,motorcycle,13988,3107354911832,3107.354911832,left,out_of_frame,0.75,False,False,False,True,hand tracking projects every landmark outside the RGB image: the hand is tracked by the device but not in the camera's field of view | a proxy mask exists while no landmark falls inside the image: candidate false mask,False,False,False,True,False,,True,True,True,,,,,,
motorcycle_5ab8604a14df,motorcycle,13988,3107354911832,3107.354911832,right,uncertain,0.3,False,False,False,True,the segmentation proxy proposes a hand region but the tracker reports nothing: either the tracker failed or the proxy is a false positive | the proxy region has persisted for 13 frames with no tracking support: candidate over-propagation,,,,,,,True,False,True,False,False,False,False,False,
motorcycle_5ab8604a14df,motorcycle,13989,3107421579176,3107.421579176,left,out_of_frame,0.75,False,False,False,True,hand tracking projects every landmark outside the RGB image: the hand is tracked by the device but not in the camera's field of view | a proxy mask exists while no landmark falls inside the image: candidate false mask,False,False,False,True,False,,True,True,True,,,,,,
motorcycle_5ab8604a14df,motorcycle,13989,3107421579176,3107.421579176,right,uncertain,0.3,False,False,False,True,the segmentation proxy proposes a hand region but the tracker reports nothing: either the tracker failed or the proxy is a false positive | the proxy region has persisted for 14 frames with no tracking support: candidate over-propagation,,,,,,,True,False,True,False,False,False,False,False,
motorcycle_5ab8604a14df,motorcycle,13990,3107488240998,3107.488240998,left,out_of_frame,0.75,False,False,False,True,hand tracking projects every landmark outside the RGB image: the hand is tracked by the device but not in the camera's field of view | a proxy mask exists while no landmark falls inside the image: candidate false mask,False,False,False,True,False,,True,True,True,,,,,,
motorcycle_5ab8604a14df,motorcycle,13990,3107488240998,3107.488240998,right,uncertain,0.3,False,False,False,True,the segmentation proxy proposes a hand region but the tracker reports nothing: either the tracker failed or the proxy is a false positive | the proxy region has persisted for 15 frames with no tracking support: candidate over-propagation,,,,,,,True,False,True,False,False,False,False,False,
motorcycle_5ab8604a14df,motorcycle,13991,3107554870801,3107.554870801,left,out_of_frame,0.75,False,False,False,True,hand tracking projects every landmark outside the RGB image: the hand is tracked by the device but not in the camera's field of view | a proxy mask exists while no landmark falls inside the image: candidate false mask,False,False,False,True,False,,True,True,True,,,,,,
motorcycle_5ab8604a14df,motorcycle,13991,3107554870801,3107.554870801,right,uncertain,0.3,False,False,False,True,the segmentation proxy proposes a hand region but the tracker reports nothing: either the tracker failed or the proxy is a false positive | the proxy region has persisted for 16 frames with no tracking support: candidate over-propagation,,,,,,,True,False,True,False,False,False,False,False,
motorcycle_5ab8604a14df,motorcycle,13992,3107621449717,3107.621449717,left,out_of_frame,0.75,False,False,False,True,hand tracking projects every landmark outside the RGB image: the hand is tracked by the device but not in the camera's field of view,False,False,False,True,False,,True,True,True,,,,,,
motorcycle_5ab8604a14df,motorcycle,13992,3107621449717,3107.621449717,right,not_visible,0.5,False,False,False,True,"neither hand tracking nor the segmentation proxy reports a hand; on a motorcycle this is an expected, non-erroneous situation",,,,,,,True,False,True,False,False,False,False,False,
motorcycle_5ab8604a14df,motorcycle,13993,3107688003904,3107.688003904,left,out_of_frame,0.75,False,False,False,True,hand tracking projects every landmark outside the RGB image: the hand is tracked by the device but not in the camera's field of view | a proxy mask exists while no landmark falls inside the image: candidate false mask,False,False,False,True,False,,True,True,True,,,,,,
motorcycle_5ab8604a14df,motorcycle,13993,3107688003904,3107.688003904,right,uncertain,0.4,False,False,False,True,the segmentation proxy proposes a hand region but the tracker reports nothing: either the tracker failed or the proxy is a false positive,,,,,,,True,False,True,False,False,False,False,False,
motorcycle_5ab8604a14df,motorcycle,13994,3107754640218,3107.754640218,left,out_of_frame,0.75,False,False,False,True,hand tracking projects every landmark outside the RGB image: the hand is tracked by the device but not in the camera's field of view | a proxy mask exists while no landmark falls inside the image: candidate false mask,False,False,False,True,False,,True,True,True,,,,,,
motorcycle_5ab8604a14df,motorcycle,13994,3107754640218,3107.754640218,right,uncertain,0.4,False,False,False,True,the segmentation proxy proposes a hand region but the tracker reports nothing: either the tracker failed or the proxy is a false positive,,,,,,,True,False,True,False,False,False,False,False,
motorcycle_5ab8604a14df,motorcycle,13995,3107821352123,3107.821352123,left,out_of_frame,0.75,False,False,False,True,hand tracking projects every landmark outside the RGB image: the hand is tracked by the device but not in the camera's field of view | a proxy mask exists while no landmark falls inside the image: candidate false mask,False,False,False,True,False,,True,True,True,,,,,,
motorcycle_5ab8604a14df,motorcycle,13995,3107821352123,3107.821352123,right,uncertain,0.4,False,False,False,True,the segmentation proxy proposes a hand region but the tracker reports nothing: either the tracker failed or the proxy is a false positive,,,,,,,True,False,True,False,False,False,False,False,
motorcycle_5ab8604a14df,motorcycle,13996,3107888089415,3107.888089415,left,out_of_frame,0.75,False,False,False,True,hand tracking projects every landmark outside the RGB image: the hand is tracked by the device but not in the camera's field of view | a proxy mask exists while no landmark falls inside the image: candidate false mask,False,False,False,True,False,,True,True,True,,,,,,
motorcycle_5ab8604a14df,motorcycle,13996,3107888089415,3107.888089415,right,uncertain,0.4,False,False,False,True,the segmentation proxy proposes a hand region but the tracker reports nothing: either the tracker failed or the proxy is a false positive,,,,,,,True,False,True,False,False,False,False,False,
motorcycle_5ab8604a14df,motorcycle,13997,3107954776103,3107.954776103,left,out_of_frame,0.75,False,False,False,True,hand tracking projects every landmark outside the RGB image: the hand is tracked by the device but not in the camera's field of view | a proxy mask exists while no landmark falls inside the image: candidate false mask,False,False,False,True,False,,True,True,True,,,,,,
motorcycle_5ab8604a14df,motorcycle,13997,3107954776103,3107.954776103,right,uncertain,0.4,False,False,False,True,the segmentation proxy proposes a hand region but the tracker reports nothing: either the tracker failed or the proxy is a false positive,,,,,,,True,False,True,False,False,False,False,False,
motorcycle_5ab8604a14df,motorcycle,13998,3108021431321,3108.021431321,left,out_of_frame,0.75,False,False,False,True,hand tracking projects every landmark outside the RGB image: the hand is tracked by the device but not in the camera's field of view | a proxy mask exists while no landmark falls inside the image: candidate false mask,False,False,False,True,False,,True,True,True,,,,,,
motorcycle_5ab8604a14df,motorcycle,13998,3108021431321,3108.021431321,right,uncertain,0.4,False,False,False,True,the segmentation proxy proposes a hand region but the tracker reports nothing: either the tracker failed or the proxy is a false positive,,,,,,,True,False,True,False,False,False,False,False,
motorcycle_5ab8604a14df,motorcycle,13999,3108088079728,3108.088079728,left,out_of_frame,0.75,False,False,False,True,hand tracking projects every landmark outside the RGB image: the hand is tracked by the device but not in the camera's field of view | a proxy mask exists while no landmark falls inside the image: candidate false mask,False,False,False,True,False,,True,True,True,,,,,,
motorcycle_5ab8604a14df,motorcycle,13999,3108088079728,3108.088079728,right,uncertain,0.4,False,False,False,True,the segmentation proxy proposes a hand region but the tracker reports nothing: either the tracker failed or the proxy is a false positive,,,,,,,True,False,True,False,False,False,False,False,
motorcycle_5ab8604a14df,motorcycle,14000,3108154715873,3108.154715873,left,out_of_frame,0.75,False,False,False,True,hand tracking projects every landmark outside the RGB image: the hand is tracked by the device but not in the camera's field of view | a proxy mask exists while no landmark falls inside the image: candidate false mask,False,False,False,True,False,,True,True,True,,,,,,
motorcycle_5ab8604a14df,motorcycle,14000,3108154715873,3108.154715873,right,uncertain,0.3,False,False,False,True,the segmentation proxy proposes a hand region but the tracker reports nothing: either the tracker failed or the proxy is a false positive | the proxy region has persisted for 8 frames with no tracking support: candidate over-propagation,,,,,,,True,False,True,False,False,False,False,False,
motorcycle_5ab8604a14df,motorcycle,14001,3108221339708,3108.221339708,left,out_of_frame,0.75,False,False,False,True,hand tracking projects every landmark outside the RGB image: the hand is tracked by the device but not in the camera's field of view | a proxy mask exists while no landmark falls inside the image: candidate false mask,False,False,False,True,False,,True,True,True,,,,,,
motorcycle_5ab8604a14df,motorcycle,14001,3108221339708,3108.221339708,right,uncertain,0.3,False,False,False,True,the segmentation proxy proposes a hand region but the tracker reports nothing: either the tracker failed or the proxy is a false positive | the proxy region has persisted for 9 frames with no tracking support: candidate over-propagation,,,,,,,True,False,True,False,False,False,False,False,
motorcycle_5ab8604a14df,motorcycle,14002,3108287962936,3108.287962936,left,out_of_frame,0.75,False,False,False,True,hand tracking projects every landmark outside the RGB image: the hand is tracked by the device but not in the camera's field of view | a proxy mask exists while no landmark falls inside the image: candidate false mask,False,False,False,True,False,,True,True,True,,,,,,
motorcycle_5ab8604a14df,motorcycle,14002,3108287962936,3108.287962936,right,uncertain,0.3,False,False,False,True,the segmentation proxy proposes a hand region but the tracker reports nothing: either the tracker failed or the proxy is a false positive | the proxy region has persisted for 10 frames with no tracking support: candidate over-propagation,,,,,,,True,False,True,False,False,False,False,False,
motorcycle_5ab8604a14df,motorcycle,14003,3108354605269,3108.354605269,left,out_of_frame,0.75,False,False,False,True,hand tracking projects every landmark outside the RGB image: the hand is tracked by the device but not in the camera's field of view | a proxy mask exists while no landmark falls inside the image: candidate false mask,False,False,False,True,False,,True,True,True,,,,,,
motorcycle_5ab8604a14df,motorcycle,14003,3108354605269,3108.354605269,right,uncertain,0.3,False,False,False,True,the segmentation proxy proposes a hand region but the tracker reports nothing: either the tracker failed or the proxy is a false positive | the proxy region has persisted for 11 frames with no tracking support: candidate over-propagation,,,,,,,True,False,True,False,False,False,False,False,
motorcycle_5ab8604a14df,motorcycle,14004,3108421292228,3108.421292228,left,out_of_frame,0.75,False,False,False,True,hand tracking projects every landmark outside the RGB image: the hand is tracked by the device but not in the camera's field of view | a proxy mask exists while no landmark falls inside the image: candidate false mask,False,False,False,True,False,,True,True,True,,,,,,
motorcycle_5ab8604a14df,motorcycle,14004,3108421292228,3108.421292228,right,uncertain,0.3,False,False,False,True,the segmentation proxy proposes a hand region but the tracker reports nothing: either the tracker failed or the proxy is a false positive | the proxy region has persisted for 12 frames with no tracking support: candidate over-propagation,,,,,,,True,False,True,False,False,False,False,False,
motorcycle_5ab8604a14df,motorcycle,14005,3108487978946,3108.487978946,left,out_of_frame,0.75,False,False,False,True,hand tracking projects every landmark outside the RGB image: the hand is tracked by the device but not in the camera's field of view | a proxy mask exists while no landmark falls inside the image: candidate false mask,False,False,False,True,False,,True,True,True,,,,,,
motorcycle_5ab8604a14df,motorcycle,14005,3108487978946,3108.487978946,right,uncertain,0.3,False,False,False,True,the segmentation proxy proposes a hand region but the tracker reports nothing: either the tracker failed or the proxy is a false positive | the proxy region has persisted for 13 frames with no tracking support: candidate over-propagation,,,,,,,True,False,True,False,False,False,False,False,
motorcycle_5ab8604a14df,motorcycle,14006,3108554665821,3108.554665821,left,out_of_frame,0.75,False,False,False,True,hand tracking projects every landmark outside the RGB image: the hand is tracked by the device but not in the camera's field of view | a proxy mask exists while no landmark falls inside the image: candidate false mask,False,False,False,True,False,,True,True,True,,,,,,
motorcycle_5ab8604a14df,motorcycle,14006,3108554665821,3108.554665821,right,uncertain,0.3,False,False,False,True,the segmentation proxy proposes a hand region but the tracker reports nothing: either the tracker failed or the proxy is a false positive | the proxy region has persisted for 14 frames with no tracking support: candidate over-propagation,,,,,,,True,False,True,False,False,False,False,False,
motorcycle_5ab8604a14df,motorcycle,14007,3108621346145,3108.621346145,left,out_of_frame,0.75,False,False,False,True,hand tracking projects every landmark outside the RGB image: the hand is tracked by the device but not in the camera's field of view | a proxy mask exists while no landmark falls inside the image: candidate false mask,False,False,False,True,False,,True,True,True,,,,,,
motorcycle_5ab8604a14df,motorcycle,14007,3108621346145,3108.621346145,right,uncertain,0.3,False,False,False,True,the segmentation proxy proposes a hand region but the tracker reports nothing: either the tracker failed or the proxy is a false positive | the proxy region has persisted for 15 frames with no tracking support: candidate over-propagation,,,,,,,True,False,True,False,False,False,False,False,
motorcycle_5ab8604a14df,motorcycle,14008,3108687988602,3108.687988602,left,out_of_frame,0.75,False,False,False,True,hand tracking projects every landmark outside the RGB image: the hand is tracked by the device but not in the camera's field of view | a proxy mask exists while no landmark falls inside the image: candidate false mask,False,False,False,True,False,,True,True,True,,,,,,
motorcycle_5ab8604a14df,motorcycle,14008,3108687988602,3108.687988602,right,uncertain,0.3,False,False,False,True,the segmentation proxy proposes a hand region but the tracker reports nothing: either the tracker failed or the proxy is a false positive | the proxy region has persisted for 16 frames with no tracking support: candidate over-propagation,,,,,,,True,False,True,False,False,False,False,False,
motorcycle_5ab8604a14df,motorcycle,14009,3108754650009,3108.754650009,left,out_of_frame,0.75,False,False,False,True,hand tracking projects every landmark outside the RGB image: the hand is tracked by the device but not in the camera's field of view | a proxy mask exists while no landmark falls inside the image: candidate false mask,False,False,False,True,False,,True,True,True,,,,,,
motorcycle_5ab8604a14df,motorcycle,14009,3108754650009,3108.754650009,right,uncertain,0.3,False,False,False,True,the segmentation proxy proposes a hand region but the tracker reports nothing: either the tracker failed or the proxy is a false positive | the proxy region has persisted for 17 frames with no tracking support: candidate over-propagation,,,,,,,True,False,True,False,False,False,False,False,
motorcycle_5ab8604a14df,motorcycle,14010,3108821248238,3108.821248238,left,out_of_frame,0.75,False,False,False,True,hand tracking projects every landmark outside the RGB image: the hand is tracked by the device but not in the camera's field of view,False,False,False,True,False,,True,True,True,,,,,,
motorcycle_5ab8604a14df,motorcycle,14010,3108821248238,3108.821248238,right,not_visible,0.5,False,False,False,True,"neither hand tracking nor the segmentation proxy reports a hand; on a motorcycle this is an expected, non-erroneous situation",,,,,,,True,False,True,False,False,False,False,False,
motorcycle_5ab8604a14df,motorcycle,14011,3108887890572,3108.887890572,left,out_of_frame,0.75,False,False,False,True,hand tracking projects every landmark outside the RGB image: the hand is tracked by the device but not in the camera's field of view,False,False,False,True,False,,True,True,True,,,,,,
motorcycle_5ab8604a14df,motorcycle,14011,3108887890572,3108.887890572,right,not_visible,0.5,False,False,False,True,"neither hand tracking nor the segmentation proxy reports a hand; on a motorcycle this is an expected, non-erroneous situation",,,,,,,True,False,True,False,False,False,False,False,
motorcycle_5ab8604a14df,motorcycle,14012,3108954564873,3108.954564873,left,out_of_frame,0.75,False,False,False,True,hand tracking projects every landmark outside the RGB image: the hand is tracked by the device but not in the camera's field of view,False,False,False,True,False,,True,True,True,,,,,,
motorcycle_5ab8604a14df,motorcycle,14012,3108954564873,3108.954564873,right,not_visible,0.5,False,False,False,True,"neither hand tracking nor the segmentation proxy reports a hand; on a motorcycle this is an expected, non-erroneous situation",,,,,,,True,False,True,False,False,False,False,False,
motorcycle_5ab8604a14df,motorcycle,14013,3109021257593,3109.021257593,left,out_of_frame,0.75,False,False,False,True,hand tracking projects every landmark outside the RGB image: the hand is tracked by the device but not in the camera's field of view,False,False,False,True,False,,True,True,True,,,,,,
motorcycle_5ab8604a14df,motorcycle,14013,3109021257593,3109.021257593,right,not_visible,0.5,False,False,False,True,"neither hand tracking nor the segmentation proxy reports a hand; on a motorcycle this is an expected, non-erroneous situation",,,,,,,True,False,True,False,False,False,False,False,
motorcycle_5ab8604a14df,motorcycle,14014,3109087982383,3109.087982383,left,out_of_frame,0.75,False,False,False,True,hand tracking projects every landmark outside the RGB image: the hand is tracked by the device but not in the camera's field of view,False,False,False,True,False,,True,True,True,,,,,,
motorcycle_5ab8604a14df,motorcycle,14014,3109087982383,3109.087982383,right,not_visible,0.5,False,False,False,True,"neither hand tracking nor the segmentation proxy reports a hand; on a motorcycle this is an expected, non-erroneous situation",,,,,,,True,False,True,False,False,False,False,False,
motorcycle_5ab8604a14df,motorcycle,14015,3109154681676,3109.154681676,left,out_of_frame,0.75,False,False,False,True,hand tracking projects every landmark outside the RGB image: the hand is tracked by the device but not in the camera's field of view,False,False,False,True,False,,True,True,True,,,,,,
motorcycle_5ab8604a14df,motorcycle,14015,3109154681676,3109.154681676,right,not_visible,0.5,False,False,False,True,"neither hand tracking nor the segmentation proxy reports a hand; on a motorcycle this is an expected, non-erroneous situation",,,,,,,True,False,True,False,False,False,False,False,
motorcycle_5ab8604a14df,motorcycle,14016,3109221343052,3109.221343052,left,out_of_frame,0.75,False,False,False,True,hand tracking projects every landmark outside the RGB image: the hand is tracked by the device but not in the camera's field of view,False,False,False,True,False,,True,True,True,,,,,,
motorcycle_5ab8604a14df,motorcycle,14016,3109221343052,3109.221343052,right,not_visible,0.5,False,False,False,True,"neither hand tracking nor the segmentation proxy reports a hand; on a motorcycle this is an expected, non-erroneous situation",,,,,,,True,False,True,False,False,False,False,False,
motorcycle_5ab8604a14df,motorcycle,14017,3109287972853,3109.287972853,left,out_of_frame,0.75,False,False,False,True,hand tracking projects every landmark outside the RGB image: the hand is tracked by the device but not in the camera's field of view | a proxy mask exists while no landmark falls inside the image: candidate false mask,False,False,False,True,False,,True,True,True,,,,,,
motorcycle_5ab8604a14df,motorcycle,14017,3109287972853,3109.287972853,right,uncertain,0.4,False,False,False,True,the segmentation proxy proposes a hand region but the tracker reports nothing: either the tracker failed or the proxy is a false positive,,,,,,,True,False,True,False,False,False,False,False,
motorcycle_5ab8604a14df,motorcycle,14018,3109354539612,3109.354539612,left,out_of_frame,0.75,False,False,False,True,hand tracking projects every landmark outside the RGB image: the hand is tracked by the device but not in the camera's field of view,False,False,False,True,False,,True,True,True,,,,,,
motorcycle_5ab8604a14df,motorcycle,14018,3109354539612,3109.354539612,right,not_visible,0.5,False,False,False,True,"neither hand tracking nor the segmentation proxy reports a hand; on a motorcycle this is an expected, non-erroneous situation",,,,,,,True,False,True,False,False,False,False,False,
motorcycle_5ab8604a14df,motorcycle,14019,3109421125114,3109.421125114,left,out_of_frame,0.75,False,False,False,True,hand tracking projects every landmark outside the RGB image: the hand is tracked by the device but not in the camera's field of view,False,False,False,True,False,,True,True,True,,,,,,
motorcycle_5ab8604a14df,motorcycle,14019,3109421125114,3109.421125114,right,not_visible,0.5,False,False,False,True,"neither hand tracking nor the segmentation proxy reports a hand; on a motorcycle this is an expected, non-erroneous situation",,,,,,,True,False,True,False,False,False,False,False,
motorcycle_5ab8604a14df,motorcycle,14020,3109487723613,3109.487723613,left,out_of_frame,0.75,False,False,False,True,hand tracking projects every landmark outside the RGB image: the hand is tracked by the device but not in the camera's field of view,False,False,False,True,False,,True,True,True,,,,,,
motorcycle_5ab8604a14df,motorcycle,14020,3109487723613,3109.487723613,right,not_visible,0.5,False,False,False,True,"neither hand tracking nor the segmentation proxy reports a hand; on a motorcycle this is an expected, non-erroneous situation",,,,,,,True,False,True,False,False,False,False,False,
motorcycle_5ab8604a14df,motorcycle,14021,3109554397446,3109.554397446,left,out_of_frame,0.75,False,False,False,True,hand tracking projects every landmark outside the RGB image: the hand is tracked by the device but not in the camera's field of view,False,False,False,True,False,,True,True,True,,,,,,
motorcycle_5ab8604a14df,motorcycle,14021,3109554397446,3109.554397446,right,not_visible,0.5,False,False,False,True,"neither hand tracking nor the segmentation proxy reports a hand; on a motorcycle this is an expected, non-erroneous situation",,,,,,,True,False,True,False,False,False,False,False,
motorcycle_5ab8604a14df,motorcycle,14022,3109621122322,3109.621122322,left,out_of_frame,0.75,False,False,False,True,hand tracking projects every landmark outside the RGB image: the hand is tracked by the device but not in the camera's field of view,False,False,False,True,False,,True,True,True,,,,,,
motorcycle_5ab8604a14df,motorcycle,14022,3109621122322,3109.621122322,right,not_visible,0.5,False,False,False,True,"neither hand tracking nor the segmentation proxy reports a hand; on a motorcycle this is an expected, non-erroneous situation",,,,,,,True,False,True,False,False,False,False,False,
motorcycle_5ab8604a14df,motorcycle,14023,3109687878530,3109.68787853,left,out_of_frame,0.75,False,False,False,True,hand tracking projects every landmark outside the RGB image: the hand is tracked by the device but not in the camera's field of view,False,False,False,True,False,,True,True,True,,,,,,
motorcycle_5ab8604a14df,motorcycle,14023,3109687878530,3109.68787853,right,not_visible,0.5,False,False,False,True,"neither hand tracking nor the segmentation proxy reports a hand; on a motorcycle this is an expected, non-erroneous situation",,,,,,,True,False,True,False,False,False,False,False,
motorcycle_5ab8604a14df,motorcycle,14024,3109754571477,3109.754571477,left,out_of_frame,0.75,False,False,False,True,hand tracking projects every landmark outside the RGB image: the hand is tracked by the device but not in the camera's field of view | a proxy mask exists while no landmark falls inside the image: candidate false mask,False,False,False,True,False,,True,True,True,,,,,,
motorcycle_5ab8604a14df,motorcycle,14024,3109754571477,3109.754571477,right,uncertain,0.4,False,False,False,True,the segmentation proxy proposes a hand region but the tracker reports nothing: either the tracker failed or the proxy is a false positive,,,,,,,True,False,True,False,False,False,False,False,
motorcycle_5ab8604a14df,motorcycle,14025,3109821226353,3109.821226353,left,out_of_frame,0.75,False,False,False,True,hand tracking projects every landmark outside the RGB image: the hand is tracked by the device but not in the camera's field of view,False,False,False,True,False,,True,True,True,,,,,,
motorcycle_5ab8604a14df,motorcycle,14025,3109821226353,3109.821226353,right,not_visible,0.5,False,False,False,True,"neither hand tracking nor the segmentation proxy reports a hand; on a motorcycle this is an expected, non-erroneous situation",,,,,,,True,False,True,False,False,False,False,False,
motorcycle_5ab8604a14df,motorcycle,14026,3109887830841,3109.887830841,left,out_of_frame,0.75,False,False,False,True,hand tracking projects every landmark outside the RGB image: the hand is tracked by the device but not in the camera's field of view | a proxy mask exists while no landmark falls inside the image: candidate false mask,False,False,False,True,False,,True,True,True,,,,,,
motorcycle_5ab8604a14df,motorcycle,14026,3109887830841,3109.887830841,right,uncertain,0.4,False,False,False,True,the segmentation proxy proposes a hand region but the tracker reports nothing: either the tracker failed or the proxy is a false positive,,,,,,,True,False,True,False,False,False,False,False,
motorcycle_5ab8604a14df,motorcycle,14027,3109954397499,3109.954397499,left,out_of_frame,0.75,False,False,False,True,hand tracking projects every landmark outside the RGB image: the hand is tracked by the device but not in the camera's field of view,False,False,False,True,False,,True,True,True,,,,,,
motorcycle_5ab8604a14df,motorcycle,14027,3109954397499,3109.954397499,right,not_visible,0.5,False,False,False,True,"neither hand tracking nor the segmentation proxy reports a hand; on a motorcycle this is an expected, non-erroneous situation",,,,,,,True,False,True,False,False,False,False,False,
motorcycle_5ab8604a14df,motorcycle,14028,3110021002103,3110.021002103,left,out_of_frame,0.75,False,False,False,True,hand tracking projects every landmark outside the RGB image: the hand is tracked by the device but not in the camera's field of view,False,False,False,True,False,,True,True,True,,,,,,
motorcycle_5ab8604a14df,motorcycle,14028,3110021002103,3110.021002103,right,not_visible,0.5,False,False,False,True,"neither hand tracking nor the segmentation proxy reports a hand; on a motorcycle this is an expected, non-erroneous situation",,,,,,,True,False,True,False,False,False,False,False,
motorcycle_5ab8604a14df,motorcycle,14029,3110087632019,3110.087632019,left,out_of_frame,0.75,False,False,False,True,hand tracking projects every landmark outside the RGB image: the hand is tracked by the device but not in the camera's field of view,False,False,False,True,False,,True,True,True,,,,,,
motorcycle_5ab8604a14df,motorcycle,14029,3110087632019,3110.087632019,right,not_visible,0.5,False,False,False,True,"neither hand tracking nor the segmentation proxy reports a hand; on a motorcycle this is an expected, non-erroneous situation",,,,,,,True,False,True,False,False,False,False,False,
motorcycle_5ab8604a14df,motorcycle,14030,3110154312166,3110.154312166,left,out_of_frame,0.75,False,False,False,True,hand tracking projects every landmark outside the RGB image: the hand is tracked by the device but not in the camera's field of view,False,False,False,True,False,,True,True,True,,,,,,
motorcycle_5ab8604a14df,motorcycle,14030,3110154312166,3110.154312166,right,not_visible,0.5,False,False,False,True,"neither hand tracking nor the segmentation proxy reports a hand; on a motorcycle this is an expected, non-erroneous situation",,,,,,,True,False,True,False,False,False,False,False,
motorcycle_5ab8604a14df,motorcycle,14031,3110221011883,3110.221011883,left,out_of_frame,0.75,False,False,False,True,hand tracking projects every landmark outside the RGB image: the hand is tracked by the device but not in the camera's field of view,False,False,False,True,False,,True,True,True,,,,,,
motorcycle_5ab8604a14df,motorcycle,14031,3110221011883,3110.221011883,right,not_visible,0.5,False,False,False,True,"neither hand tracking nor the segmentation proxy reports a hand; on a motorcycle this is an expected, non-erroneous situation",,,,,,,True,False,True,False,False,False,False,False,
motorcycle_5ab8604a14df,motorcycle,14032,3110287723571,3110.287723571,left,out_of_frame,0.75,False,False,False,True,hand tracking projects every landmark outside the RGB image: the hand is tracked by the device but not in the camera's field of view | a proxy mask exists while no landmark falls inside the image: candidate false mask,False,False,False,True,False,,True,True,True,,,,,,
motorcycle_5ab8604a14df,motorcycle,14032,3110287723571,3110.287723571,right,uncertain,0.4,False,False,False,True,the segmentation proxy proposes a hand region but the tracker reports nothing: either the tracker failed or the proxy is a false positive,,,,,,,True,False,True,False,False,False,False,False,
motorcycle_5ab8604a14df,motorcycle,14033,3110354404051,3110.354404051,left,out_of_frame,0.75,False,False,False,True,hand tracking projects every landmark outside the RGB image: the hand is tracked by the device but not in the camera's field of view | a proxy mask exists while no landmark falls inside the image: candidate false mask,False,False,False,True,False,,True,True,True,,,,,,
motorcycle_5ab8604a14df,motorcycle,14033,3110354404051,3110.354404051,right,uncertain,0.4,False,False,False,True,the segmentation proxy proposes a hand region but the tracker reports nothing: either the tracker failed or the proxy is a false positive,,,,,,,True,False,True,False,False,False,False,False,
motorcycle_5ab8604a14df,motorcycle,14034,3110421065769,3110.421065769,left,out_of_frame,0.75,False,False,False,True,hand tracking projects every landmark outside the RGB image: the hand is tracked by the device but not in the camera's field of view | a proxy mask exists while no landmark falls inside the image: candidate false mask,False,False,False,True,False,,True,True,True,,,,,,
motorcycle_5ab8604a14df,motorcycle,14034,3110421065769,3110.421065769,right,uncertain,0.4,False,False,False,True,the segmentation proxy proposes a hand region but the tracker reports nothing: either the tracker failed or the proxy is a false positive,,,,,,,True,False,True,False,False,False,False,False,
motorcycle_5ab8604a14df,motorcycle,14035,3110487650999,3110.487650999,left,out_of_frame,0.75,False,False,False,True,hand tracking projects every landmark outside the RGB image: the hand is tracked by the device but not in the camera's field of view,False,False,False,True,False,,True,True,True,,,,,,
motorcycle_5ab8604a14df,motorcycle,14035,3110487650999,3110.487650999,right,not_visible,0.5,False,False,False,True,"neither hand tracking nor the segmentation proxy reports a hand; on a motorcycle this is an expected, non-erroneous situation",,,,,,,True,False,True,False,False,False,False,False,
motorcycle_5ab8604a14df,motorcycle,14036,3110554230603,3110.554230603,left,out_of_frame,0.75,False,False,False,True,hand tracking projects every landmark outside the RGB image: the hand is tracked by the device but not in the camera's field of view | a proxy mask exists while no landmark falls inside the image: candidate false mask,False,False,False,True,False,,True,True,True,,,,,,
motorcycle_5ab8604a14df,motorcycle,14036,3110554230603,3110.554230603,right,uncertain,0.4,False,False,False,True,the segmentation proxy proposes a hand region but the tracker reports nothing: either the tracker failed or the proxy is a false positive,,,,,,,True,False,True,False,False,False,False,False,
motorcycle_5ab8604a14df,motorcycle,14037,3110620847415,3110.620847415,left,out_of_frame,0.75,False,False,False,True,hand tracking projects every landmark outside the RGB image: the hand is tracked by the device but not in the camera's field of view | a proxy mask exists while no landmark falls inside the image: candidate false mask,False,False,False,True,False,,True,True,True,,,,,,
motorcycle_5ab8604a14df,motorcycle,14037,3110620847415,3110.620847415,right,uncertain,0.4,False,False,False,True,the segmentation proxy proposes a hand region but the tracker reports nothing: either the tracker failed or the proxy is a false positive,,,,,,,True,False,True,False,False,False,False,False,
motorcycle_5ab8604a14df,motorcycle,14038,3110687559822,3110.687559822,left,out_of_frame,0.75,False,False,False,True,hand tracking projects every landmark outside the RGB image: the hand is tracked by the device but not in the camera's field of view | a proxy mask exists while no landmark falls inside the image: candidate false mask,False,False,False,True,False,,True,True,True,,,,,,
motorcycle_5ab8604a14df,motorcycle,14038,3110687559822,3110.687559822,right,uncertain,0.4,False,False,False,True,the segmentation proxy proposes a hand region but the tracker reports nothing: either the tracker failed or the proxy is a false positive,,,,,,,True,False,True,False,False,False,False,False,
motorcycle_5ab8604a14df,motorcycle,14039,3110754309768,3110.754309768,left,out_of_frame,0.75,False,False,False,True,hand tracking projects every landmark outside the RGB image: the hand is tracked by the device but not in the camera's field of view | a proxy mask exists while no landmark falls inside the image: candidate false mask,False,False,False,True,False,,True,True,True,,,,,,
motorcycle_5ab8604a14df,motorcycle,14039,3110754309768,3110.754309768,right,uncertain,0.4,False,False,False,True,the segmentation proxy proposes a hand region but the tracker reports nothing: either the tracker failed or the proxy is a false positive,,,,,,,True,False,True,False,False,False,False,False,
motorcycle_5ab8604a14df,motorcycle,14040,3110821027873,3110.821027873,left,out_of_frame,0.75,False,False,False,True,hand tracking projects every landmark outside the RGB image: the hand is tracked by the device but not in the camera's field of view | a proxy mask exists while no landmark falls inside the image: candidate false mask,False,False,False,True,False,,True,True,True,,,,,,
motorcycle_5ab8604a14df,motorcycle,14040,3110821027873,3110.821027873,right,uncertain,0.4,False,False,False,True,the segmentation proxy proposes a hand region but the tracker reports nothing: either the tracker failed or the proxy is a false positive,,,,,,,True,False,True,False,False,False,False,False,
motorcycle_5ab8604a14df,motorcycle,14041,3110887714665,3110.887714665,left,out_of_frame,0.75,False,False,False,True,hand tracking projects every landmark outside the RGB image: the hand is tracked by the device but not in the camera's field of view | a proxy mask exists while no landmark falls inside the image: candidate false mask,False,False,False,True,False,,True,True,True,,,,,,
motorcycle_5ab8604a14df,motorcycle,14041,3110887714665,3110.887714665,right,uncertain,0.4,False,False,False,True,the segmentation proxy proposes a hand region but the tracker reports nothing: either the tracker failed or the proxy is a false positive,,,,,,,True,False,True,False,False,False,False,False,
motorcycle_5ab8604a14df,motorcycle,14042,3110954338071,3110.954338071,left,out_of_frame,0.75,False,False,False,True,hand tracking projects every landmark outside the RGB image: the hand is tracked by the device but not in the camera's field of view | a proxy mask exists while no landmark falls inside the image: candidate false mask,False,False,False,True,False,,True,True,True,,,,,,
motorcycle_5ab8604a14df,motorcycle,14042,3110954338071,3110.954338071,right,uncertain,0.4,False,False,False,True,the segmentation proxy proposes a hand region but the tracker reports nothing: either the tracker failed or the proxy is a false positive,,,,,,,True,False,True,False,False,False,False,False,
motorcycle_5ab8604a14df,motorcycle,14043,3111020923645,3111.020923645,left,out_of_frame,0.75,False,False,False,True,hand tracking projects every landmark outside the RGB image: the hand is tracked by the device but not in the camera's field of view | a proxy mask exists while no landmark falls inside the image: candidate false mask,False,False,False,True,False,,True,True,True,,,,,,
motorcycle_5ab8604a14df,motorcycle,14043,3111020923645,3111.020923645,right,uncertain,0.3,False,False,False,True,the segmentation proxy proposes a hand region but the tracker reports nothing: either the tracker failed or the proxy is a false positive | the proxy region has persisted for 8 frames with no tracking support: candidate over-propagation,,,,,,,True,False,True,False,False,False,False,False,
motorcycle_5ab8604a14df,motorcycle,14044,3111087509300,3111.0875093,left,out_of_frame,0.75,False,False,False,True,hand tracking projects every landmark outside the RGB image: the hand is tracked by the device but not in the camera's field of view | a proxy mask exists while no landmark falls inside the image: candidate false mask,False,False,False,True,False,,True,True,True,,,,,,
motorcycle_5ab8604a14df,motorcycle,14044,3111087509300,3111.0875093,right,uncertain,0.3,False,False,False,True,the segmentation proxy proposes a hand region but the tracker reports nothing: either the tracker failed or the proxy is a false positive | the proxy region has persisted for 9 frames with no tracking support: candidate over-propagation,,,,,,,True,False,True,False,False,False,False,False,
motorcycle_5ab8604a14df,motorcycle,14045,3111154126560,3111.15412656,left,out_of_frame,0.75,False,False,False,True,hand tracking projects every landmark outside the RGB image: the hand is tracked by the device but not in the camera's field of view,False,False,False,True,False,,True,True,True,,,,,,
motorcycle_5ab8604a14df,motorcycle,14045,3111154126560,3111.15412656,right,not_visible,0.5,False,False,False,True,"neither hand tracking nor the segmentation proxy reports a hand; on a motorcycle this is an expected, non-erroneous situation",,,,,,,True,False,True,False,False,False,False,False,
motorcycle_5ab8604a14df,motorcycle,14046,3111220813207,3111.220813207,left,out_of_frame,0.75,False,False,False,True,hand tracking projects every landmark outside the RGB image: the hand is tracked by the device but not in the camera's field of view,False,False,False,True,False,,True,True,True,,,,,,
motorcycle_5ab8604a14df,motorcycle,14046,3111220813207,3111.220813207,right,not_visible,0.5,False,False,False,True,"neither hand tracking nor the segmentation proxy reports a hand; on a motorcycle this is an expected, non-erroneous situation",,,,,,,True,False,True,False,False,False,False,False,
motorcycle_5ab8604a14df,motorcycle,14047,3111287563000,3111.287563,left,out_of_frame,0.75,False,False,False,True,hand tracking projects every landmark outside the RGB image: the hand is tracked by the device but not in the camera's field of view | a proxy mask exists while no landmark falls inside the image: candidate false mask,False,False,False,True,False,,True,True,True,,,,,,
motorcycle_5ab8604a14df,motorcycle,14047,3111287563000,3111.287563,right,uncertain,0.4,False,False,False,True,the segmentation proxy proposes a hand region but the tracker reports nothing: either the tracker failed or the proxy is a false positive,,,,,,,True,False,True,False,False,False,False,False,
motorcycle_5ab8604a14df,motorcycle,14048,3111354300206,3111.354300206,left,out_of_frame,0.75,False,False,False,True,hand tracking projects every landmark outside the RGB image: the hand is tracked by the device but not in the camera's field of view | a proxy mask exists while no landmark falls inside the image: candidate false mask,False,False,False,True,False,,True,True,True,,,,,,
motorcycle_5ab8604a14df,motorcycle,14048,3111354300206,3111.354300206,right,uncertain,0.4,False,False,False,True,the segmentation proxy proposes a hand region but the tracker reports nothing: either the tracker failed or the proxy is a false positive,,,,,,,True,False,True,False,False,False,False,False,
motorcycle_5ab8604a14df,motorcycle,14049,3111421031071,3111.421031071,left,out_of_frame,0.75,False,False,False,True,hand tracking projects every landmark outside the RGB image: the hand is tracked by the device but not in the camera's field of view | a proxy mask exists while no landmark falls inside the image: candidate false mask,False,False,False,True,False,,True,True,True,,,,,,
motorcycle_5ab8604a14df,motorcycle,14049,3111421031071,3111.421031071,right,uncertain,0.4,False,False,False,True,the segmentation proxy proposes a hand region but the tracker reports nothing: either the tracker failed or the proxy is a false positive,,,,,,,True,False,True,False,False,False,False,False,
motorcycle_5ab8604a14df,motorcycle,14050,3111487680103,3111.487680103,left,out_of_frame,0.75,False,False,False,True,hand tracking projects every landmark outside the RGB image: the hand is tracked by the device but not in the camera's field of view | a proxy mask exists while no landmark falls inside the image: candidate false mask,False,False,False,True,False,,True,True,True,,,,,,
motorcycle_5ab8604a14df,motorcycle,14050,3111487680103,3111.487680103,right,uncertain,0.4,False,False,False,True,the segmentation proxy proposes a hand region but the tracker reports nothing: either the tracker failed or the proxy is a false positive,,,,,,,True,False,True,False,False,False,False,False,
motorcycle_5ab8604a14df,motorcycle,14051,3111554316008,3111.554316008,left,out_of_frame,0.75,False,False,False,True,hand tracking projects every landmark outside the RGB image: the hand is tracked by the device but not in the camera's field of view | a proxy mask exists while no landmark falls inside the image: candidate false mask,False,False,False,True,False,,True,True,True,,,,,,
motorcycle_5ab8604a14df,motorcycle,14051,3111554316008,3111.554316008,right,uncertain,0.4,False,False,False,True,the segmentation proxy proposes a hand region but the tracker reports nothing: either the tracker failed or the proxy is a false positive,,,,,,,True,False,True,False,False,False,False,False,
motorcycle_5ab8604a14df,motorcycle,14052,3111620876322,3111.620876322,left,out_of_frame,0.75,False,False,False,True,hand tracking projects every landmark outside the RGB image: the hand is tracked by the device but not in the camera's field of view,False,False,False,True,False,,True,True,True,,,,,,
motorcycle_5ab8604a14df,motorcycle,14052,3111620876322,3111.620876322,right,not_visible,0.5,False,False,False,True,"neither hand tracking nor the segmentation proxy reports a hand; on a motorcycle this is an expected, non-erroneous situation",,,,,,,True,False,True,False,False,False,False,False,
motorcycle_5ab8604a14df,motorcycle,14053,3111687500238,3111.687500238,left,out_of_frame,0.75,False,False,False,True,hand tracking projects every landmark outside the RGB image: the hand is tracked by the device but not in the camera's field of view,False,False,False,True,False,,True,True,True,,,,,,
motorcycle_5ab8604a14df,motorcycle,14053,3111687500238,3111.687500238,right,not_visible,0.5,False,False,False,True,"neither hand tracking nor the segmentation proxy reports a hand; on a motorcycle this is an expected, non-erroneous situation",,,,,,,True,False,True,False,False,False,False,False,
motorcycle_5ab8604a14df,motorcycle,14054,3111754205644,3111.754205644,left,out_of_frame,0.75,False,False,False,True,hand tracking projects every landmark outside the RGB image: the hand is tracked by the device but not in the camera's field of view,False,False,False,True,False,,True,True,True,,,,,,
motorcycle_5ab8604a14df,motorcycle,14054,3111754205644,3111.754205644,right,not_visible,0.5,False,False,False,True,"neither hand tracking nor the segmentation proxy reports a hand; on a motorcycle this is an expected, non-erroneous situation",,,,,,,True,False,True,False,False,False,False,False,
motorcycle_5ab8604a14df,motorcycle,14055,3111820968248,3111.820968248,left,out_of_frame,0.75,False,False,False,True,hand tracking projects every landmark outside the RGB image: the hand is tracked by the device but not in the camera's field of view,False,False,False,True,False,,True,True,True,,,,,,
motorcycle_5ab8604a14df,motorcycle,14055,3111820968248,3111.820968248,right,not_visible,0.5,False,False,False,True,"neither hand tracking nor the segmentation proxy reports a hand; on a motorcycle this is an expected, non-erroneous situation",,,,,,,True,False,True,False,False,False,False,False,
motorcycle_5ab8604a14df,motorcycle,14056,3111887705613,3111.887705613,left,out_of_frame,0.75,False,False,False,True,hand tracking projects every landmark outside the RGB image: the hand is tracked by the device but not in the camera's field of view,False,False,False,True,False,,True,True,True,,,,,,
motorcycle_5ab8604a14df,motorcycle,14056,3111887705613,3111.887705613,right,not_visible,0.5,False,False,False,True,"neither hand tracking nor the segmentation proxy reports a hand; on a motorcycle this is an expected, non-erroneous situation",,,,,,,True,False,True,False,False,False,False,False,
motorcycle_5ab8604a14df,motorcycle,14057,3111954379906,3111.954379906,left,out_of_frame,0.75,False,False,False,True,hand tracking projects every landmark outside the RGB image: the hand is tracked by the device but not in the camera's field of view,False,False,False,True,False,,True,True,True,,,,,,
motorcycle_5ab8604a14df,motorcycle,14057,3111954379906,3111.954379906,right,not_visible,0.5,False,False,False,True,"neither hand tracking nor the segmentation proxy reports a hand; on a motorcycle this is an expected, non-erroneous situation",,,,,,,True,False,True,False,False,False,False,False,
motorcycle_5ab8604a14df,motorcycle,14058,3112021028623,3112.021028623,left,out_of_frame,0.75,False,False,False,True,hand tracking projects every landmark outside the RGB image: the hand is tracked by the device but not in the camera's field of view,False,False,False,True,False,,True,True,True,,,,,,
motorcycle_5ab8604a14df,motorcycle,14058,3112021028623,3112.021028623,right,not_visible,0.5,False,False,False,True,"neither hand tracking nor the segmentation proxy reports a hand; on a motorcycle this is an expected, non-erroneous situation",,,,,,,True,False,True,False,False,False,False,False,
motorcycle_5ab8604a14df,motorcycle,14059,3112087651770,3112.08765177,left,out_of_frame,0.75,False,False,False,True,hand tracking projects every landmark outside the RGB image: the hand is tracked by the device but not in the camera's field of view | a proxy mask exists while no landmark falls inside the image: candidate false mask,False,False,False,True,False,,True,True,True,,,,,,
motorcycle_5ab8604a14df,motorcycle,14059,3112087651770,3112.08765177,right,uncertain,0.4,False,False,False,True,the segmentation proxy proposes a hand region but the tracker reports nothing: either the tracker failed or the proxy is a false positive,,,,,,,True,False,True,False,False,False,False,False,
motorcycle_5ab8604a14df,motorcycle,14060,3112154250342,3112.154250342,left,out_of_frame,0.75,False,False,False,True,hand tracking projects every landmark outside the RGB image: the hand is tracked by the device but not in the camera's field of view,False,False,False,True,False,,True,True,True,,,,,,
motorcycle_5ab8604a14df,motorcycle,14060,3112154250342,3112.154250342,right,not_visible,0.5,False,False,False,True,"neither hand tracking nor the segmentation proxy reports a hand; on a motorcycle this is an expected, non-erroneous situation",,,,,,,True,False,True,False,False,False,False,False,
motorcycle_5ab8604a14df,motorcycle,14061,3112220848602,3112.220848602,left,out_of_frame,0.75,False,False,False,True,hand tracking projects every landmark outside the RGB image: the hand is tracked by the device but not in the camera's field of view,False,False,False,True,False,,True,True,True,,,,,,
motorcycle_5ab8604a14df,motorcycle,14061,3112220848602,3112.220848602,right,not_visible,0.5,False,False,False,True,"neither hand tracking nor the segmentation proxy reports a hand; on a motorcycle this is an expected, non-erroneous situation",,,,,,,True,False,True,False,False,False,False,False,
motorcycle_5ab8604a14df,motorcycle,14062,3112287497333,3112.287497333,left,out_of_frame,0.75,False,False,False,True,hand tracking projects every landmark outside the RGB image: the hand is tracked by the device but not in the camera's field of view,False,False,False,True,False,,True,True,True,,,,,,
motorcycle_5ab8604a14df,motorcycle,14062,3112287497333,3112.287497333,right,not_visible,0.5,False,False,False,True,"neither hand tracking nor the segmentation proxy reports a hand; on a motorcycle this is an expected, non-erroneous situation",,,,,,,True,False,True,False,False,False,False,False,
motorcycle_5ab8604a14df,motorcycle,14063,3112354228154,3112.354228154,left,out_of_frame,0.75,False,False,False,True,hand tracking projects every landmark outside the RGB image: the hand is tracked by the device but not in the camera's field of view,False,False,False,True,False,,True,True,True,,,,,,
motorcycle_5ab8604a14df,motorcycle,14063,3112354228154,3112.354228154,right,not_visible,0.5,False,False,False,True,"neither hand tracking nor the segmentation proxy reports a hand; on a motorcycle this is an expected, non-erroneous situation",,,,,,,True,False,True,False,False,False,False,False,
motorcycle_5ab8604a14df,motorcycle,14064,3112420971759,3112.420971759,left,out_of_frame,0.75,False,False,False,True,hand tracking projects every landmark outside the RGB image: the hand is tracked by the device but not in the camera's field of view,False,False,False,True,False,,True,True,True,,,,,,
motorcycle_5ab8604a14df,motorcycle,14064,3112420971759,3112.420971759,right,not_visible,0.5,False,False,False,True,"neither hand tracking nor the segmentation proxy reports a hand; on a motorcycle this is an expected, non-erroneous situation",,,,,,,True,False,True,False,False,False,False,False,
motorcycle_5ab8604a14df,motorcycle,14065,3112487671207,3112.487671207,left,out_of_frame,0.75,False,False,False,True,hand tracking projects every landmark outside the RGB image: the hand is tracked by the device but not in the camera's field of view,False,False,False,True,False,,True,True,True,,,,,,
motorcycle_5ab8604a14df,motorcycle,14065,3112487671207,3112.487671207,right,not_visible,0.5,False,False,False,True,"neither hand tracking nor the segmentation proxy reports a hand; on a motorcycle this is an expected, non-erroneous situation",,,,,,,True,False,True,False,False,False,False,False,
motorcycle_5ab8604a14df,motorcycle,14066,3112554338685,3112.554338685,left,out_of_frame,0.75,False,False,False,True,hand tracking projects every landmark outside the RGB image: the hand is tracked by the device but not in the camera's field of view,False,False,False,True,False,,True,True,True,,,,,,
motorcycle_5ab8604a14df,motorcycle,14066,3112554338685,3112.554338685,right,not_visible,0.5,False,False,False,True,"neither hand tracking nor the segmentation proxy reports a hand; on a motorcycle this is an expected, non-erroneous situation",,,,,,,True,False,True,False,False,False,False,False,
motorcycle_5ab8604a14df,motorcycle,14067,3112620975145,3112.620975145,left,out_of_frame,0.75,False,False,False,True,hand tracking projects every landmark outside the RGB image: the hand is tracked by the device but not in the camera's field of view,False,False,False,True,False,,True,True,True,,,,,,
motorcycle_5ab8604a14df,motorcycle,14067,3112620975145,3112.620975145,right,not_visible,0.5,False,False,False,True,"neither hand tracking nor the segmentation proxy reports a hand; on a motorcycle this is an expected, non-erroneous situation",,,,,,,True,False,True,False,False,False,False,False,
motorcycle_5ab8604a14df,motorcycle,14068,3112687585977,3112.687585977,left,out_of_frame,0.75,False,False,False,True,hand tracking projects every landmark outside the RGB image: the hand is tracked by the device but not in the camera's field of view,False,False,False,True,False,,True,True,True,,,,,,
motorcycle_5ab8604a14df,motorcycle,14068,3112687585977,3112.687585977,right,not_visible,0.5,False,False,False,True,"neither hand tracking nor the segmentation proxy reports a hand; on a motorcycle this is an expected, non-erroneous situation",,,,,,,True,False,True,False,False,False,False,False,
motorcycle_5ab8604a14df,motorcycle,14069,3112754196551,3112.754196551,left,out_of_frame,0.75,False,False,False,True,hand tracking projects every landmark outside the RGB image: the hand is tracked by the device but not in the camera's field of view,False,False,False,True,False,,True,True,True,,,,,,
motorcycle_5ab8604a14df,motorcycle,14069,3112754196551,3112.754196551,right,not_visible,0.5,False,False,False,True,"neither hand tracking nor the segmentation proxy reports a hand; on a motorcycle this is an expected, non-erroneous situation",,,,,,,True,False,True,False,False,False,False,False,
motorcycle_5ab8604a14df,motorcycle,14070,3112820782155,3112.820782155,left,out_of_frame,0.75,False,False,False,True,hand tracking projects every landmark outside the RGB image: the hand is tracked by the device but not in the camera's field of view,False,False,False,True,False,,True,True,True,,,,,,
motorcycle_5ab8604a14df,motorcycle,14070,3112820782155,3112.820782155,right,not_visible,0.5,False,False,False,True,"neither hand tracking nor the segmentation proxy reports a hand; on a motorcycle this is an expected, non-erroneous situation",,,,,,,True,False,True,False,False,False,False,False,
motorcycle_5ab8604a14df,motorcycle,14071,3112887437383,3112.887437383,left,out_of_frame,0.75,False,False,False,True,hand tracking projects every landmark outside the RGB image: the hand is tracked by the device but not in the camera's field of view,False,False,False,True,False,,True,True,True,,,,,,
motorcycle_5ab8604a14df,motorcycle,14071,3112887437383,3112.887437383,right,not_visible,0.5,False,False,False,True,"neither hand tracking nor the segmentation proxy reports a hand; on a motorcycle this is an expected, non-erroneous situation",,,,,,,True,False,True,False,False,False,False,False,
motorcycle_5ab8604a14df,motorcycle,14072,3112954168259,3112.954168259,left,out_of_frame,0.75,False,False,False,True,hand tracking projects every landmark outside the RGB image: the hand is tracked by the device but not in the camera's field of view,False,False,False,True,False,,True,True,True,,,,,,
motorcycle_5ab8604a14df,motorcycle,14072,3112954168259,3112.954168259,right,not_visible,0.5,False,False,False,True,"neither hand tracking nor the segmentation proxy reports a hand; on a motorcycle this is an expected, non-erroneous situation",,,,,,,True,False,True,False,False,False,False,False,
motorcycle_5ab8604a14df,motorcycle,14073,3113020886551,3113.020886551,left,out_of_frame,0.75,False,False,False,True,hand tracking projects every landmark outside the RGB image: the hand is tracked by the device but not in the camera's field of view,False,False,False,True,False,,True,True,True,,,,,,
motorcycle_5ab8604a14df,motorcycle,14073,3113020886551,3113.020886551,right,not_visible,0.5,False,False,False,True,"neither hand tracking nor the segmentation proxy reports a hand; on a motorcycle this is an expected, non-erroneous situation",,,,,,,True,False,True,False,False,False,False,False,
motorcycle_5ab8604a14df,motorcycle,14074,3113087585842,3113.087585842,left,out_of_frame,0.75,False,False,False,True,hand tracking projects every landmark outside the RGB image: the hand is tracked by the device but not in the camera's field of view,False,False,False,True,False,,True,True,True,,,,,,
motorcycle_5ab8604a14df,motorcycle,14074,3113087585842,3113.087585842,right,not_visible,0.5,False,False,False,True,"neither hand tracking nor the segmentation proxy reports a hand; on a motorcycle this is an expected, non-erroneous situation",,,,,,,True,False,True,False,False,False,False,False,
motorcycle_5ab8604a14df,motorcycle,14075,3113154247718,3113.154247718,left,out_of_frame,0.75,False,False,False,True,hand tracking projects every landmark outside the RGB image: the hand is tracked by the device but not in the camera's field of view,False,False,False,True,False,,True,True,True,,,,,,
motorcycle_5ab8604a14df,motorcycle,14075,3113154247718,3113.154247718,right,not_visible,0.5,False,False,False,True,"neither hand tracking nor the segmentation proxy reports a hand; on a motorcycle this is an expected, non-erroneous situation",,,,,,,True,False,True,False,False,False,False,False,
motorcycle_5ab8604a14df,motorcycle,14076,3113220890123,3113.220890123,left,out_of_frame,0.75,False,False,False,True,hand tracking projects every landmark outside the RGB image: the hand is tracked by the device but not in the camera's field of view,False,False,False,True,False,,True,True,True,,,,,,
motorcycle_5ab8604a14df,motorcycle,14076,3113220890123,3113.220890123,right,not_visible,0.5,False,False,False,True,"neither hand tracking nor the segmentation proxy reports a hand; on a motorcycle this is an expected, non-erroneous situation",,,,,,,True,False,True,False,False,False,False,False,
motorcycle_5ab8604a14df,motorcycle,14077,3113287551582,3113.287551582,left,out_of_frame,0.75,False,False,False,True,hand tracking projects every landmark outside the RGB image: the hand is tracked by the device but not in the camera's field of view,False,False,False,True,False,,True,True,True,,,,,,
motorcycle_5ab8604a14df,motorcycle,14077,3113287551582,3113.287551582,right,not_visible,0.5,False,False,False,True,"neither hand tracking nor the segmentation proxy reports a hand; on a motorcycle this is an expected, non-erroneous situation",,,,,,,True,False,True,False,False,False,False,False,
motorcycle_5ab8604a14df,motorcycle,14078,3113354175071,3113.354175071,left,out_of_frame,0.75,False,False,False,True,hand tracking projects every landmark outside the RGB image: the hand is tracked by the device but not in the camera's field of view,False,False,False,True,False,,True,True,True,,,,,,
motorcycle_5ab8604a14df,motorcycle,14078,3113354175071,3113.354175071,right,not_visible,0.5,False,False,False,True,"neither hand tracking nor the segmentation proxy reports a hand; on a motorcycle this is an expected, non-erroneous situation",,,,,,,True,False,True,False,False,False,False,False,
motorcycle_5ab8604a14df,motorcycle,14079,3113420779645,3113.420779645,left,out_of_frame,0.75,False,False,False,True,hand tracking projects every landmark outside the RGB image: the hand is tracked by the device but not in the camera's field of view,False,False,False,True,False,,True,True,True,,,,,,
motorcycle_5ab8604a14df,motorcycle,14079,3113420779645,3113.420779645,right,not_visible,0.5,False,False,False,True,"neither hand tracking nor the segmentation proxy reports a hand; on a motorcycle this is an expected, non-erroneous situation",,,,,,,True,False,True,False,False,False,False,False,
motorcycle_5ab8604a14df,motorcycle,14080,3113487402665,3113.487402665,left,out_of_frame,0.75,False,False,False,True,hand tracking projects every landmark outside the RGB image: the hand is tracked by the device but not in the camera's field of view,False,False,False,True,False,,True,True,True,,,,,,
motorcycle_5ab8604a14df,motorcycle,14080,3113487402665,3113.487402665,right,not_visible,0.5,False,False,False,True,"neither hand tracking nor the segmentation proxy reports a hand; on a motorcycle this is an expected, non-erroneous situation",,,,,,,True,False,True,False,False,False,False,False,
motorcycle_5ab8604a14df,motorcycle,14081,3113554076812,3113.554076812,left,out_of_frame,0.75,False,False,False,True,hand tracking projects every landmark outside the RGB image: the hand is tracked by the device but not in the camera's field of view,False,False,False,True,False,,True,True,True,,,,,,
motorcycle_5ab8604a14df,motorcycle,14081,3113554076812,3113.554076812,right,not_visible,0.5,False,False,False,True,"neither hand tracking nor the segmentation proxy reports a hand; on a motorcycle this is an expected, non-erroneous situation",,,,,,,True,False,True,False,False,False,False,False,
motorcycle_5ab8604a14df,motorcycle,14082,3113620801842,3113.620801842,left,out_of_frame,0.75,False,False,False,True,hand tracking projects every landmark outside the RGB image: the hand is tracked by the device but not in the camera's field of view,False,False,False,True,False,,True,True,True,,,,,,
motorcycle_5ab8604a14df,motorcycle,14082,3113620801842,3113.620801842,right,not_visible,0.5,False,False,False,True,"neither hand tracking nor the segmentation proxy reports a hand; on a motorcycle this is an expected, non-erroneous situation",,,,,,,True,False,True,False,False,False,False,False,
motorcycle_5ab8604a14df,motorcycle,14083,3113687513634,3113.687513634,left,out_of_frame,0.75,False,False,False,True,hand tracking projects every landmark outside the RGB image: the hand is tracked by the device but not in the camera's field of view,False,False,False,True,False,,True,True,True,,,,,,
motorcycle_5ab8604a14df,motorcycle,14083,3113687513634,3113.687513634,right,not_visible,0.5,False,False,False,True,"neither hand tracking nor the segmentation proxy reports a hand; on a motorcycle this is an expected, non-erroneous situation",,,,,,,True,False,True,False,False,False,False,False,
motorcycle_5ab8604a14df,motorcycle,14084,3113754162352,3113.754162352,left,out_of_frame,0.75,False,False,False,True,hand tracking projects every landmark outside the RGB image: the hand is tracked by the device but not in the camera's field of view,False,False,False,True,False,,True,True,True,,,,,,
motorcycle_5ab8604a14df,motorcycle,14084,3113754162352,3113.754162352,right,not_visible,0.5,False,False,False,True,"neither hand tracking nor the segmentation proxy reports a hand; on a motorcycle this is an expected, non-erroneous situation",,,,,,,True,False,True,False,False,False,False,False,
motorcycle_5ab8604a14df,motorcycle,14085,3113820811259,3113.820811259,left,out_of_frame,0.75,False,False,False,True,hand tracking projects every landmark outside the RGB image: the hand is tracked by the device but not in the camera's field of view,False,False,False,True,False,,True,True,True,,,,,,
motorcycle_5ab8604a14df,motorcycle,14085,3113820811259,3113.820811259,right,not_visible,0.5,False,False,False,True,"neither hand tracking nor the segmentation proxy reports a hand; on a motorcycle this is an expected, non-erroneous situation",,,,,,,True,False,True,False,False,False,False,False,
motorcycle_5ab8604a14df,motorcycle,14086,3113887472718,3113.887472718,left,out_of_frame,0.75,False,False,False,True,hand tracking projects every landmark outside the RGB image: the hand is tracked by the device but not in the camera's field of view,False,False,False,True,False,,True,True,True,,,,,,
motorcycle_5ab8604a14df,motorcycle,14086,3113887472718,3113.887472718,right,not_visible,0.5,False,False,False,True,"neither hand tracking nor the segmentation proxy reports a hand; on a motorcycle this is an expected, non-erroneous situation",,,,,,,True,False,True,False,False,False,False,False,
motorcycle_5ab8604a14df,motorcycle,14087,3113954121467,3113.954121467,left,out_of_frame,0.75,False,False,False,True,hand tracking projects every landmark outside the RGB image: the hand is tracked by the device but not in the camera's field of view,False,False,False,True,False,,True,True,True,,,,,,
motorcycle_5ab8604a14df,motorcycle,14087,3113954121467,3113.954121467,right,not_visible,0.5,False,False,False,True,"neither hand tracking nor the segmentation proxy reports a hand; on a motorcycle this is an expected, non-erroneous situation",,,,,,,True,False,True,False,False,False,False,False,
motorcycle_5ab8604a14df,motorcycle,14088,3114020738352,3114.020738352,left,out_of_frame,0.75,False,False,False,True,hand tracking projects every landmark outside the RGB image: the hand is tracked by the device but not in the camera's field of view,False,False,False,True,False,,True,True,True,,,,,,
motorcycle_5ab8604a14df,motorcycle,14088,3114020738352,3114.020738352,right,not_visible,0.5,False,False,False,True,"neither hand tracking nor the segmentation proxy reports a hand; on a motorcycle this is an expected, non-erroneous situation",,,,,,,True,False,True,False,False,False,False,False,
motorcycle_5ab8604a14df,motorcycle,14089,3114087349374,3114.087349374,left,out_of_frame,0.75,False,False,False,True,hand tracking projects every landmark outside the RGB image: the hand is tracked by the device but not in the camera's field of view,False,False,False,True,False,,True,True,True,,,,,,
motorcycle_5ab8604a14df,motorcycle,14089,3114087349374,3114.087349374,right,not_visible,0.5,False,False,False,True,"neither hand tracking nor the segmentation proxy reports a hand; on a motorcycle this is an expected, non-erroneous situation",,,,,,,True,False,True,False,False,False,False,False,
motorcycle_5ab8604a14df,motorcycle,14090,3114153998258,3114.153998258,left,out_of_frame,0.75,False,False,False,True,hand tracking projects every landmark outside the RGB image: the hand is tracked by the device but not in the camera's field of view,False,False,False,True,False,,True,True,True,,,,,,
motorcycle_5ab8604a14df,motorcycle,14090,3114153998258,3114.153998258,right,not_visible,0.5,False,False,False,True,"neither hand tracking nor the segmentation proxy reports a hand; on a motorcycle this is an expected, non-erroneous situation",,,,,,,True,False,True,False,False,False,False,False,
motorcycle_5ab8604a14df,motorcycle,14091,3114220684666,3114.220684666,left,out_of_frame,0.75,False,False,False,True,hand tracking projects every landmark outside the RGB image: the hand is tracked by the device but not in the camera's field of view,False,False,False,True,False,,True,True,True,,,,,,
motorcycle_5ab8604a14df,motorcycle,14091,3114220684666,3114.220684666,right,not_visible,0.5,False,False,False,True,"neither hand tracking nor the segmentation proxy reports a hand; on a motorcycle this is an expected, non-erroneous situation",,,,,,,True,False,True,False,False,False,False,False,
motorcycle_5ab8604a14df,motorcycle,14092,3114287421956,3114.287421956,left,out_of_frame,0.75,False,False,False,True,hand tracking projects every landmark outside the RGB image: the hand is tracked by the device but not in the camera's field of view,False,False,False,True,False,,True,True,True,,,,,,
motorcycle_5ab8604a14df,motorcycle,14092,3114287421956,3114.287421956,right,not_visible,0.5,False,False,False,True,"neither hand tracking nor the segmentation proxy reports a hand; on a motorcycle this is an expected, non-erroneous situation",,,,,,,True,False,True,False,False,False,False,False,
motorcycle_5ab8604a14df,motorcycle,14093,3114354134404,3114.354134404,left,out_of_frame,0.75,False,False,False,True,hand tracking projects every landmark outside the RGB image: the hand is tracked by the device but not in the camera's field of view,False,False,False,True,False,,True,True,True,,,,,,
motorcycle_5ab8604a14df,motorcycle,14093,3114354134404,3114.354134404,right,not_visible,0.5,False,False,False,True,"neither hand tracking nor the segmentation proxy reports a hand; on a motorcycle this is an expected, non-erroneous situation",,,,,,,True,False,True,False,False,False,False,False,
motorcycle_5ab8604a14df,motorcycle,14094,3114420814593,3114.420814593,left,out_of_frame,0.75,False,False,False,True,hand tracking projects every landmark outside the RGB image: the hand is tracked by the device but not in the camera's field of view,False,False,False,True,False,,True,True,True,,,,,,
motorcycle_5ab8604a14df,motorcycle,14094,3114420814593,3114.420814593,right,not_visible,0.5,False,False,False,True,"neither hand tracking nor the segmentation proxy reports a hand; on a motorcycle this is an expected, non-erroneous situation",,,,,,,True,False,True,False,False,False,False,False,
motorcycle_5ab8604a14df,motorcycle,14095,3114487469810,3114.48746981,left,out_of_frame,0.75,False,False,False,True,hand tracking projects every landmark outside the RGB image: the hand is tracked by the device but not in the camera's field of view,False,False,False,True,False,,True,True,True,,,,,,
motorcycle_5ab8604a14df,motorcycle,14095,3114487469810,3114.48746981,right,not_visible,0.5,False,False,False,True,"neither hand tracking nor the segmentation proxy reports a hand; on a motorcycle this is an expected, non-erroneous situation",,,,,,,True,False,True,False,False,False,False,False,
motorcycle_5ab8604a14df,motorcycle,14096,3114554118718,3114.554118718,left,out_of_frame,0.75,False,False,False,True,hand tracking projects every landmark outside the RGB image: the hand is tracked by the device but not in the camera's field of view,False,False,False,True,False,,True,True,True,,,,,,
motorcycle_5ab8604a14df,motorcycle,14096,3114554118718,3114.554118718,right,not_visible,0.5,False,False,False,True,"neither hand tracking nor the segmentation proxy reports a hand; on a motorcycle this is an expected, non-erroneous situation",,,,,,,True,False,True,False,False,False,False,False,
motorcycle_5ab8604a14df,motorcycle,14097,3114620742206,3114.620742206,left,out_of_frame,0.75,False,False,False,True,hand tracking projects every landmark outside the RGB image: the hand is tracked by the device but not in the camera's field of view,False,False,False,True,False,,True,True,True,,,,,,
motorcycle_5ab8604a14df,motorcycle,14097,3114620742206,3114.620742206,right,not_visible,0.5,False,False,False,True,"neither hand tracking nor the segmentation proxy reports a hand; on a motorcycle this is an expected, non-erroneous situation",,,,,,,True,False,True,False,False,False,False,False,
motorcycle_5ab8604a14df,motorcycle,14098,3114687359436,3114.687359436,left,out_of_frame,0.75,False,False,False,True,hand tracking projects every landmark outside the RGB image: the hand is tracked by the device but not in the camera's field of view,False,False,False,True,False,,True,True,True,,,,,,
motorcycle_5ab8604a14df,motorcycle,14098,3114687359436,3114.687359436,right,not_visible,0.5,False,False,False,True,"neither hand tracking nor the segmentation proxy reports a hand; on a motorcycle this is an expected, non-erroneous situation",,,,,,,True,False,True,False,False,False,False,False,
motorcycle_5ab8604a14df,motorcycle,14099,3114753976509,3114.753976509,left,out_of_frame,0.75,False,False,False,True,hand tracking projects every landmark outside the RGB image: the hand is tracked by the device but not in the camera's field of view,False,False,False,True,False,,True,True,True,,,,,,
motorcycle_5ab8604a14df,motorcycle,14099,3114753976509,3114.753976509,right,not_visible,0.5,False,False,False,True,"neither hand tracking nor the segmentation proxy reports a hand; on a motorcycle this is an expected, non-erroneous situation",,,,,,,True,False,True,False,False,False,False,False,
motorcycle_5ab8604a14df,motorcycle,14100,3114820637999,3114.820637999,left,out_of_frame,0.75,False,False,False,True,hand tracking projects every landmark outside the RGB image: the hand is tracked by the device but not in the camera's field of view,False,False,False,True,False,,True,True,True,,,,,,
motorcycle_5ab8604a14df,motorcycle,14100,3114820637999,3114.820637999,right,not_visible,0.5,False,False,False,True,"neither hand tracking nor the segmentation proxy reports a hand; on a motorcycle this is an expected, non-erroneous situation",,,,,,,True,False,True,False,False,False,False,False,
motorcycle_5ab8604a14df,motorcycle,14101,3114887318405,3114.887318405,left,out_of_frame,0.75,False,False,False,True,hand tracking projects every landmark outside the RGB image: the hand is tracked by the device but not in the camera's field of view,False,False,False,True,False,,True,True,True,,,,,,
motorcycle_5ab8604a14df,motorcycle,14101,3114887318405,3114.887318405,right,not_visible,0.5,False,False,False,True,"neither hand tracking nor the segmentation proxy reports a hand; on a motorcycle this is an expected, non-erroneous situation",,,,,,,True,False,True,False,False,False,False,False,
motorcycle_5ab8604a14df,motorcycle,14102,3114954030437,3114.954030437,left,out_of_frame,0.75,False,False,False,True,hand tracking projects every landmark outside the RGB image: the hand is tracked by the device but not in the camera's field of view,False,False,False,True,False,,True,True,True,,,,,,
motorcycle_5ab8604a14df,motorcycle,14102,3114954030437,3114.954030437,right,not_visible,0.5,False,False,False,True,"neither hand tracking nor the segmentation proxy reports a hand; on a motorcycle this is an expected, non-erroneous situation",,,,,,,True,False,True,False,False,False,False,False,
motorcycle_5ab8604a14df,motorcycle,14103,3115020716914,3115.020716914,left,out_of_frame,0.75,False,False,False,True,hand tracking projects every landmark outside the RGB image: the hand is tracked by the device but not in the camera's field of view,False,False,False,True,False,,True,True,True,,,,,,
motorcycle_5ab8604a14df,motorcycle,14103,3115020716914,3115.020716914,right,not_visible,0.5,False,False,False,True,"neither hand tracking nor the segmentation proxy reports a hand; on a motorcycle this is an expected, non-erroneous situation",,,,,,,True,False,True,False,False,False,False,False,
motorcycle_5ab8604a14df,motorcycle,14104,3115087378134,3115.087378134,left,out_of_frame,0.75,False,False,False,True,hand tracking projects every landmark outside the RGB image: the hand is tracked by the device but not in the camera's field of view,False,False,False,True,False,,True,True,True,,,,,,
motorcycle_5ab8604a14df,motorcycle,14104,3115087378134,3115.087378134,right,not_visible,0.5,False,False,False,True,"neither hand tracking nor the segmentation proxy reports a hand; on a motorcycle this is an expected, non-erroneous situation",,,,,,,True,False,True,False,False,False,False,False,
motorcycle_5ab8604a14df,motorcycle,14105,3115154027091,3115.154027091,left,out_of_frame,0.75,False,False,False,True,hand tracking projects every landmark outside the RGB image: the hand is tracked by the device but not in the camera's field of view,False,False,False,True,False,,True,True,True,,,,,,
motorcycle_5ab8604a14df,motorcycle,14105,3115154027091,3115.154027091,right,not_visible,0.5,False,False,False,True,"neither hand tracking nor the segmentation proxy reports a hand; on a motorcycle this is an expected, non-erroneous situation",,,,,,,True,False,True,False,False,False,False,False,
motorcycle_5ab8604a14df,motorcycle,14106,3115220688499,3115.220688499,left,out_of_frame,0.75,False,False,False,True,hand tracking projects every landmark outside the RGB image: the hand is tracked by the device but not in the camera's field of view,False,False,False,True,False,,True,True,True,,,,,,
motorcycle_5ab8604a14df,motorcycle,14106,3115220688499,3115.220688499,right,not_visible,0.5,False,False,False,True,"neither hand tracking nor the segmentation proxy reports a hand; on a motorcycle this is an expected, non-erroneous situation",,,,,,,True,False,True,False,False,False,False,False,
motorcycle_5ab8604a14df,motorcycle,14107,3115287349956,3115.287349956,left,out_of_frame,0.75,False,False,False,True,hand tracking projects every landmark outside the RGB image: the hand is tracked by the device but not in the camera's field of view,False,False,False,True,False,,True,True,True,,,,,,
motorcycle_5ab8604a14df,motorcycle,14107,3115287349956,3115.287349956,right,not_visible,0.5,False,False,False,True,"neither hand tracking nor the segmentation proxy reports a hand; on a motorcycle this is an expected, non-erroneous situation",,,,,,,True,False,True,False,False,False,False,False,
motorcycle_5ab8604a14df,motorcycle,14108,3115353973447,3115.353973447,left,out_of_frame,0.75,False,False,False,True,hand tracking projects every landmark outside the RGB image: the hand is tracked by the device but not in the camera's field of view,False,False,False,True,False,,True,True,True,,,,,,
motorcycle_5ab8604a14df,motorcycle,14108,3115353973447,3115.353973447,right,not_visible,0.5,False,False,False,True,"neither hand tracking nor the segmentation proxy reports a hand; on a motorcycle this is an expected, non-erroneous situation",,,,,,,True,False,True,False,False,False,False,False,
motorcycle_5ab8604a14df,motorcycle,14109,3115420578019,3115.420578019,left,out_of_frame,0.75,False,False,False,True,hand tracking projects every landmark outside the RGB image: the hand is tracked by the device but not in the camera's field of view,False,False,False,True,False,,True,True,True,,,,,,
motorcycle_5ab8604a14df,motorcycle,14109,3115420578019,3115.420578019,right,not_visible,0.5,False,False,False,True,"neither hand tracking nor the segmentation proxy reports a hand; on a motorcycle this is an expected, non-erroneous situation",,,,,,,True,False,True,False,False,False,False,False,
motorcycle_5ab8604a14df,motorcycle,14110,3115487214197,3115.487214197,left,out_of_frame,0.75,False,False,False,True,hand tracking projects every landmark outside the RGB image: the hand is tracked by the device but not in the camera's field of view,False,False,False,True,False,,True,True,True,,,,,,
motorcycle_5ab8604a14df,motorcycle,14110,3115487214197,3115.487214197,right,not_visible,0.5,False,False,False,True,"neither hand tracking nor the segmentation proxy reports a hand; on a motorcycle this is an expected, non-erroneous situation",,,,,,,True,False,True,False,False,False,False,False,
motorcycle_5ab8604a14df,motorcycle,14111,3115553869186,3115.553869186,left,out_of_frame,0.75,False,False,False,True,hand tracking projects every landmark outside the RGB image: the hand is tracked by the device but not in the camera's field of view,False,False,False,True,False,,True,True,True,,,,,,
motorcycle_5ab8604a14df,motorcycle,14111,3115553869186,3115.553869186,right,not_visible,0.5,False,False,False,True,"neither hand tracking nor the segmentation proxy reports a hand; on a motorcycle this is an expected, non-erroneous situation",,,,,,,True,False,True,False,False,False,False,False,
motorcycle_5ab8604a14df,motorcycle,14112,3115620587562,3115.620587562,left,out_of_frame,0.75,False,False,False,True,hand tracking projects every landmark outside the RGB image: the hand is tracked by the device but not in the camera's field of view,False,False,False,True,False,,True,True,True,,,,,,
motorcycle_5ab8604a14df,motorcycle,14112,3115620587562,3115.620587562,right,not_visible,0.5,False,False,False,True,"neither hand tracking nor the segmentation proxy reports a hand; on a motorcycle this is an expected, non-erroneous situation",,,,,,,True,False,True,False,False,False,False,False,
motorcycle_5ab8604a14df,motorcycle,14113,3115687305852,3115.687305852,left,out_of_frame,0.75,False,False,False,True,hand tracking projects every landmark outside the RGB image: the hand is tracked by the device but not in the camera's field of view,False,False,False,True,False,,True,True,True,,,,,,
motorcycle_5ab8604a14df,motorcycle,14113,3115687305852,3115.687305852,right,not_visible,0.5,False,False,False,True,"neither hand tracking nor the segmentation proxy reports a hand; on a motorcycle this is an expected, non-erroneous situation",,,,,,,True,False,True,False,False,False,False,False,
motorcycle_5ab8604a14df,motorcycle,14114,3115754005144,3115.754005144,left,out_of_frame,0.75,False,False,False,True,hand tracking projects every landmark outside the RGB image: the hand is tracked by the device but not in the camera's field of view,False,False,False,True,False,,True,True,True,,,,,,
motorcycle_5ab8604a14df,motorcycle,14114,3115754005144,3115.754005144,right,not_visible,0.5,False,False,False,True,"neither hand tracking nor the segmentation proxy reports a hand; on a motorcycle this is an expected, non-erroneous situation",,,,,,,True,False,True,False,False,False,False,False,
motorcycle_5ab8604a14df,motorcycle,14115,3115820666520,3115.82066652,left,out_of_frame,0.75,False,False,False,True,hand tracking projects every landmark outside the RGB image: the hand is tracked by the device but not in the camera's field of view,False,False,False,True,False,,True,True,True,,,,,,
motorcycle_5ab8604a14df,motorcycle,14115,3115820666520,3115.82066652,right,not_visible,0.5,False,False,False,True,"neither hand tracking nor the segmentation proxy reports a hand; on a motorcycle this is an expected, non-erroneous situation",,,,,,,True,False,True,False,False,False,False,False,
motorcycle_5ab8604a14df,motorcycle,14116,3115887308977,3115.887308977,left,out_of_frame,0.75,False,False,False,True,hand tracking projects every landmark outside the RGB image: the hand is tracked by the device but not in the camera's field of view,False,False,False,True,False,,True,True,True,,,,,,
motorcycle_5ab8604a14df,motorcycle,14116,3115887308977,3115.887308977,right,not_visible,0.5,False,False,False,True,"neither hand tracking nor the segmentation proxy reports a hand; on a motorcycle this is an expected, non-erroneous situation",,,,,,,True,False,True,False,False,False,False,False,
motorcycle_5ab8604a14df,motorcycle,14117,3115953970385,3115.953970385,left,out_of_frame,0.75,False,False,False,True,hand tracking projects every landmark outside the RGB image: the hand is tracked by the device but not in the camera's field of view,False,False,False,True,False,,True,True,True,,,,,,
motorcycle_5ab8604a14df,motorcycle,14117,3115953970385,3115.953970385,right,not_visible,0.5,False,False,False,True,"neither hand tracking nor the segmentation proxy reports a hand; on a motorcycle this is an expected, non-erroneous situation",,,,,,,True,False,True,False,False,False,False,False,
motorcycle_5ab8604a14df,motorcycle,14118,3116020631790,3116.02063179,left,out_of_frame,0.75,False,False,False,True,hand tracking projects every landmark outside the RGB image: the hand is tracked by the device but not in the camera's field of view,False,False,False,True,False,,True,True,True,,,,,,
motorcycle_5ab8604a14df,motorcycle,14118,3116020631790,3116.02063179,right,not_visible,0.5,False,False,False,True,"neither hand tracking nor the segmentation proxy reports a hand; on a motorcycle this is an expected, non-erroneous situation",,,,,,,True,False,True,False,False,False,False,False,
motorcycle_5ab8604a14df,motorcycle,14119,3116087293249,3116.087293249,left,out_of_frame,0.75,False,False,False,True,hand tracking projects every landmark outside the RGB image: the hand is tracked by the device but not in the camera's field of view,False,False,False,True,False,,True,True,True,,,,,,
motorcycle_5ab8604a14df,motorcycle,14119,3116087293249,3116.087293249,right,not_visible,0.5,False,False,False,True,"neither hand tracking nor the segmentation proxy reports a hand; on a motorcycle this is an expected, non-erroneous situation",,,,,,,True,False,True,False,False,False,False,False,
motorcycle_5ab8604a14df,motorcycle,14120,3116153929394,3116.153929394,left,out_of_frame,0.75,False,False,False,True,hand tracking projects every landmark outside the RGB image: the hand is tracked by the device but not in the camera's field of view,False,False,False,True,False,,True,True,True,,,,,,
motorcycle_5ab8604a14df,motorcycle,14120,3116153929394,3116.153929394,right,not_visible,0.5,False,False,False,True,"neither hand tracking nor the segmentation proxy reports a hand; on a motorcycle this is an expected, non-erroneous situation",,,,,,,True,False,True,False,False,False,False,False,
motorcycle_5ab8604a14df,motorcycle,14121,3116220540572,3116.220540572,left,out_of_frame,0.75,False,False,False,True,hand tracking projects every landmark outside the RGB image: the hand is tracked by the device but not in the camera's field of view,False,False,False,True,False,,True,True,True,,,,,,
motorcycle_5ab8604a14df,motorcycle,14121,3116220540572,3116.220540572,right,not_visible,0.5,False,False,False,True,"neither hand tracking nor the segmentation proxy reports a hand; on a motorcycle this is an expected, non-erroneous situation",,,,,,,True,False,True,False,False,False,False,False,
motorcycle_5ab8604a14df,motorcycle,14122,3116287170301,3116.287170301,left,out_of_frame,0.75,False,False,False,True,hand tracking projects every landmark outside the RGB image: the hand is tracked by the device but not in the camera's field of view,False,False,False,True,False,,True,True,True,,,,,,
motorcycle_5ab8604a14df,motorcycle,14122,3116287170301,3116.287170301,right,not_visible,0.5,False,False,False,True,"neither hand tracking nor the segmentation proxy reports a hand; on a motorcycle this is an expected, non-erroneous situation",,,,,,,True,False,True,False,False,False,False,False,
motorcycle_5ab8604a14df,motorcycle,14123,3116353787373,3116.353787373,left,out_of_frame,0.75,False,False,False,True,hand tracking projects every landmark outside the RGB image: the hand is tracked by the device but not in the camera's field of view,False,False,False,True,False,,True,True,True,,,,,,
motorcycle_5ab8604a14df,motorcycle,14123,3116353787373,3116.353787373,right,not_visible,0.5,False,False,False,True,"neither hand tracking nor the segmentation proxy reports a hand; on a motorcycle this is an expected, non-erroneous situation",,,,,,,True,False,True,False,False,False,False,False,
motorcycle_5ab8604a14df,motorcycle,14124,3116420486780,3116.42048678,left,out_of_frame,0.75,False,False,False,True,hand tracking projects every landmark outside the RGB image: the hand is tracked by the device but not in the camera's field of view,False,False,False,True,False,,True,True,True,,,,,,
motorcycle_5ab8604a14df,motorcycle,14124,3116420486780,3116.42048678,right,not_visible,0.5,False,False,False,True,"neither hand tracking nor the segmentation proxy reports a hand; on a motorcycle this is an expected, non-erroneous situation",,,,,,,True,False,True,False,False,False,False,False,
motorcycle_5ab8604a14df,motorcycle,14125,3116487211468,3116.487211468,left,out_of_frame,0.75,False,False,False,True,hand tracking projects every landmark outside the RGB image: the hand is tracked by the device but not in the camera's field of view,False,False,False,True,False,,True,True,True,,,,,,
motorcycle_5ab8604a14df,motorcycle,14125,3116487211468,3116.487211468,right,not_visible,0.5,False,False,False,True,"neither hand tracking nor the segmentation proxy reports a hand; on a motorcycle this is an expected, non-erroneous situation",,,,,,,True,False,True,False,False,False,False,False,
motorcycle_5ab8604a14df,motorcycle,14126,3116553929915,3116.553929915,left,out_of_frame,0.75,False,False,False,True,hand tracking projects every landmark outside the RGB image: the hand is tracked by the device but not in the camera's field of view,False,False,False,True,False,,True,True,True,,,,,,
motorcycle_5ab8604a14df,motorcycle,14126,3116553929915,3116.553929915,right,not_visible,0.5,False,False,False,True,"neither hand tracking nor the segmentation proxy reports a hand; on a motorcycle this is an expected, non-erroneous situation",,,,,,,True,False,True,False,False,False,False,False,
motorcycle_5ab8604a14df,motorcycle,14127,3116620597395,3116.620597395,left,out_of_frame,0.75,False,False,False,True,hand tracking projects every landmark outside the RGB image: the hand is tracked by the device but not in the camera's field of view,False,False,False,True,False,,True,True,True,,,,,,
motorcycle_5ab8604a14df,motorcycle,14127,3116620597395,3116.620597395,right,not_visible,0.5,False,False,False,True,"neither hand tracking nor the segmentation proxy reports a hand; on a motorcycle this is an expected, non-erroneous situation",,,,,,,True,False,True,False,False,False,False,False,
motorcycle_5ab8604a14df,motorcycle,14128,3116687233852,3116.687233852,left,out_of_frame,0.75,False,False,False,True,hand tracking projects every landmark outside the RGB image: the hand is tracked by the device but not in the camera's field of view,False,False,False,True,False,,True,True,True,,,,,,
motorcycle_5ab8604a14df,motorcycle,14128,3116687233852,3116.687233852,right,not_visible,0.5,False,False,False,True,"neither hand tracking nor the segmentation proxy reports a hand; on a motorcycle this is an expected, non-erroneous situation",,,,,,,True,False,True,False,False,False,False,False,
motorcycle_5ab8604a14df,motorcycle,14129,3116753895259,3116.753895259,left,out_of_frame,0.75,False,False,False,True,hand tracking projects every landmark outside the RGB image: the hand is tracked by the device but not in the camera's field of view,False,False,False,True,False,,True,True,True,,,,,,
motorcycle_5ab8604a14df,motorcycle,14129,3116753895259,3116.753895259,right,not_visible,0.5,False,False,False,True,"neither hand tracking nor the segmentation proxy reports a hand; on a motorcycle this is an expected, non-erroneous situation",,,,,,,True,False,True,False,False,False,False,False,
motorcycle_5ab8604a14df,motorcycle,14130,3116820531404,3116.820531404,left,out_of_frame,0.75,False,False,False,True,hand tracking projects every landmark outside the RGB image: the hand is tracked by the device but not in the camera's field of view,False,False,False,True,False,,True,True,True,,,,,,
motorcycle_5ab8604a14df,motorcycle,14130,3116820531404,3116.820531404,right,not_visible,0.5,False,False,False,True,"neither hand tracking nor the segmentation proxy reports a hand; on a motorcycle this is an expected, non-erroneous situation",,,,,,,True,False,True,False,False,False,False,False,
motorcycle_5ab8604a14df,motorcycle,14131,3116887180051,3116.887180051,left,out_of_frame,0.75,False,False,False,True,hand tracking projects every landmark outside the RGB image: the hand is tracked by the device but not in the camera's field of view,False,False,False,True,False,,True,True,True,,,,,,
motorcycle_5ab8604a14df,motorcycle,14131,3116887180051,3116.887180051,right,not_visible,0.5,False,False,False,True,"neither hand tracking nor the segmentation proxy reports a hand; on a motorcycle this is an expected, non-erroneous situation",,,,,,,True,False,True,False,False,False,False,False,
motorcycle_5ab8604a14df,motorcycle,14132,3116953853956,3116.953853956,left,out_of_frame,0.75,False,False,False,True,hand tracking projects every landmark outside the RGB image: the hand is tracked by the device but not in the camera's field of view,False,False,False,True,False,,True,True,True,,,,,,
motorcycle_5ab8604a14df,motorcycle,14132,3116953853956,3116.953853956,right,not_visible,0.5,False,False,False,True,"neither hand tracking nor the segmentation proxy reports a hand; on a motorcycle this is an expected, non-erroneous situation",,,,,,,True,False,True,False,False,False,False,False,
motorcycle_5ab8604a14df,motorcycle,14133,3117020515415,3117.020515415,left,out_of_frame,0.75,False,False,False,True,hand tracking projects every landmark outside the RGB image: the hand is tracked by the device but not in the camera's field of view | a proxy mask exists while no landmark falls inside the image: candidate false mask,False,False,False,True,False,,True,True,True,,,,,,
motorcycle_5ab8604a14df,motorcycle,14133,3117020515415,3117.020515415,right,uncertain,0.4,False,False,False,True,the segmentation proxy proposes a hand region but the tracker reports nothing: either the tracker failed or the proxy is a false positive,,,,,,,True,False,True,False,False,False,False,False,
motorcycle_5ab8604a14df,motorcycle,14134,3117087151560,3117.08715156,left,out_of_frame,0.75,False,False,False,True,hand tracking projects every landmark outside the RGB image: the hand is tracked by the device but not in the camera's field of view,False,False,False,True,False,,True,True,True,,,,,,
motorcycle_5ab8604a14df,motorcycle,14134,3117087151560,3117.08715156,right,not_visible,0.5,False,False,False,True,"neither hand tracking nor the segmentation proxy reports a hand; on a motorcycle this is an expected, non-erroneous situation",,,,,,,True,False,True,False,False,False,False,False,
motorcycle_5ab8604a14df,motorcycle,14135,3117153788051,3117.153788051,left,out_of_frame,0.75,False,False,False,True,hand tracking projects every landmark outside the RGB image: the hand is tracked by the device but not in the camera's field of view,False,False,False,True,False,,True,True,True,,,,,,
motorcycle_5ab8604a14df,motorcycle,14135,3117153788051,3117.153788051,right,not_visible,0.5,False,False,False,True,"neither hand tracking nor the segmentation proxy reports a hand; on a motorcycle this is an expected, non-erroneous situation",,,,,,,True,False,True,False,False,False,False,False,
motorcycle_5ab8604a14df,motorcycle,14136,3117220468456,3117.220468456,left,out_of_frame,0.75,False,False,False,True,hand tracking projects every landmark outside the RGB image: the hand is tracked by the device but not in the camera's field of view,False,False,False,True,False,,True,True,True,,,,,,
motorcycle_5ab8604a14df,motorcycle,14136,3117220468456,3117.220468456,right,not_visible,0.5,False,False,False,True,"neither hand tracking nor the segmentation proxy reports a hand; on a motorcycle this is an expected, non-erroneous situation",,,,,,,True,False,True,False,False,False,False,False,
motorcycle_5ab8604a14df,motorcycle,14137,3117287129915,3117.287129915,left,out_of_frame,0.75,False,False,False,True,hand tracking projects every landmark outside the RGB image: the hand is tracked by the device but not in the camera's field of view,False,False,False,True,False,,True,True,True,,,,,,
motorcycle_5ab8604a14df,motorcycle,14137,3117287129915,3117.287129915,right,not_visible,0.5,False,False,False,True,"neither hand tracking nor the segmentation proxy reports a hand; on a motorcycle this is an expected, non-erroneous situation",,,,,,,True,False,True,False,False,False,False,False,
motorcycle_5ab8604a14df,motorcycle,14138,3117353791321,3117.353791321,left,out_of_frame,0.75,False,False,False,True,hand tracking projects every landmark outside the RGB image: the hand is tracked by the device but not in the camera's field of view,False,False,False,True,False,,True,True,True,,,,,,
motorcycle_5ab8604a14df,motorcycle,14138,3117353791321,3117.353791321,right,not_visible,0.5,False,False,False,True,"neither hand tracking nor the segmentation proxy reports a hand; on a motorcycle this is an expected, non-erroneous situation",,,,,,,True,False,True,False,False,False,False,False,
motorcycle_5ab8604a14df,motorcycle,14139,3117420516009,3117.420516009,left,out_of_frame,0.75,False,False,False,True,hand tracking projects every landmark outside the RGB image: the hand is tracked by the device but not in the camera's field of view,False,False,False,True,False,,True,True,True,,,,,,
motorcycle_5ab8604a14df,motorcycle,14139,3117420516009,3117.420516009,right,not_visible,0.5,False,False,False,True,"neither hand tracking nor the segmentation proxy reports a hand; on a motorcycle this is an expected, non-erroneous situation",,,,,,,True,False,True,False,False,False,False,False,
motorcycle_5ab8604a14df,motorcycle,14140,3117487221301,3117.487221301,left,out_of_frame,0.75,False,False,False,True,hand tracking projects every landmark outside the RGB image: the hand is tracked by the device but not in the camera's field of view,False,False,False,True,False,,True,True,True,,,,,,
motorcycle_5ab8604a14df,motorcycle,14140,3117487221301,3117.487221301,right,not_visible,0.5,False,False,False,True,"neither hand tracking nor the segmentation proxy reports a hand; on a motorcycle this is an expected, non-erroneous situation",,,,,,,True,False,True,False,False,False,False,False,
motorcycle_5ab8604a14df,motorcycle,14141,3117553907935,3117.553907935,left,out_of_frame,0.75,False,False,False,True,hand tracking projects every landmark outside the RGB image: the hand is tracked by the device but not in the camera's field of view,False,False,False,True,False,,True,True,True,,,,,,
motorcycle_5ab8604a14df,motorcycle,14141,3117553907935,3117.553907935,right,not_visible,0.5,False,False,False,True,"neither hand tracking nor the segmentation proxy reports a hand; on a motorcycle this is an expected, non-erroneous situation",,,,,,,True,False,True,False,False,False,False,False,
motorcycle_5ab8604a14df,motorcycle,14142,3117620588467,3117.620588467,left,out_of_frame,0.75,False,False,False,True,hand tracking projects every landmark outside the RGB image: the hand is tracked by the device but not in the camera's field of view,False,False,False,True,False,,True,True,True,,,,,,
motorcycle_5ab8604a14df,motorcycle,14142,3117620588467,3117.620588467,right,not_visible,0.5,False,False,False,True,"neither hand tracking nor the segmentation proxy reports a hand; on a motorcycle this is an expected, non-erroneous situation",,,,,,,True,False,True,False,False,False,False,False,
motorcycle_5ab8604a14df,motorcycle,14143,3117687275447,3117.687275447,left,out_of_frame,0.75,False,False,False,True,hand tracking projects every landmark outside the RGB image: the hand is tracked by the device but not in the camera's field of view,False,False,False,True,False,,True,True,True,,,,,,
motorcycle_5ab8604a14df,motorcycle,14143,3117687275447,3117.687275447,right,not_visible,0.5,False,False,False,True,"neither hand tracking nor the segmentation proxy reports a hand; on a motorcycle this is an expected, non-erroneous situation",,,,,,,True,False,True,False,False,False,False,False,
motorcycle_5ab8604a14df,motorcycle,14144,3117753949321,3117.753949321,left,out_of_frame,0.75,False,False,False,True,hand tracking projects every landmark outside the RGB image: the hand is tracked by the device but not in the camera's field of view,False,False,False,True,False,,True,True,True,,,,,,
motorcycle_5ab8604a14df,motorcycle,14144,3117753949321,3117.753949321,right,not_visible,0.5,False,False,False,True,"neither hand tracking nor the segmentation proxy reports a hand; on a motorcycle this is an expected, non-erroneous situation",,,,,,,True,False,True,False,False,False,False,False,
motorcycle_5ab8604a14df,motorcycle,14145,3117820629697,3117.820629697,left,out_of_frame,0.75,False,False,False,True,hand tracking projects every landmark outside the RGB image: the hand is tracked by the device but not in the camera's field of view,False,False,False,True,False,,True,True,True,,,,,,
motorcycle_5ab8604a14df,motorcycle,14145,3117820629697,3117.820629697,right,not_visible,0.5,False,False,False,True,"neither hand tracking nor the segmentation proxy reports a hand; on a motorcycle this is an expected, non-erroneous situation",,,,,,,True,False,True,False,False,False,False,False,
motorcycle_5ab8604a14df,motorcycle,14146,3117887284758,3117.887284758,left,out_of_frame,0.75,False,False,False,True,hand tracking projects every landmark outside the RGB image: the hand is tracked by the device but not in the camera's field of view,False,False,False,True,False,,True,True,True,,,,,,
motorcycle_5ab8604a14df,motorcycle,14146,3117887284758,3117.887284758,right,not_visible,0.5,False,False,False,True,"neither hand tracking nor the segmentation proxy reports a hand; on a motorcycle this is an expected, non-erroneous situation",,,,,,,True,False,True,False,False,False,False,False,
motorcycle_5ab8604a14df,motorcycle,14147,3117953940165,3117.953940165,left,out_of_frame,0.75,False,False,False,True,hand tracking projects every landmark outside the RGB image: the hand is tracked by the device but not in the camera's field of view,False,False,False,True,False,,True,True,True,,,,,,
motorcycle_5ab8604a14df,motorcycle,14147,3117953940165,3117.953940165,right,not_visible,0.5,False,False,False,True,"neither hand tracking nor the segmentation proxy reports a hand; on a motorcycle this is an expected, non-erroneous situation",,,,,,,True,False,True,False,False,False,False,False,
motorcycle_5ab8604a14df,motorcycle,14148,3118020576310,3118.02057631,left,out_of_frame,0.75,False,False,False,True,hand tracking projects every landmark outside the RGB image: the hand is tracked by the device but not in the camera's field of view,False,False,False,True,False,,True,True,True,,,,,,
motorcycle_5ab8604a14df,motorcycle,14148,3118020576310,3118.02057631,right,not_visible,0.5,False,False,False,True,"neither hand tracking nor the segmentation proxy reports a hand; on a motorcycle this is an expected, non-erroneous situation",,,,,,,True,False,True,False,False,False,False,False,
motorcycle_5ab8604a14df,motorcycle,14149,3118087199697,3118.087199697,left,out_of_frame,0.75,False,False,False,True,hand tracking projects every landmark outside the RGB image: the hand is tracked by the device but not in the camera's field of view,False,False,False,True,False,,True,True,True,,,,,,
motorcycle_5ab8604a14df,motorcycle,14149,3118087199697,3118.087199697,right,not_visible,0.5,False,False,False,True,"neither hand tracking nor the segmentation proxy reports a hand; on a motorcycle this is an expected, non-erroneous situation",,,,,,,True,False,True,False,False,False,False,False,
motorcycle_5ab8604a14df,motorcycle,14150,3118153848186,3118.153848186,left,out_of_frame,0.75,False,False,False,True,hand tracking projects every landmark outside the RGB image: the hand is tracked by the device but not in the camera's field of view,False,False,False,True,False,,True,True,True,,,,,,
motorcycle_5ab8604a14df,motorcycle,14150,3118153848186,3118.153848186,right,not_visible,0.5,False,False,False,True,"neither hand tracking nor the segmentation proxy reports a hand; on a motorcycle this is an expected, non-erroneous situation",,,,,,,True,False,True,False,False,False,False,False,
motorcycle_5ab8604a14df,motorcycle,14151,3118220503333,3118.220503333,left,out_of_frame,0.75,False,False,False,True,hand tracking projects every landmark outside the RGB image: the hand is tracked by the device but not in the camera's field of view,False,False,False,True,False,,True,True,True,,,,,,
motorcycle_5ab8604a14df,motorcycle,14151,3118220503333,3118.220503333,right,not_visible,0.5,False,False,False,True,"neither hand tracking nor the segmentation proxy reports a hand; on a motorcycle this is an expected, non-erroneous situation",,,,,,,True,False,True,False,False,False,False,False,
motorcycle_5ab8604a14df,motorcycle,14152,3118287203050,3118.28720305,left,out_of_frame,0.75,False,False,False,True,hand tracking projects every landmark outside the RGB image: the hand is tracked by the device but not in the camera's field of view,False,False,False,True,False,,True,True,True,,,,,,
motorcycle_5ab8604a14df,motorcycle,14152,3118287203050,3118.28720305,right,not_visible,0.5,False,False,False,True,"neither hand tracking nor the segmentation proxy reports a hand; on a motorcycle this is an expected, non-erroneous situation",,,,,,,True,False,True,False,False,False,False,False,
motorcycle_5ab8604a14df,motorcycle,14153,3118353902030,3118.35390203,left,out_of_frame,0.75,False,False,False,True,hand tracking projects every landmark outside the RGB image: the hand is tracked by the device but not in the camera's field of view,False,False,False,True,False,,True,True,True,,,,,,
motorcycle_5ab8604a14df,motorcycle,14153,3118353902030,3118.35390203,right,not_visible,0.5,False,False,False,True,"neither hand tracking nor the segmentation proxy reports a hand; on a motorcycle this is an expected, non-erroneous situation",,,,,,,True,False,True,False,False,False,False,False,
motorcycle_5ab8604a14df,motorcycle,14154,3118420626979,3118.420626979,left,out_of_frame,0.75,False,False,False,True,hand tracking projects every landmark outside the RGB image: the hand is tracked by the device but not in the camera's field of view,False,False,False,True,False,,True,True,True,,,,,,
motorcycle_5ab8604a14df,motorcycle,14154,3118420626979,3118.420626979,right,not_visible,0.5,False,False,False,True,"neither hand tracking nor the segmentation proxy reports a hand; on a motorcycle this is an expected, non-erroneous situation",,,,,,,True,False,True,False,False,False,False,False,
motorcycle_5ab8604a14df,motorcycle,14155,3118487332425,3118.487332425,left,out_of_frame,0.75,False,False,False,True,hand tracking projects every landmark outside the RGB image: the hand is tracked by the device but not in the camera's field of view,False,False,False,True,False,,True,True,True,,,,,,
motorcycle_5ab8604a14df,motorcycle,14155,3118487332425,3118.487332425,right,not_visible,0.5,False,False,False,True,"neither hand tracking nor the segmentation proxy reports a hand; on a motorcycle this is an expected, non-erroneous situation",,,,,,,True,False,True,False,False,False,False,False,
motorcycle_5ab8604a14df,motorcycle,14156,3118554038374,3118.554038374,left,out_of_frame,0.75,False,False,False,True,hand tracking projects every landmark outside the RGB image: the hand is tracked by the device but not in the camera's field of view,False,False,False,True,False,,True,True,True,,,,,,
motorcycle_5ab8604a14df,motorcycle,14156,3118554038374,3118.554038374,right,not_visible,0.5,False,False,False,True,"neither hand tracking nor the segmentation proxy reports a hand; on a motorcycle this is an expected, non-erroneous situation",,,,,,,True,False,True,False,False,False,False,False,
motorcycle_5ab8604a14df,motorcycle,14157,3118620731166,3118.620731166,left,out_of_frame,0.75,False,False,False,True,hand tracking projects every landmark outside the RGB image: the hand is tracked by the device but not in the camera's field of view,False,False,False,True,False,,True,True,True,,,,,,
motorcycle_5ab8604a14df,motorcycle,14157,3118620731166,3118.620731166,right,not_visible,0.5,False,False,False,True,"neither hand tracking nor the segmentation proxy reports a hand; on a motorcycle this is an expected, non-erroneous situation",,,,,,,True,False,True,False,False,False,False,False,
motorcycle_5ab8604a14df,motorcycle,14158,3118687392540,3118.68739254,left,out_of_frame,0.75,False,False,False,True,hand tracking projects every landmark outside the RGB image: the hand is tracked by the device but not in the camera's field of view,False,False,False,True,False,,True,True,True,,,,,,
motorcycle_5ab8604a14df,motorcycle,14158,3118687392540,3118.68739254,right,not_visible,0.5,False,False,False,True,"neither hand tracking nor the segmentation proxy reports a hand; on a motorcycle this is an expected, non-erroneous situation",,,,,,,True,False,True,False,False,False,False,False,
motorcycle_5ab8604a14df,motorcycle,14159,3118754034999,3118.754034999,left,out_of_frame,0.75,False,False,False,True,hand tracking projects every landmark outside the RGB image: the hand is tracked by the device but not in the camera's field of view,False,False,False,True,False,,True,True,True,,,,,,
motorcycle_5ab8604a14df,motorcycle,14159,3118754034999,3118.754034999,right,not_visible,0.5,False,False,False,True,"neither hand tracking nor the segmentation proxy reports a hand; on a motorcycle this is an expected, non-erroneous situation",,,,,,,True,False,True,False,False,False,False,False,
motorcycle_5ab8604a14df,motorcycle,14160,3118820683748,3118.820683748,left,out_of_frame,0.75,False,False,False,True,hand tracking projects every landmark outside the RGB image: the hand is tracked by the device but not in the camera's field of view,False,False,False,True,False,,True,True,True,,,,,,
motorcycle_5ab8604a14df,motorcycle,14160,3118820683748,3118.820683748,right,not_visible,0.5,False,False,False,True,"neither hand tracking nor the segmentation proxy reports a hand; on a motorcycle this is an expected, non-erroneous situation",,,,,,,True,False,True,False,False,False,False,False,
motorcycle_5ab8604a14df,motorcycle,14161,3118887326395,3118.887326395,left,out_of_frame,0.75,False,False,False,True,hand tracking projects every landmark outside the RGB image: the hand is tracked by the device but not in the camera's field of view,False,False,False,True,False,,True,True,True,,,,,,
motorcycle_5ab8604a14df,motorcycle,14161,3118887326395,3118.887326395,right,not_visible,0.5,False,False,False,True,"neither hand tracking nor the segmentation proxy reports a hand; on a motorcycle this is an expected, non-erroneous situation",,,,,,,True,False,True,False,False,False,False,False,
motorcycle_5ab8604a14df,motorcycle,14162,3118953937123,3118.953937123,left,out_of_frame,0.75,False,False,False,True,hand tracking projects every landmark outside the RGB image: the hand is tracked by the device but not in the camera's field of view,False,False,False,True,False,,True,True,True,,,,,,
motorcycle_5ab8604a14df,motorcycle,14162,3118953937123,3118.953937123,right,not_visible,0.5,False,False,False,True,"neither hand tracking nor the segmentation proxy reports a hand; on a motorcycle this is an expected, non-erroneous situation",,,,,,,True,False,True,False,False,False,False,False,
motorcycle_5ab8604a14df,motorcycle,14163,3119020567301,3119.020567301,left,out_of_frame,0.75,False,False,False,True,hand tracking projects every landmark outside the RGB image: the hand is tracked by the device but not in the camera's field of view,False,False,False,True,False,,True,True,True,,,,,,
motorcycle_5ab8604a14df,motorcycle,14163,3119020567301,3119.020567301,right,not_visible,0.5,False,False,False,True,"neither hand tracking nor the segmentation proxy reports a hand; on a motorcycle this is an expected, non-erroneous situation",,,,,,,True,False,True,False,False,False,False,False,
motorcycle_5ab8604a14df,motorcycle,14164,3119087209686,3119.087209686,left,out_of_frame,0.75,False,False,False,True,hand tracking projects every landmark outside the RGB image: the hand is tracked by the device but not in the camera's field of view,False,False,False,True,False,,True,True,True,,,,,,
motorcycle_5ab8604a14df,motorcycle,14164,3119087209686,3119.087209686,right,not_visible,0.5,False,False,False,True,"neither hand tracking nor the segmentation proxy reports a hand; on a motorcycle this is an expected, non-erroneous situation",,,,,,,True,False,True,False,False,False,False,False,
motorcycle_5ab8604a14df,motorcycle,14165,3119153845519,3119.153845519,left,out_of_frame,0.75,False,False,False,True,hand tracking projects every landmark outside the RGB image: the hand is tracked by the device but not in the camera's field of view,False,False,False,True,False,,True,True,True,,,,,,
motorcycle_5ab8604a14df,motorcycle,14165,3119153845519,3119.153845519,right,not_visible,0.5,False,False,False,True,"neither hand tracking nor the segmentation proxy reports a hand; on a motorcycle this is an expected, non-erroneous situation",,,,,,,True,False,True,False,False,False,False,False,
motorcycle_5ab8604a14df,motorcycle,14166,3119220507166,3119.220507166,left,out_of_frame,0.75,False,False,False,True,hand tracking projects every landmark outside the RGB image: the hand is tracked by the device but not in the camera's field of view,False,False,False,True,False,,True,True,True,,,,,,
motorcycle_5ab8604a14df,motorcycle,14166,3119220507166,3119.220507166,right,not_visible,0.5,False,False,False,True,"neither hand tracking nor the segmentation proxy reports a hand; on a motorcycle this is an expected, non-erroneous situation",,,,,,,True,False,True,False,False,False,False,False,
motorcycle_5ab8604a14df,motorcycle,14167,3119287143154,3119.287143154,left,out_of_frame,0.75,False,False,False,True,hand tracking projects every landmark outside the RGB image: the hand is tracked by the device but not in the camera's field of view,False,False,False,True,False,,True,True,True,,,,,,
motorcycle_5ab8604a14df,motorcycle,14167,3119287143154,3119.287143154,right,not_visible,0.5,False,False,False,True,"neither hand tracking nor the segmentation proxy reports a hand; on a motorcycle this is an expected, non-erroneous situation",,,,,,,True,False,True,False,False,False,False,False,
motorcycle_5ab8604a14df,motorcycle,14168,3119353773041,3119.353773041,left,out_of_frame,0.75,False,False,False,True,hand tracking projects every landmark outside the RGB image: the hand is tracked by the device but not in the camera's field of view,False,False,False,True,False,,True,True,True,,,,,,
motorcycle_5ab8604a14df,motorcycle,14168,3119353773041,3119.353773041,right,not_visible,0.5,False,False,False,True,"neither hand tracking nor the segmentation proxy reports a hand; on a motorcycle this is an expected, non-erroneous situation",,,,,,,True,False,True,False,False,False,False,False,
motorcycle_5ab8604a14df,motorcycle,14169,3119420409373,3119.420409373,left,out_of_frame,0.75,False,False,False,True,hand tracking projects every landmark outside the RGB image: the hand is tracked by the device but not in the camera's field of view,False,False,False,True,False,,True,True,True,,,,,,
motorcycle_5ab8604a14df,motorcycle,14169,3119420409373,3119.420409373,right,not_visible,0.5,False,False,False,True,"neither hand tracking nor the segmentation proxy reports a hand; on a motorcycle this is an expected, non-erroneous situation",,,,,,,True,False,True,False,False,False,False,False,
motorcycle_5ab8604a14df,motorcycle,14170,3119487057864,3119.487057864,left,out_of_frame,0.75,False,False,False,True,hand tracking projects every landmark outside the RGB image: the hand is tracked by the device but not in the camera's field of view,False,False,False,True,False,,True,True,True,,,,,,
motorcycle_5ab8604a14df,motorcycle,14170,3119487057864,3119.487057864,right,not_visible,0.5,False,False,False,True,"neither hand tracking nor the segmentation proxy reports a hand; on a motorcycle this is an expected, non-erroneous situation",,,,,,,True,False,True,False,False,False,False,False,
motorcycle_5ab8604a14df,motorcycle,14171,3119553738321,3119.553738321,left,out_of_frame,0.75,False,False,False,True,hand tracking projects every landmark outside the RGB image: the hand is tracked by the device but not in the camera's field of view,False,False,False,True,False,,True,True,True,,,,,,
motorcycle_5ab8604a14df,motorcycle,14171,3119553738321,3119.553738321,right,not_visible,0.5,False,False,False,True,"neither hand tracking nor the segmentation proxy reports a hand; on a motorcycle this is an expected, non-erroneous situation",,,,,,,True,False,True,False,False,False,False,False,
motorcycle_5ab8604a14df,motorcycle,14172,3119620399728,3119.620399728,left,out_of_frame,0.75,False,False,False,True,hand tracking projects every landmark outside the RGB image: the hand is tracked by the device but not in the camera's field of view,False,False,False,True,False,,True,True,True,,,,,,
motorcycle_5ab8604a14df,motorcycle,14172,3119620399728,3119.620399728,right,not_visible,0.5,False,False,False,True,"neither hand tracking nor the segmentation proxy reports a hand; on a motorcycle this is an expected, non-erroneous situation",,,,,,,True,False,True,False,False,False,False,False,
motorcycle_5ab8604a14df,motorcycle,14173,3119687061186,3119.687061186,left,out_of_frame,0.75,False,False,False,True,hand tracking projects every landmark outside the RGB image: the hand is tracked by the device but not in the camera's field of view,False,False,False,True,False,,True,True,True,,,,,,
motorcycle_5ab8604a14df,motorcycle,14173,3119687061186,3119.687061186,right,not_visible,0.5,False,False,False,True,"neither hand tracking nor the segmentation proxy reports a hand; on a motorcycle this is an expected, non-erroneous situation",,,,,,,True,False,True,False,False,False,False,False,
motorcycle_5ab8604a14df,motorcycle,14174,3119753722593,3119.753722593,left,out_of_frame,0.75,False,False,False,True,hand tracking projects every landmark outside the RGB image: the hand is tracked by the device but not in the camera's field of view,False,False,False,True,False,,True,True,True,,,,,,
motorcycle_5ab8604a14df,motorcycle,14174,3119753722593,3119.753722593,right,not_visible,0.5,False,False,False,True,"neither hand tracking nor the segmentation proxy reports a hand; on a motorcycle this is an expected, non-erroneous situation",,,,,,,True,False,True,False,False,False,False,False,
motorcycle_5ab8604a14df,motorcycle,14175,3119820409311,3119.820409311,left,out_of_frame,0.75,False,False,False,True,hand tracking projects every landmark outside the RGB image: the hand is tracked by the device but not in the camera's field of view,False,False,False,True,False,,True,True,True,,,,,,
motorcycle_5ab8604a14df,motorcycle,14175,3119820409311,3119.820409311,right,not_visible,0.5,False,False,False,True,"neither hand tracking nor the segmentation proxy reports a hand; on a motorcycle this is an expected, non-erroneous situation",,,,,,,True,False,True,False,False,False,False,False,
motorcycle_5ab8604a14df,motorcycle,14176,3119887083530,3119.88708353,left,out_of_frame,0.75,False,False,False,True,hand tracking projects every landmark outside the RGB image: the hand is tracked by the device but not in the camera's field of view,False,False,False,True,False,,True,True,True,,,,,,
motorcycle_5ab8604a14df,motorcycle,14176,3119887083530,3119.88708353,right,not_visible,0.5,False,False,False,True,"neither hand tracking nor the segmentation proxy reports a hand; on a motorcycle this is an expected, non-erroneous situation",,,,,,,True,False,True,False,False,False,False,False,
motorcycle_5ab8604a14df,motorcycle,14177,3119953757748,3119.953757748,left,out_of_frame,0.75,False,False,False,True,hand tracking projects every landmark outside the RGB image: the hand is tracked by the device but not in the camera's field of view,False,False,False,True,False,,True,True,True,,,,,,
motorcycle_5ab8604a14df,motorcycle,14177,3119953757748,3119.953757748,right,not_visible,0.5,False,False,False,True,"neither hand tracking nor the segmentation proxy reports a hand; on a motorcycle this is an expected, non-erroneous situation",,,,,,,True,False,True,False,False,False,False,False,
motorcycle_5ab8604a14df,motorcycle,14178,3120020431467,3120.020431467,left,out_of_frame,0.75,False,False,False,True,hand tracking projects every landmark outside the RGB image: the hand is tracked by the device but not in the camera's field of view,False,False,False,True,False,,True,True,True,,,,,,
motorcycle_5ab8604a14df,motorcycle,14178,3120020431467,3120.020431467,right,not_visible,0.5,False,False,False,True,"neither hand tracking nor the segmentation proxy reports a hand; on a motorcycle this is an expected, non-erroneous situation",,,,,,,True,False,True,False,False,False,False,False,
motorcycle_5ab8604a14df,motorcycle,14179,3120087118343,3120.087118343,left,out_of_frame,0.75,False,False,False,True,hand tracking projects every landmark outside the RGB image: the hand is tracked by the device but not in the camera's field of view,False,False,False,True,False,,True,True,True,,,,,,
motorcycle_5ab8604a14df,motorcycle,14179,3120087118343,3120.087118343,right,not_visible,0.5,False,False,False,True,"neither hand tracking nor the segmentation proxy reports a hand; on a motorcycle this is an expected, non-erroneous situation",,,,,,,True,False,True,False,False,False,False,False,
motorcycle_5ab8604a14df,motorcycle,14180,3120153786061,3120.153786061,left,out_of_frame,0.75,False,False,False,True,hand tracking projects every landmark outside the RGB image: the hand is tracked by the device but not in the camera's field of view,False,False,False,True,False,,True,True,True,,,,,,
motorcycle_5ab8604a14df,motorcycle,14180,3120153786061,3120.153786061,right,not_visible,0.5,False,False,False,True,"neither hand tracking nor the segmentation proxy reports a hand; on a motorcycle this is an expected, non-erroneous situation",,,,,,,True,False,True,False,False,False,False,False,
motorcycle_5ab8604a14df,motorcycle,14181,3120220472936,3120.220472936,left,out_of_frame,0.75,False,False,False,True,hand tracking projects every landmark outside the RGB image: the hand is tracked by the device but not in the camera's field of view,False,False,False,True,False,,True,True,True,,,,,,
motorcycle_5ab8604a14df,motorcycle,14181,3120220472936,3120.220472936,right,not_visible,0.5,False,False,False,True,"neither hand tracking nor the segmentation proxy reports a hand; on a motorcycle this is an expected, non-erroneous situation",,,,,,,True,False,True,False,False,False,False,False,
motorcycle_5ab8604a14df,motorcycle,14182,3120287153310,3120.28715331,left,out_of_frame,0.75,False,False,False,True,hand tracking projects every landmark outside the RGB image: the hand is tracked by the device but not in the camera's field of view,False,False,False,True,False,,True,True,True,,,,,,
motorcycle_5ab8604a14df,motorcycle,14182,3120287153310,3120.28715331,right,not_visible,0.5,False,False,False,True,"neither hand tracking nor the segmentation proxy reports a hand; on a motorcycle this is an expected, non-erroneous situation",,,,,,,True,False,True,False,False,False,False,False,
motorcycle_5ab8604a14df,motorcycle,14183,3120353833686,3120.353833686,left,out_of_frame,0.75,False,False,False,True,hand tracking projects every landmark outside the RGB image: the hand is tracked by the device but not in the camera's field of view,False,False,False,True,False,,True,True,True,,,,,,
motorcycle_5ab8604a14df,motorcycle,14183,3120353833686,3120.353833686,right,not_visible,0.5,False,False,False,True,"neither hand tracking nor the segmentation proxy reports a hand; on a motorcycle this is an expected, non-erroneous situation",,,,,,,True,False,True,False,False,False,False,False,
motorcycle_5ab8604a14df,motorcycle,14184,3120420514062,3120.420514062,left,out_of_frame,0.75,False,False,False,True,hand tracking projects every landmark outside the RGB image: the hand is tracked by the device but not in the camera's field of view,False,False,False,True,False,,True,True,True,,,,,,
motorcycle_5ab8604a14df,motorcycle,14184,3120420514062,3120.420514062,right,not_visible,0.5,False,False,False,True,"neither hand tracking nor the segmentation proxy reports a hand; on a motorcycle this is an expected, non-erroneous situation",,,,,,,True,False,True,False,False,False,False,False,
motorcycle_5ab8604a14df,motorcycle,14185,3120487181780,3120.48718178,left,out_of_frame,0.75,False,False,False,True,hand tracking projects every landmark outside the RGB image: the hand is tracked by the device but not in the camera's field of view,False,False,False,True,False,,True,True,True,,,,,,
motorcycle_5ab8604a14df,motorcycle,14185,3120487181780,3120.48718178,right,not_visible,0.5,False,False,False,True,"neither hand tracking nor the segmentation proxy reports a hand; on a motorcycle this is an expected, non-erroneous situation",,,,,,,True,False,True,False,False,False,False,False,
motorcycle_5ab8604a14df,motorcycle,14186,3120553843343,3120.553843343,left,out_of_frame,0.75,False,False,False,True,hand tracking projects every landmark outside the RGB image: the hand is tracked by the device but not in the camera's field of view,False,False,False,True,False,,True,True,True,,,,,,
motorcycle_5ab8604a14df,motorcycle,14186,3120553843343,3120.553843343,right,not_visible,0.5,False,False,False,True,"neither hand tracking nor the segmentation proxy reports a hand; on a motorcycle this is an expected, non-erroneous situation",,,,,,,True,False,True,False,False,False,False,False,
motorcycle_5ab8604a14df,motorcycle,14187,3120620498248,3120.620498248,left,out_of_frame,0.75,False,False,False,True,hand tracking projects every landmark outside the RGB image: the hand is tracked by the device but not in the camera's field of view,False,False,False,True,False,,True,True,True,,,,,,
motorcycle_5ab8604a14df,motorcycle,14187,3120620498248,3120.620498248,right,not_visible,0.5,False,False,False,True,"neither hand tracking nor the segmentation proxy reports a hand; on a motorcycle this is an expected, non-erroneous situation",,,,,,,True,False,True,False,False,False,False,False,
motorcycle_5ab8604a14df,motorcycle,14188,3120687159707,3120.687159707,left,out_of_frame,0.75,False,False,False,True,hand tracking projects every landmark outside the RGB image: the hand is tracked by the device but not in the camera's field of view,False,False,False,True,False,,True,True,True,,,,,,
motorcycle_5ab8604a14df,motorcycle,14188,3120687159707,3120.687159707,right,not_visible,0.5,False,False,False,True,"neither hand tracking nor the segmentation proxy reports a hand; on a motorcycle this is an expected, non-erroneous situation",,,,,,,True,False,True,False,False,False,False,False,
motorcycle_5ab8604a14df,motorcycle,14189,3120753821113,3120.753821113,left,out_of_frame,0.75,False,False,False,True,hand tracking projects every landmark outside the RGB image: the hand is tracked by the device but not in the camera's field of view,False,False,False,True,False,,True,True,True,,,,,,
motorcycle_5ab8604a14df,motorcycle,14189,3120753821113,3120.753821113,right,not_visible,0.5,False,False,False,True,"neither hand tracking nor the segmentation proxy reports a hand; on a motorcycle this is an expected, non-erroneous situation",,,,,,,True,False,True,False,False,False,False,False,
motorcycle_5ab8604a14df,motorcycle,14190,3120820482572,3120.820482572,left,out_of_frame,0.75,False,False,False,True,hand tracking projects every landmark outside the RGB image: the hand is tracked by the device but not in the camera's field of view,False,False,False,True,False,,True,True,True,,,,,,
motorcycle_5ab8604a14df,motorcycle,14190,3120820482572,3120.820482572,right,not_visible,0.5,False,False,False,True,"neither hand tracking nor the segmentation proxy reports a hand; on a motorcycle this is an expected, non-erroneous situation",,,,,,,True,False,True,False,False,False,False,False,
motorcycle_5ab8604a14df,motorcycle,14191,3120887156633,3120.887156633,left,out_of_frame,0.75,False,False,False,True,hand tracking projects every landmark outside the RGB image: the hand is tracked by the device but not in the camera's field of view,False,False,False,True,False,,True,True,True,,,,,,
motorcycle_5ab8604a14df,motorcycle,14191,3120887156633,3120.887156633,right,not_visible,0.5,False,False,False,True,"neither hand tracking nor the segmentation proxy reports a hand; on a motorcycle this is an expected, non-erroneous situation",,,,,,,True,False,True,False,False,False,False,False,
motorcycle_5ab8604a14df,motorcycle,14192,3120953824697,3120.953824697,left,out_of_frame,0.75,False,False,False,True,hand tracking projects every landmark outside the RGB image: the hand is tracked by the device but not in the camera's field of view,False,False,False,True,False,,True,True,True,,,,,,
motorcycle_5ab8604a14df,motorcycle,14192,3120953824697,3120.953824697,right,not_visible,0.5,False,False,False,True,"neither hand tracking nor the segmentation proxy reports a hand; on a motorcycle this is an expected, non-erroneous situation",,,,,,,True,False,True,False,False,False,False,False,
motorcycle_5ab8604a14df,motorcycle,14193,3121020479654,3121.020479654,left,out_of_frame,0.75,False,False,False,True,hand tracking projects every landmark outside the RGB image: the hand is tracked by the device but not in the camera's field of view,False,False,False,True,False,,True,True,True,,,,,,
motorcycle_5ab8604a14df,motorcycle,14193,3121020479654,3121.020479654,right,not_visible,0.5,False,False,False,True,"neither hand tracking nor the segmentation proxy reports a hand; on a motorcycle this is an expected, non-erroneous situation",,,,,,,True,False,True,False,False,False,False,False,
motorcycle_5ab8604a14df,motorcycle,14194,3121087141061,3121.087141061,left,out_of_frame,0.75,False,False,False,True,hand tracking projects every landmark outside the RGB image: the hand is tracked by the device but not in the camera's field of view,False,False,False,True,False,,True,True,True,,,,,,
motorcycle_5ab8604a14df,motorcycle,14194,3121087141061,3121.087141061,right,not_visible,0.5,False,False,False,True,"neither hand tracking nor the segmentation proxy reports a hand; on a motorcycle this is an expected, non-erroneous situation",,,,,,,True,False,True,False,False,False,False,False,
motorcycle_5ab8604a14df,motorcycle,14195,3121153802518,3121.153802518,left,out_of_frame,0.75,False,False,False,True,hand tracking projects every landmark outside the RGB image: the hand is tracked by the device but not in the camera's field of view,False,False,False,True,False,,True,True,True,,,,,,
motorcycle_5ab8604a14df,motorcycle,14195,3121153802518,3121.153802518,right,not_visible,0.5,False,False,False,True,"neither hand tracking nor the segmentation proxy reports a hand; on a motorcycle this is an expected, non-erroneous situation",,,,,,,True,False,True,False,False,False,False,False,
motorcycle_5ab8604a14df,motorcycle,14196,3121220463926,3121.220463926,left,out_of_frame,0.75,False,False,False,True,hand tracking projects every landmark outside the RGB image: the hand is tracked by the device but not in the camera's field of view,False,False,False,True,False,,True,True,True,,,,,,
motorcycle_5ab8604a14df,motorcycle,14196,3121220463926,3121.220463926,right,not_visible,0.5,False,False,False,True,"neither hand tracking nor the segmentation proxy reports a hand; on a motorcycle this is an expected, non-erroneous situation",,,,,,,True,False,True,False,False,False,False,False,
motorcycle_5ab8604a14df,motorcycle,14197,3121287125383,3121.287125383,left,out_of_frame,0.75,False,False,False,True,hand tracking projects every landmark outside the RGB image: the hand is tracked by the device but not in the camera's field of view | a proxy mask exists while no landmark falls inside the image: candidate false mask,False,False,False,True,False,,True,True,True,,,,,,
motorcycle_5ab8604a14df,motorcycle,14197,3121287125383,3121.287125383,right,uncertain,0.4,False,False,False,True,the segmentation proxy proposes a hand region but the tracker reports nothing: either the tracker failed or the proxy is a false positive,,,,,,,True,False,True,False,False,False,False,False,
motorcycle_5ab8604a14df,motorcycle,14198,3121353786842,3121.353786842,left,out_of_frame,0.75,False,False,False,True,hand tracking projects every landmark outside the RGB image: the hand is tracked by the device but not in the camera's field of view,False,False,False,True,False,,True,True,True,,,,,,
motorcycle_5ab8604a14df,motorcycle,14198,3121353786842,3121.353786842,right,not_visible,0.5,False,False,False,True,"neither hand tracking nor the segmentation proxy reports a hand; on a motorcycle this is an expected, non-erroneous situation",,,,,,,True,False,True,False,False,False,False,False,
motorcycle_5ab8604a14df,motorcycle,14199,3121420460906,3121.420460906,left,out_of_frame,0.75,False,False,False,True,hand tracking projects every landmark outside the RGB image: the hand is tracked by the device but not in the camera's field of view,False,False,False,True,False,,True,True,True,,,,,,
motorcycle_5ab8604a14df,motorcycle,14199,3121420460906,3121.420460906,right,not_visible,0.5,False,False,False,True,"neither hand tracking nor the segmentation proxy reports a hand; on a motorcycle this is an expected, non-erroneous situation",,,,,,,True,False,True,False,False,False,False,False,
motorcycle_5ab8604a14df,motorcycle,14200,3121487128467,3121.487128467,left,out_of_frame,0.75,False,False,False,True,hand tracking projects every landmark outside the RGB image: the hand is tracked by the device but not in the camera's field of view,False,False,False,True,False,,True,True,True,,,,,,
motorcycle_5ab8604a14df,motorcycle,14200,3121487128467,3121.487128467,right,not_visible,0.5,False,False,False,True,"neither hand tracking nor the segmentation proxy reports a hand; on a motorcycle this is an expected, non-erroneous situation",,,,,,,True,False,True,False,False,False,False,False,
motorcycle_5ab8604a14df,motorcycle,14201,3121553796583,3121.553796583,left,out_of_frame,0.75,False,False,False,True,hand tracking projects every landmark outside the RGB image: the hand is tracked by the device but not in the camera's field of view,False,False,False,True,False,,True,True,True,,,,,,
motorcycle_5ab8604a14df,motorcycle,14201,3121553796583,3121.553796583,right,not_visible,0.5,False,False,False,True,"neither hand tracking nor the segmentation proxy reports a hand; on a motorcycle this is an expected, non-erroneous situation",,,,,,,True,False,True,False,False,False,False,False,
motorcycle_5ab8604a14df,motorcycle,14202,3121620451488,3121.620451488,left,out_of_frame,0.75,False,False,False,True,hand tracking projects every landmark outside the RGB image: the hand is tracked by the device but not in the camera's field of view,False,False,False,True,False,,True,True,True,,,,,,
motorcycle_5ab8604a14df,motorcycle,14202,3121620451488,3121.620451488,right,not_visible,0.5,False,False,False,True,"neither hand tracking nor the segmentation proxy reports a hand; on a motorcycle this is an expected, non-erroneous situation",,,,,,,True,False,True,False,False,False,False,False,
motorcycle_5ab8604a14df,motorcycle,14203,3121687112947,3121.687112947,left,out_of_frame,0.75,False,False,False,True,hand tracking projects every landmark outside the RGB image: the hand is tracked by the device but not in the camera's field of view,False,False,False,True,False,,True,True,True,,,,,,
motorcycle_5ab8604a14df,motorcycle,14203,3121687112947,3121.687112947,right,not_visible,0.5,False,False,False,True,"neither hand tracking nor the segmentation proxy reports a hand; on a motorcycle this is an expected, non-erroneous situation",,,,,,,True,False,True,False,False,False,False,False,
motorcycle_5ab8604a14df,motorcycle,14204,3121753774352,3121.753774352,left,out_of_frame,0.75,False,False,False,True,hand tracking projects every landmark outside the RGB image: the hand is tracked by the device but not in the camera's field of view | a proxy mask exists while no landmark falls inside the image: candidate false mask,False,False,False,True,False,,True,True,True,,,,,,
motorcycle_5ab8604a14df,motorcycle,14204,3121753774352,3121.753774352,right,uncertain,0.4,False,False,False,True,the segmentation proxy proposes a hand region but the tracker reports nothing: either the tracker failed or the proxy is a false positive,,,,,,,True,False,True,False,False,False,False,False,
motorcycle_5ab8604a14df,motorcycle,14205,3121820435811,3121.820435811,left,out_of_frame,0.75,False,False,False,True,hand tracking projects every landmark outside the RGB image: the hand is tracked by the device but not in the camera's field of view,False,False,False,True,False,,True,True,True,,,,,,
motorcycle_5ab8604a14df,motorcycle,14205,3121820435811,3121.820435811,right,not_visible,0.5,False,False,False,True,"neither hand tracking nor the segmentation proxy reports a hand; on a motorcycle this is an expected, non-erroneous situation",,,,,,,True,False,True,False,False,False,False,False,
motorcycle_5ab8604a14df,motorcycle,14206,3121887097217,3121.887097217,left,out_of_frame,0.75,False,False,False,True,hand tracking projects every landmark outside the RGB image: the hand is tracked by the device but not in the camera's field of view | a proxy mask exists while no landmark falls inside the image: candidate false mask,False,False,False,True,False,,True,True,True,,,,,,
motorcycle_5ab8604a14df,motorcycle,14206,3121887097217,3121.887097217,right,uncertain,0.4,False,False,False,True,the segmentation proxy proposes a hand region but the tracker reports nothing: either the tracker failed or the proxy is a false positive,,,,,,,True,False,True,False,False,False,False,False,
motorcycle_5ab8604a14df,motorcycle,14207,3121953758676,3121.953758676,left,out_of_frame,0.75,False,False,False,True,hand tracking projects every landmark outside the RGB image: the hand is tracked by the device but not in the camera's field of view | a proxy mask exists while no landmark falls inside the image: candidate false mask,False,False,False,True,False,,True,True,True,,,,,,
motorcycle_5ab8604a14df,motorcycle,14207,3121953758676,3121.953758676,right,uncertain,0.4,False,False,False,True,the segmentation proxy proposes a hand region but the tracker reports nothing: either the tracker failed or the proxy is a false positive,,,,,,,True,False,True,False,False,False,False,False,
motorcycle_5ab8604a14df,motorcycle,14208,3122020420081,3122.020420081,left,out_of_frame,0.75,False,False,False,True,hand tracking projects every landmark outside the RGB image: the hand is tracked by the device but not in the camera's field of view,False,False,False,True,False,,True,True,True,,,,,,
motorcycle_5ab8604a14df,motorcycle,14208,3122020420081,3122.020420081,right,not_visible,0.5,False,False,False,True,"neither hand tracking nor the segmentation proxy reports a hand; on a motorcycle this is an expected, non-erroneous situation",,,,,,,True,False,True,False,False,False,False,False,
motorcycle_5ab8604a14df,motorcycle,14209,3122087081540,3122.08708154,left,out_of_frame,0.75,False,False,False,True,hand tracking projects every landmark outside the RGB image: the hand is tracked by the device but not in the camera's field of view,False,False,False,True,False,,True,True,True,,,,,,
motorcycle_5ab8604a14df,motorcycle,14209,3122087081540,3122.08708154,right,not_visible,0.5,False,False,False,True,"neither hand tracking nor the segmentation proxy reports a hand; on a motorcycle this is an expected, non-erroneous situation",,,,,,,True,False,True,False,False,False,False,False,
motorcycle_5ab8604a14df,motorcycle,14210,3122153742946,3122.153742946,left,out_of_frame,0.75,False,False,False,True,hand tracking projects every landmark outside the RGB image: the hand is tracked by the device but not in the camera's field of view,False,False,False,True,False,,True,True,True,,,,,,
motorcycle_5ab8604a14df,motorcycle,14210,3122153742946,3122.153742946,right,not_visible,0.5,False,False,False,True,"neither hand tracking nor the segmentation proxy reports a hand; on a motorcycle this is an expected, non-erroneous situation",,,,,,,True,False,True,False,False,False,False,False,
motorcycle_5ab8604a14df,motorcycle,14211,3122220404405,3122.220404405,left,out_of_frame,0.75,False,False,False,True,hand tracking projects every landmark outside the RGB image: the hand is tracked by the device but not in the camera's field of view,False,False,False,True,False,,True,True,True,,,,,,
motorcycle_5ab8604a14df,motorcycle,14211,3122220404405,3122.220404405,right,not_visible,0.5,False,False,False,True,"neither hand tracking nor the segmentation proxy reports a hand; on a motorcycle this is an expected, non-erroneous situation",,,,,,,True,False,True,False,False,False,False,False,
motorcycle_5ab8604a14df,motorcycle,14212,3122287065810,3122.28706581,left,out_of_frame,0.75,False,False,False,True,hand tracking projects every landmark outside the RGB image: the hand is tracked by the device but not in the camera's field of view,False,False,False,True,False,,True,True,True,,,,,,
motorcycle_5ab8604a14df,motorcycle,14212,3122287065810,3122.28706581,right,not_visible,0.5,False,False,False,True,"neither hand tracking nor the segmentation proxy reports a hand; on a motorcycle this is an expected, non-erroneous situation",,,,,,,True,False,True,False,False,False,False,False,
motorcycle_5ab8604a14df,motorcycle,14213,3122353727270,3122.35372727,left,out_of_frame,0.75,False,False,False,True,hand tracking projects every landmark outside the RGB image: the hand is tracked by the device but not in the camera's field of view,False,False,False,True,False,,True,True,True,,,,,,
motorcycle_5ab8604a14df,motorcycle,14213,3122353727270,3122.35372727,right,not_visible,0.5,False,False,False,True,"neither hand tracking nor the segmentation proxy reports a hand; on a motorcycle this is an expected, non-erroneous situation",,,,,,,True,False,True,False,False,False,False,False,
motorcycle_5ab8604a14df,motorcycle,14214,3122420376019,3122.420376019,left,out_of_frame,0.75,False,False,False,True,hand tracking projects every landmark outside the RGB image: the hand is tracked by the device but not in the camera's field of view,False,False,False,True,False,,True,True,True,,,,,,
motorcycle_5ab8604a14df,motorcycle,14214,3122420376019,3122.420376019,right,not_visible,0.5,False,False,False,True,"neither hand tracking nor the segmentation proxy reports a hand; on a motorcycle this is an expected, non-erroneous situation",,,,,,,True,False,True,False,False,False,False,False,
motorcycle_5ab8604a14df,motorcycle,14215,3122487031321,3122.487031321,left,not_visible,0.5,False,False,False,True,"neither hand tracking nor the segmentation proxy reports a hand; on a motorcycle this is an expected, non-erroneous situation",False,False,False,False,False,,True,False,True,,,,,,
motorcycle_5ab8604a14df,motorcycle,14215,3122487031321,3122.487031321,right,not_visible,0.5,False,False,False,True,"neither hand tracking nor the segmentation proxy reports a hand; on a motorcycle this is an expected, non-erroneous situation",,,,,,,True,False,True,False,False,False,False,False,
motorcycle_5ab8604a14df,motorcycle,14216,3122553686123,3122.553686123,left,not_visible,0.5,False,False,False,True,"neither hand tracking nor the segmentation proxy reports a hand; on a motorcycle this is an expected, non-erroneous situation",False,False,False,False,False,,True,False,True,,,,,,
motorcycle_5ab8604a14df,motorcycle,14216,3122553686123,3122.553686123,right,not_visible,0.5,False,False,False,True,"neither hand tracking nor the segmentation proxy reports a hand; on a motorcycle this is an expected, non-erroneous situation",,,,,,,True,False,True,False,False,False,False,False,
motorcycle_5ab8604a14df,motorcycle,14217,3122620354030,3122.62035403,left,not_visible,0.5,False,False,False,True,"neither hand tracking nor the segmentation proxy reports a hand; on a motorcycle this is an expected, non-erroneous situation",False,False,False,False,False,,True,False,True,,,,,,
motorcycle_5ab8604a14df,motorcycle,14217,3122620354030,3122.62035403,right,not_visible,0.5,False,False,False,True,"neither hand tracking nor the segmentation proxy reports a hand; on a motorcycle this is an expected, non-erroneous situation",,,,,,,True,False,True,False,False,False,False,False,
motorcycle_5ab8604a14df,motorcycle,14218,3122687015487,3122.687015487,left,not_visible,0.5,False,False,False,True,"neither hand tracking nor the segmentation proxy reports a hand; on a motorcycle this is an expected, non-erroneous situation",False,False,False,False,False,,True,False,True,,,,,,
motorcycle_5ab8604a14df,motorcycle,14218,3122687015487,3122.687015487,right,not_visible,0.5,False,False,False,True,"neither hand tracking nor the segmentation proxy reports a hand; on a motorcycle this is an expected, non-erroneous situation",,,,,,,True,False,True,False,False,False,False,False,
motorcycle_5ab8604a14df,motorcycle,14219,3122753676946,3122.753676946,left,not_visible,0.5,False,False,False,True,"neither hand tracking nor the segmentation proxy reports a hand; on a motorcycle this is an expected, non-erroneous situation",False,False,False,False,False,,True,False,True,,,,,,
motorcycle_5ab8604a14df,motorcycle,14219,3122753676946,3122.753676946,right,not_visible,0.5,False,False,False,True,"neither hand tracking nor the segmentation proxy reports a hand; on a motorcycle this is an expected, non-erroneous situation",,,,,,,True,False,True,False,False,False,False,False,
motorcycle_5ab8604a14df,motorcycle,14220,3122820338354,3122.820338354,left,not_visible,0.5,False,False,False,True,"neither hand tracking nor the segmentation proxy reports a hand; on a motorcycle this is an expected, non-erroneous situation",False,False,False,False,False,,True,False,True,,,,,,
motorcycle_5ab8604a14df,motorcycle,14220,3122820338354,3122.820338354,right,not_visible,0.5,False,False,False,True,"neither hand tracking nor the segmentation proxy reports a hand; on a motorcycle this is an expected, non-erroneous situation",,,,,,,True,False,True,False,False,False,False,False,
motorcycle_5ab8604a14df,motorcycle,14221,3122886999811,3122.886999811,left,not_visible,0.5,False,False,False,True,"neither hand tracking nor the segmentation proxy reports a hand; on a motorcycle this is an expected, non-erroneous situation",False,False,False,False,False,,True,False,True,,,,,,
motorcycle_5ab8604a14df,motorcycle,14221,3122886999811,3122.886999811,right,not_visible,0.5,False,False,False,True,"neither hand tracking nor the segmentation proxy reports a hand; on a motorcycle this is an expected, non-erroneous situation",,,,,,,True,False,True,False,False,False,False,False,
motorcycle_5ab8604a14df,motorcycle,14222,3122953661218,3122.953661218,left,not_visible,0.5,False,False,False,True,"neither hand tracking nor the segmentation proxy reports a hand; on a motorcycle this is an expected, non-erroneous situation",False,False,False,False,False,,True,False,True,,,,,,
motorcycle_5ab8604a14df,motorcycle,14222,3122953661218,3122.953661218,right,not_visible,0.5,False,False,False,True,"neither hand tracking nor the segmentation proxy reports a hand; on a motorcycle this is an expected, non-erroneous situation",,,,,,,True,False,True,False,False,False,False,False,
motorcycle_5ab8604a14df,motorcycle,14223,3123020322675,3123.020322675,left,not_visible,0.5,False,False,False,True,"neither hand tracking nor the segmentation proxy reports a hand; on a motorcycle this is an expected, non-erroneous situation",False,False,False,False,False,,True,False,True,,,,,,
motorcycle_5ab8604a14df,motorcycle,14223,3123020322675,3123.020322675,right,not_visible,0.5,False,False,False,True,"neither hand tracking nor the segmentation proxy reports a hand; on a motorcycle this is an expected, non-erroneous situation",,,,,,,True,False,True,False,False,False,False,False,
motorcycle_5ab8604a14df,motorcycle,14224,3123086996739,3123.086996739,left,uncertain,0.4,False,False,False,True,the segmentation proxy proposes a hand region but the tracker reports nothing: either the tracker failed or the proxy is a false positive,False,False,False,False,False,,True,False,True,,,,,,
motorcycle_5ab8604a14df,motorcycle,14224,3123086996739,3123.086996739,right,uncertain,0.4,False,False,False,True,the segmentation proxy proposes a hand region but the tracker reports nothing: either the tracker failed or the proxy is a false positive,,,,,,,True,False,True,False,False,False,False,False,
motorcycle_5ab8604a14df,motorcycle,14225,3123153676956,3123.153676956,left,not_visible,0.5,False,False,False,True,"neither hand tracking nor the segmentation proxy reports a hand; on a motorcycle this is an expected, non-erroneous situation",False,False,False,False,False,,True,False,True,,,,,,
motorcycle_5ab8604a14df,motorcycle,14225,3123153676956,3123.153676956,right,not_visible,0.5,False,False,False,True,"neither hand tracking nor the segmentation proxy reports a hand; on a motorcycle this is an expected, non-erroneous situation",,,,,,,True,False,True,False,False,False,False,False,
motorcycle_5ab8604a14df,motorcycle,14226,3123220338520,3123.22033852,left,not_visible,0.5,False,False,False,True,"neither hand tracking nor the segmentation proxy reports a hand; on a motorcycle this is an expected, non-erroneous situation",False,False,False,False,False,,True,False,True,,,,,,
motorcycle_5ab8604a14df,motorcycle,14226,3123220338520,3123.22033852,right,not_visible,0.5,False,False,False,True,"neither hand tracking nor the segmentation proxy reports a hand; on a motorcycle this is an expected, non-erroneous situation",,,,,,,True,False,True,False,False,False,False,False,
motorcycle_5ab8604a14df,motorcycle,14227,3123286993477,3123.286993477,left,not_visible,0.5,False,False,False,True,"neither hand tracking nor the segmentation proxy reports a hand; on a motorcycle this is an expected, non-erroneous situation",False,False,False,False,False,,True,False,True,,,,,,
motorcycle_5ab8604a14df,motorcycle,14227,3123286993477,3123.286993477,right,not_visible,0.5,False,False,False,True,"neither hand tracking nor the segmentation proxy reports a hand; on a motorcycle this is an expected, non-erroneous situation",,,,,,,True,False,True,False,False,False,False,False,
motorcycle_5ab8604a14df,motorcycle,14228,3123353654884,3123.353654884,left,not_visible,0.5,False,False,False,True,"neither hand tracking nor the segmentation proxy reports a hand; on a motorcycle this is an expected, non-erroneous situation",False,False,False,False,False,,True,False,True,,,,,,
motorcycle_5ab8604a14df,motorcycle,14228,3123353654884,3123.353654884,right,not_visible,0.5,False,False,False,True,"neither hand tracking nor the segmentation proxy reports a hand; on a motorcycle this is an expected, non-erroneous situation",,,,,,,True,False,True,False,False,False,False,False,
motorcycle_5ab8604a14df,motorcycle,14229,3123420316342,3123.420316342,left,not_visible,0.5,False,False,False,True,"neither hand tracking nor the segmentation proxy reports a hand; on a motorcycle this is an expected, non-erroneous situation",False,False,False,False,False,,True,False,True,,,,,,
motorcycle_5ab8604a14df,motorcycle,14229,3123420316342,3123.420316342,right,not_visible,0.5,False,False,False,True,"neither hand tracking nor the segmentation proxy reports a hand; on a motorcycle this is an expected, non-erroneous situation",,,,,,,True,False,True,False,False,False,False,False,
motorcycle_5ab8604a14df,motorcycle,14230,3123486990405,3123.486990405,left,uncertain,0.4,False,False,False,True,the segmentation proxy proposes a hand region but the tracker reports nothing: either the tracker failed or the proxy is a false positive,False,False,False,False,False,,True,False,True,,,,,,
motorcycle_5ab8604a14df,motorcycle,14230,3123486990405,3123.486990405,right,uncertain,0.4,False,False,False,True,the segmentation proxy proposes a hand region but the tracker reports nothing: either the tracker failed or the proxy is a false positive,,,,,,,True,False,True,False,False,False,False,False,
motorcycle_5ab8604a14df,motorcycle,14231,3123553658519,3123.553658519,left,not_visible,0.5,False,False,False,True,"neither hand tracking nor the segmentation proxy reports a hand; on a motorcycle this is an expected, non-erroneous situation",False,False,False,False,False,,True,False,True,,,,,,
motorcycle_5ab8604a14df,motorcycle,14231,3123553658519,3123.553658519,right,not_visible,0.5,False,False,False,True,"neither hand tracking nor the segmentation proxy reports a hand; on a motorcycle this is an expected, non-erroneous situation",,,,,,,True,False,True,False,False,False,False,False,
motorcycle_5ab8604a14df,motorcycle,14232,3123620326082,3123.620326082,left,not_visible,0.5,False,False,False,True,"neither hand tracking nor the segmentation proxy reports a hand; on a motorcycle this is an expected, non-erroneous situation",False,False,False,False,False,,True,False,True,,,,,,
motorcycle_5ab8604a14df,motorcycle,14232,3123620326082,3123.620326082,right,not_visible,0.5,False,False,False,True,"neither hand tracking nor the segmentation proxy reports a hand; on a motorcycle this is an expected, non-erroneous situation",,,,,,,True,False,True,False,False,False,False,False,
motorcycle_5ab8604a14df,motorcycle,14233,3123686980987,3123.686980987,left,not_visible,0.5,False,False,False,True,"neither hand tracking nor the segmentation proxy reports a hand; on a motorcycle this is an expected, non-erroneous situation",False,False,False,False,False,,True,False,True,,,,,,
motorcycle_5ab8604a14df,motorcycle,14233,3123686980987,3123.686980987,right,not_visible,0.5,False,False,False,True,"neither hand tracking nor the segmentation proxy reports a hand; on a motorcycle this is an expected, non-erroneous situation",,,,,,,True,False,True,False,False,False,False,False,
motorcycle_5ab8604a14df,motorcycle,14234,3123753642446,3123.753642446,left,not_visible,0.5,False,False,False,True,"neither hand tracking nor the segmentation proxy reports a hand; on a motorcycle this is an expected, non-erroneous situation",False,False,False,False,False,,True,False,True,,,,,,
motorcycle_5ab8604a14df,motorcycle,14234,3123753642446,3123.753642446,right,not_visible,0.5,False,False,False,True,"neither hand tracking nor the segmentation proxy reports a hand; on a motorcycle this is an expected, non-erroneous situation",,,,,,,True,False,True,False,False,False,False,False,
motorcycle_5ab8604a14df,motorcycle,14235,3123820303854,3123.820303854,left,not_visible,0.5,False,False,False,True,"neither hand tracking nor the segmentation proxy reports a hand; on a motorcycle this is an expected, non-erroneous situation",False,False,False,False,False,,True,False,True,,,,,,
motorcycle_5ab8604a14df,motorcycle,14235,3123820303854,3123.820303854,right,not_visible,0.5,False,False,False,True,"neither hand tracking nor the segmentation proxy reports a hand; on a motorcycle this is an expected, non-erroneous situation",,,,,,,True,False,True,False,False,False,False,False,
motorcycle_5ab8604a14df,motorcycle,14236,3123886977967,3123.886977967,left,not_visible,0.5,False,False,False,True,"neither hand tracking nor the segmentation proxy reports a hand; on a motorcycle this is an expected, non-erroneous situation",False,False,False,False,False,,True,False,True,,,,,,
motorcycle_5ab8604a14df,motorcycle,14236,3123886977967,3123.886977967,right,not_visible,0.5,False,False,False,True,"neither hand tracking nor the segmentation proxy reports a hand; on a motorcycle this is an expected, non-erroneous situation",,,,,,,True,False,True,False,False,False,False,False,
motorcycle_5ab8604a14df,motorcycle,14237,3123953646031,3123.953646031,left,not_visible,0.5,False,False,False,True,"neither hand tracking nor the segmentation proxy reports a hand; on a motorcycle this is an expected, non-erroneous situation",False,False,False,False,False,,True,False,True,,,,,,
motorcycle_5ab8604a14df,motorcycle,14237,3123953646031,3123.953646031,right,not_visible,0.5,False,False,False,True,"neither hand tracking nor the segmentation proxy reports a hand; on a motorcycle this is an expected, non-erroneous situation",,,,,,,True,False,True,False,False,False,False,False,
motorcycle_5ab8604a14df,motorcycle,14238,3124020313592,3124.020313592,left,uncertain,0.4,False,False,False,True,the segmentation proxy proposes a hand region but the tracker reports nothing: either the tracker failed or the proxy is a false positive,False,False,False,False,False,,True,False,True,,,,,,
motorcycle_5ab8604a14df,motorcycle,14238,3124020313592,3124.020313592,right,uncertain,0.4,False,False,False,True,the segmentation proxy proposes a hand region but the tracker reports nothing: either the tracker failed or the proxy is a false positive,,,,,,,True,False,True,False,False,False,False,False,
motorcycle_5ab8604a14df,motorcycle,14239,3124086969051,3124.086969051,left,uncertain,0.4,False,False,False,True,the segmentation proxy proposes a hand region but the tracker reports nothing: either the tracker failed or the proxy is a false positive,False,False,False,False,False,,True,False,True,,,,,,
motorcycle_5ab8604a14df,motorcycle,14239,3124086969051,3124.086969051,right,uncertain,0.4,False,False,False,True,the segmentation proxy proposes a hand region but the tracker reports nothing: either the tracker failed or the proxy is a false positive,,,,,,,True,False,True,False,False,False,False,False,
motorcycle_5ab8604a14df,motorcycle,14240,3124153630456,3124.153630456,left,not_visible,0.5,False,False,False,True,"neither hand tracking nor the segmentation proxy reports a hand; on a motorcycle this is an expected, non-erroneous situation",False,False,False,False,False,,True,False,True,,,,,,
motorcycle_5ab8604a14df,motorcycle,14240,3124153630456,3124.153630456,right,not_visible,0.5,False,False,False,True,"neither hand tracking nor the segmentation proxy reports a hand; on a motorcycle this is an expected, non-erroneous situation",,,,,,,True,False,True,False,False,False,False,False,
motorcycle_5ab8604a14df,motorcycle,14241,3124220291916,3124.220291916,left,not_visible,0.5,False,False,False,True,"neither hand tracking nor the segmentation proxy reports a hand; on a motorcycle this is an expected, non-erroneous situation",False,False,False,False,False,,True,False,True,,,,,,
motorcycle_5ab8604a14df,motorcycle,14241,3124220291916,3124.220291916,right,not_visible,0.5,False,False,False,True,"neither hand tracking nor the segmentation proxy reports a hand; on a motorcycle this is an expected, non-erroneous situation",,,,,,,True,False,True,False,False,False,False,False,
motorcycle_5ab8604a14df,motorcycle,14242,3124286953373,3124.286953373,left,not_visible,0.5,False,False,False,True,"neither hand tracking nor the segmentation proxy reports a hand; on a motorcycle this is an expected, non-erroneous situation",False,False,False,False,False,,True,False,True,,,,,,
motorcycle_5ab8604a14df,motorcycle,14242,3124286953373,3124.286953373,right,not_visible,0.5,False,False,False,True,"neither hand tracking nor the segmentation proxy reports a hand; on a motorcycle this is an expected, non-erroneous situation",,,,,,,True,False,True,False,False,False,False,False,
motorcycle_5ab8604a14df,motorcycle,14243,3124353614780,3124.35361478,left,not_visible,0.5,False,False,False,True,"neither hand tracking nor the segmentation proxy reports a hand; on a motorcycle this is an expected, non-erroneous situation",False,False,False,False,False,,True,False,True,,,,,,
motorcycle_5ab8604a14df,motorcycle,14243,3124353614780,3124.35361478,right,not_visible,0.5,False,False,False,True,"neither hand tracking nor the segmentation proxy reports a hand; on a motorcycle this is an expected, non-erroneous situation",,,,,,,True,False,True,False,False,False,False,False,
motorcycle_5ab8604a14df,motorcycle,14244,3124420276237,3124.420276237,left,not_visible,0.5,False,False,False,True,"neither hand tracking nor the segmentation proxy reports a hand; on a motorcycle this is an expected, non-erroneous situation",False,False,False,False,False,,True,False,True,,,,,,
motorcycle_5ab8604a14df,motorcycle,14244,3124420276237,3124.420276237,right,not_visible,0.5,False,False,False,True,"neither hand tracking nor the segmentation proxy reports a hand; on a motorcycle this is an expected, non-erroneous situation",,,,,,,True,False,True,False,False,False,False,False,
motorcycle_5ab8604a14df,motorcycle,14245,3124486937645,3124.486937645,left,not_visible,0.5,False,False,False,True,"neither hand tracking nor the segmentation proxy reports a hand; on a motorcycle this is an expected, non-erroneous situation",False,False,False,False,False,,True,False,True,,,,,,
motorcycle_5ab8604a14df,motorcycle,14245,3124486937645,3124.486937645,right,not_visible,0.5,False,False,False,True,"neither hand tracking nor the segmentation proxy reports a hand; on a motorcycle this is an expected, non-erroneous situation",,,,,,,True,False,True,False,False,False,False,False,
motorcycle_5ab8604a14df,motorcycle,14246,3124553599102,3124.553599102,left,not_visible,0.5,False,False,False,True,"neither hand tracking nor the segmentation proxy reports a hand; on a motorcycle this is an expected, non-erroneous situation",False,False,False,False,False,,True,False,True,,,,,,
motorcycle_5ab8604a14df,motorcycle,14246,3124553599102,3124.553599102,right,not_visible,0.5,False,False,False,True,"neither hand tracking nor the segmentation proxy reports a hand; on a motorcycle this is an expected, non-erroneous situation",,,,,,,True,False,True,False,False,False,False,False,
motorcycle_5ab8604a14df,motorcycle,14247,3124620273165,3124.620273165,left,not_visible,0.5,False,False,False,True,"neither hand tracking nor the segmentation proxy reports a hand; on a motorcycle this is an expected, non-erroneous situation",False,False,False,False,False,,True,False,True,,,,,,
motorcycle_5ab8604a14df,motorcycle,14247,3124620273165,3124.620273165,right,not_visible,0.5,False,False,False,True,"neither hand tracking nor the segmentation proxy reports a hand; on a motorcycle this is an expected, non-erroneous situation",,,,,,,True,False,True,False,False,False,False,False,
motorcycle_5ab8604a14df,motorcycle,14248,3124686940727,3124.686940727,left,not_visible,0.5,False,False,False,True,"neither hand tracking nor the segmentation proxy reports a hand; on a motorcycle this is an expected, non-erroneous situation",False,False,False,False,False,,True,False,True,,,,,,
motorcycle_5ab8604a14df,motorcycle,14248,3124686940727,3124.686940727,right,not_visible,0.5,False,False,False,True,"neither hand tracking nor the segmentation proxy reports a hand; on a motorcycle this is an expected, non-erroneous situation",,,,,,,True,False,True,False,False,False,False,False,
motorcycle_5ab8604a14df,motorcycle,14249,3124753608290,3124.75360829,left,uncertain,0.4,False,False,False,True,the segmentation proxy proposes a hand region but the tracker reports nothing: either the tracker failed or the proxy is a false positive,False,False,False,False,False,,True,False,True,,,,,,
motorcycle_5ab8604a14df,motorcycle,14249,3124753608290,3124.75360829,right,uncertain,0.4,False,False,False,True,the segmentation proxy proposes a hand region but the tracker reports nothing: either the tracker failed or the proxy is a false positive,,,,,,,True,False,True,False,False,False,False,False,
motorcycle_5ab8604a14df,motorcycle,14250,3124820276406,3124.820276406,left,uncertain,0.4,False,False,False,True,the segmentation proxy proposes a hand region but the tracker reports nothing: either the tracker failed or the proxy is a false positive,False,False,False,False,False,,True,False,True,,,,,,
motorcycle_5ab8604a14df,motorcycle,14250,3124820276406,3124.820276406,right,uncertain,0.4,False,False,False,True,the segmentation proxy proposes a hand region but the tracker reports nothing: either the tracker failed or the proxy is a false positive,,,,,,,True,False,True,False,False,False,False,False,
motorcycle_5ab8604a14df,motorcycle,14251,3124886943967,3124.886943967,left,not_visible,0.5,False,False,False,True,"neither hand tracking nor the segmentation proxy reports a hand; on a motorcycle this is an expected, non-erroneous situation",False,False,False,False,False,,True,False,True,,,,,,
motorcycle_5ab8604a14df,motorcycle,14251,3124886943967,3124.886943967,right,not_visible,0.5,False,False,False,True,"neither hand tracking nor the segmentation proxy reports a hand; on a motorcycle this is an expected, non-erroneous situation",,,,,,,True,False,True,False,False,False,False,False,
motorcycle_5ab8604a14df,motorcycle,14252,3124953611530,3124.95361153,left,not_visible,0.5,False,False,False,True,"neither hand tracking nor the segmentation proxy reports a hand; on a motorcycle this is an expected, non-erroneous situation",False,False,False,False,False,,True,False,True,,,,,,
motorcycle_5ab8604a14df,motorcycle,14252,3124953611530,3124.95361153,right,not_visible,0.5,False,False,False,True,"neither hand tracking nor the segmentation proxy reports a hand; on a motorcycle this is an expected, non-erroneous situation",,,,,,,True,False,True,False,False,False,False,False,
motorcycle_5ab8604a14df,motorcycle,14253,3125020279644,3125.020279644,left,not_visible,0.5,False,False,False,True,"neither hand tracking nor the segmentation proxy reports a hand; on a motorcycle this is an expected, non-erroneous situation",False,False,False,False,False,,True,False,True,,,,,,
motorcycle_5ab8604a14df,motorcycle,14253,3125020279644,3125.020279644,right,not_visible,0.5,False,False,False,True,"neither hand tracking nor the segmentation proxy reports a hand; on a motorcycle this is an expected, non-erroneous situation",,,,,,,True,False,True,False,False,False,False,False,
motorcycle_5ab8604a14df,motorcycle,14254,3125086947207,3125.086947207,left,not_visible,0.5,False,False,False,True,"neither hand tracking nor the segmentation proxy reports a hand; on a motorcycle this is an expected, non-erroneous situation",False,False,False,False,False,,True,False,True,,,,,,
motorcycle_5ab8604a14df,motorcycle,14254,3125086947207,3125.086947207,right,not_visible,0.5,False,False,False,True,"neither hand tracking nor the segmentation proxy reports a hand; on a motorcycle this is an expected, non-erroneous situation",,,,,,,True,False,True,False,False,False,False,False,
motorcycle_5ab8604a14df,motorcycle,14255,3125153614769,3125.153614769,left,uncertain,0.4,False,False,False,True,the segmentation proxy proposes a hand region but the tracker reports nothing: either the tracker failed or the proxy is a false positive,False,False,False,False,False,,True,False,True,,,,,,
motorcycle_5ab8604a14df,motorcycle,14255,3125153614769,3125.153614769,right,uncertain,0.4,False,False,False,True,the segmentation proxy proposes a hand region but the tracker reports nothing: either the tracker failed or the proxy is a false positive,,,,,,,True,False,True,False,False,False,False,False,
motorcycle_5ab8604a14df,motorcycle,14256,3125220282832,3125.220282832,left,not_visible,0.5,False,False,False,True,"neither hand tracking nor the segmentation proxy reports a hand; on a motorcycle this is an expected, non-erroneous situation",False,False,False,False,False,,True,False,True,,,,,,
motorcycle_5ab8604a14df,motorcycle,14256,3125220282832,3125.220282832,right,not_visible,0.5,False,False,False,True,"neither hand tracking nor the segmentation proxy reports a hand; on a motorcycle this is an expected, non-erroneous situation",,,,,,,True,False,True,False,False,False,False,False,
motorcycle_5ab8604a14df,motorcycle,14257,3125286950446,3125.286950446,left,not_visible,0.5,False,False,False,True,"neither hand tracking nor the segmentation proxy reports a hand; on a motorcycle this is an expected, non-erroneous situation",False,False,False,False,False,,True,False,True,,,,,,
motorcycle_5ab8604a14df,motorcycle,14257,3125286950446,3125.286950446,right,not_visible,0.5,False,False,False,True,"neither hand tracking nor the segmentation proxy reports a hand; on a motorcycle this is an expected, non-erroneous situation",,,,,,,True,False,True,False,False,False,False,False,
motorcycle_5ab8604a14df,motorcycle,14258,3125353618009,3125.353618009,left,not_visible,0.5,False,False,False,True,"neither hand tracking nor the segmentation proxy reports a hand; on a motorcycle this is an expected, non-erroneous situation",False,False,False,False,False,,True,False,True,,,,,,
motorcycle_5ab8604a14df,motorcycle,14258,3125353618009,3125.353618009,right,not_visible,0.5,False,False,False,True,"neither hand tracking nor the segmentation proxy reports a hand; on a motorcycle this is an expected, non-erroneous situation",,,,,,,True,False,True,False,False,False,False,False,
motorcycle_5ab8604a14df,motorcycle,14259,3125420273466,3125.420273466,left,not_visible,0.5,False,False,False,True,"neither hand tracking nor the segmentation proxy reports a hand; on a motorcycle this is an expected, non-erroneous situation",False,False,False,False,False,,True,False,True,,,,,,
motorcycle_5ab8604a14df,motorcycle,14259,3125420273466,3125.420273466,right,not_visible,0.5,False,False,False,True,"neither hand tracking nor the segmentation proxy reports a hand; on a motorcycle this is an expected, non-erroneous situation",,,,,,,True,False,True,False,False,False,False,False,
motorcycle_5ab8604a14df,motorcycle,14260,3125486922217,3125.486922217,left,uncertain,0.4,False,False,False,True,the segmentation proxy proposes a hand region but the tracker reports nothing: either the tracker failed or the proxy is a false positive,False,False,False,False,False,,True,False,True,,,,,,
motorcycle_5ab8604a14df,motorcycle,14260,3125486922217,3125.486922217,right,uncertain,0.4,False,False,False,True,the segmentation proxy proposes a hand region but the tracker reports nothing: either the tracker failed or the proxy is a false positive,,,,,,,True,False,True,False,False,False,False,False,
motorcycle_5ab8604a14df,motorcycle,14261,3125553577018,3125.553577018,left,uncertain,0.4,False,False,False,True,the segmentation proxy proposes a hand region but the tracker reports nothing: either the tracker failed or the proxy is a false positive,False,False,False,False,False,,True,False,True,,,,,,
motorcycle_5ab8604a14df,motorcycle,14261,3125553577018,3125.553577018,right,uncertain,0.4,False,False,False,True,the segmentation proxy proposes a hand region but the tracker reports nothing: either the tracker failed or the proxy is a false positive,,,,,,,True,False,True,False,False,False,False,False,
motorcycle_5ab8604a14df,motorcycle,14262,3125620232321,3125.620232321,left,uncertain,0.4,False,False,False,True,the segmentation proxy proposes a hand region but the tracker reports nothing: either the tracker failed or the proxy is a false positive,False,False,False,False,False,,True,False,True,,,,,,
motorcycle_5ab8604a14df,motorcycle,14262,3125620232321,3125.620232321,right,uncertain,0.4,False,False,False,True,the segmentation proxy proposes a hand region but the tracker reports nothing: either the tracker failed or the proxy is a false positive,,,,,,,True,False,True,False,False,False,False,False,
motorcycle_5ab8604a14df,motorcycle,14263,3125686874966,3125.686874966,left,uncertain,0.4,False,False,False,True,the segmentation proxy proposes a hand region but the tracker reports nothing: either the tracker failed or the proxy is a false positive,False,False,False,False,False,,True,False,True,,,,,,
motorcycle_5ab8604a14df,motorcycle,14263,3125686874966,3125.686874966,right,uncertain,0.4,False,False,False,True,the segmentation proxy proposes a hand region but the tracker reports nothing: either the tracker failed or the proxy is a false positive,,,,,,,True,False,True,False,False,False,False,False,
motorcycle_5ab8604a14df,motorcycle,14264,3125753523613,3125.753523613,left,uncertain,0.4,False,False,False,True,the segmentation proxy proposes a hand region but the tracker reports nothing: either the tracker failed or the proxy is a false positive,False,False,False,False,False,,True,False,True,,,,,,
motorcycle_5ab8604a14df,motorcycle,14264,3125753523613,3125.753523613,right,uncertain,0.4,False,False,False,True,the segmentation proxy proposes a hand region but the tracker reports nothing: either the tracker failed or the proxy is a false positive,,,,,,,True,False,True,False,False,False,False,False,
motorcycle_5ab8604a14df,motorcycle,14265,3125820172258,3125.820172258,left,uncertain,0.4,False,False,False,True,the segmentation proxy proposes a hand region but the tracker reports nothing: either the tracker failed or the proxy is a false positive,False,False,False,False,False,,True,False,True,,,,,,
motorcycle_5ab8604a14df,motorcycle,14265,3125820172258,3125.820172258,right,uncertain,0.4,False,False,False,True,the segmentation proxy proposes a hand region but the tracker reports nothing: either the tracker failed or the proxy is a false positive,,,,,,,True,False,True,False,False,False,False,False,
motorcycle_5ab8604a14df,motorcycle,14266,3125886808749,3125.886808749,left,uncertain,0.4,False,False,False,True,the segmentation proxy proposes a hand region but the tracker reports nothing: either the tracker failed or the proxy is a false positive,False,False,False,False,False,,True,False,True,,,,,,
motorcycle_5ab8604a14df,motorcycle,14266,3125886808749,3125.886808749,right,uncertain,0.4,False,False,False,True,the segmentation proxy proposes a hand region but the tracker reports nothing: either the tracker failed or the proxy is a false positive,,,,,,,True,False,True,False,False,False,False,False,
motorcycle_5ab8604a14df,motorcycle,14267,3125953438581,3125.953438581,left,uncertain,0.3,False,False,False,True,the segmentation proxy proposes a hand region but the tracker reports nothing: either the tracker failed or the proxy is a false positive | the proxy region has persisted for 8 frames with no tracking support: candidate over-propagation,False,False,False,False,False,,True,False,True,,,,,,
motorcycle_5ab8604a14df,motorcycle,14267,3125953438581,3125.953438581,right,uncertain,0.3,False,False,False,True,the segmentation proxy proposes a hand region but the tracker reports nothing: either the tracker failed or the proxy is a false positive | the proxy region has persisted for 8 frames with no tracking support: candidate over-propagation,,,,,,,True,False,True,False,False,False,False,False,
motorcycle_5ab8604a14df,motorcycle,14268,3126020074468,3126.020074468,left,uncertain,0.3,False,False,False,True,the segmentation proxy proposes a hand region but the tracker reports nothing: either the tracker failed or the proxy is a false positive | the proxy region has persisted for 9 frames with no tracking support: candidate over-propagation,False,False,False,False,False,,True,False,True,,,,,,
motorcycle_5ab8604a14df,motorcycle,14268,3126020074468,3126.020074468,right,uncertain,0.3,False,False,False,True,the segmentation proxy proposes a hand region but the tracker reports nothing: either the tracker failed or the proxy is a false positive | the proxy region has persisted for 9 frames with no tracking support: candidate over-propagation,,,,,,,True,False,True,False,False,False,False,False,
motorcycle_5ab8604a14df,motorcycle,14269,3126086710800,3126.0867108,left,uncertain,0.3,False,False,False,True,the segmentation proxy proposes a hand region but the tracker reports nothing: either the tracker failed or the proxy is a false positive | the proxy region has persisted for 10 frames with no tracking support: candidate over-propagation,False,False,False,False,False,,True,False,True,,,,,,
motorcycle_5ab8604a14df,motorcycle,14269,3126086710800,3126.0867108,right,uncertain,0.3,False,False,False,True,the segmentation proxy proposes a hand region but the tracker reports nothing: either the tracker failed or the proxy is a false positive | the proxy region has persisted for 10 frames with no tracking support: candidate over-propagation,,,,,,,True,False,True,False,False,False,False,False,
motorcycle_5ab8604a14df,motorcycle,14270,3126153359291,3126.153359291,left,uncertain,0.3,False,False,False,True,the segmentation proxy proposes a hand region but the tracker reports nothing: either the tracker failed or the proxy is a false positive | the proxy region has persisted for 11 frames with no tracking support: candidate over-propagation,False,False,False,False,False,,True,False,True,,,,,,
motorcycle_5ab8604a14df,motorcycle,14270,3126153359291,3126.153359291,right,uncertain,0.3,False,False,False,True,the segmentation proxy proposes a hand region but the tracker reports nothing: either the tracker failed or the proxy is a false positive | the proxy region has persisted for 11 frames with no tracking support: candidate over-propagation,,,,,,,True,False,True,False,False,False,False,False,
motorcycle_5ab8604a14df,motorcycle,14271,3126220014436,3126.220014436,left,not_visible,0.5,False,False,False,True,"neither hand tracking nor the segmentation proxy reports a hand; on a motorcycle this is an expected, non-erroneous situation",False,False,False,False,False,,True,False,True,,,,,,
motorcycle_5ab8604a14df,motorcycle,14271,3126220014436,3126.220014436,right,not_visible,0.5,False,False,False,True,"neither hand tracking nor the segmentation proxy reports a hand; on a motorcycle this is an expected, non-erroneous situation",,,,,,,True,False,True,False,False,False,False,False,
motorcycle_5ab8604a14df,motorcycle,14272,3126286663081,3126.286663081,left,uncertain,0.4,False,False,False,True,the segmentation proxy proposes a hand region but the tracker reports nothing: either the tracker failed or the proxy is a false positive,False,False,False,False,False,,True,False,True,,,,,,
motorcycle_5ab8604a14df,motorcycle,14272,3126286663081,3126.286663081,right,uncertain,0.4,False,False,False,True,the segmentation proxy proposes a hand region but the tracker reports nothing: either the tracker failed or the proxy is a false positive,,,,,,,True,False,True,False,False,False,False,False,
motorcycle_5ab8604a14df,motorcycle,14273,3126353337540,3126.35333754,left,uncertain,0.4,False,False,False,True,the segmentation proxy proposes a hand region but the tracker reports nothing: either the tracker failed or the proxy is a false positive,False,False,False,False,False,,True,False,True,,,,,,
motorcycle_5ab8604a14df,motorcycle,14273,3126353337540,3126.35333754,right,uncertain,0.4,False,False,False,True,the segmentation proxy proposes a hand region but the tracker reports nothing: either the tracker failed or the proxy is a false positive,,,,,,,True,False,True,False,False,False,False,False,
motorcycle_5ab8604a14df,motorcycle,14274,3126419998945,3126.419998945,left,not_visible,0.5,False,False,False,True,"neither hand tracking nor the segmentation proxy reports a hand; on a motorcycle this is an expected, non-erroneous situation",False,False,False,False,False,,True,False,True,,,,,,
motorcycle_5ab8604a14df,motorcycle,14274,3126419998945,3126.419998945,right,not_visible,0.5,False,False,False,True,"neither hand tracking nor the segmentation proxy reports a hand; on a motorcycle this is an expected, non-erroneous situation",,,,,,,True,False,True,False,False,False,False,False,
motorcycle_5ab8604a14df,motorcycle,14275,3126486660405,3126.486660405,left,not_visible,0.5,False,False,False,True,"neither hand tracking nor the segmentation proxy reports a hand; on a motorcycle this is an expected, non-erroneous situation",False,False,False,False,False,,True,False,True,,,,,,
motorcycle_5ab8604a14df,motorcycle,14275,3126486660405,3126.486660405,right,not_visible,0.5,False,False,False,True,"neither hand tracking nor the segmentation proxy reports a hand; on a motorcycle this is an expected, non-erroneous situation",,,,,,,True,False,True,False,False,False,False,False,
motorcycle_5ab8604a14df,motorcycle,14276,3126553321812,3126.553321812,left,not_visible,0.5,False,False,False,True,"neither hand tracking nor the segmentation proxy reports a hand; on a motorcycle this is an expected, non-erroneous situation",False,False,False,False,False,,True,False,True,,,,,,
motorcycle_5ab8604a14df,motorcycle,14276,3126553321812,3126.553321812,right,not_visible,0.5,False,False,False,True,"neither hand tracking nor the segmentation proxy reports a hand; on a motorcycle this is an expected, non-erroneous situation",,,,,,,True,False,True,False,False,False,False,False,
motorcycle_5ab8604a14df,motorcycle,14277,3126619983269,3126.619983269,left,not_visible,0.5,False,False,False,True,"neither hand tracking nor the segmentation proxy reports a hand; on a motorcycle this is an expected, non-erroneous situation",False,False,False,False,False,,True,False,True,,,,,,
motorcycle_5ab8604a14df,motorcycle,14277,3126619983269,3126.619983269,right,not_visible,0.5,False,False,False,True,"neither hand tracking nor the segmentation proxy reports a hand; on a motorcycle this is an expected, non-erroneous situation",,,,,,,True,False,True,False,False,False,False,False,
motorcycle_5ab8604a14df,motorcycle,14278,3126686644676,3126.686644676,left,not_visible,0.5,False,False,False,True,"neither hand tracking nor the segmentation proxy reports a hand; on a motorcycle this is an expected, non-erroneous situation",False,False,False,False,False,,True,False,True,,,,,,
motorcycle_5ab8604a14df,motorcycle,14278,3126686644676,3126.686644676,right,not_visible,0.5,False,False,False,True,"neither hand tracking nor the segmentation proxy reports a hand; on a motorcycle this is an expected, non-erroneous situation",,,,,,,True,False,True,False,False,False,False,False,
motorcycle_5ab8604a14df,motorcycle,14279,3126753306134,3126.753306134,left,not_visible,0.5,False,False,False,True,"neither hand tracking nor the segmentation proxy reports a hand; on a motorcycle this is an expected, non-erroneous situation",False,False,False,False,False,,True,False,True,,,,,,
motorcycle_5ab8604a14df,motorcycle,14279,3126753306134,3126.753306134,right,not_visible,0.5,False,False,False,True,"neither hand tracking nor the segmentation proxy reports a hand; on a motorcycle this is an expected, non-erroneous situation",,,,,,,True,False,True,False,False,False,False,False,
motorcycle_5ab8604a14df,motorcycle,14280,3126819967541,3126.819967541,left,not_visible,0.5,False,False,False,True,"neither hand tracking nor the segmentation proxy reports a hand; on a motorcycle this is an expected, non-erroneous situation",False,False,False,False,False,,True,False,True,,,,,,
motorcycle_5ab8604a14df,motorcycle,14280,3126819967541,3126.819967541,right,not_visible,0.5,False,False,False,True,"neither hand tracking nor the segmentation proxy reports a hand; on a motorcycle this is an expected, non-erroneous situation",,,,,,,True,False,True,False,False,False,False,False,
motorcycle_5ab8604a14df,motorcycle,14281,3126886628998,3126.886628998,left,not_visible,0.5,False,False,False,True,"neither hand tracking nor the segmentation proxy reports a hand; on a motorcycle this is an expected, non-erroneous situation",False,False,False,False,False,,True,False,True,,,,,,
motorcycle_5ab8604a14df,motorcycle,14281,3126886628998,3126.886628998,right,not_visible,0.5,False,False,False,True,"neither hand tracking nor the segmentation proxy reports a hand; on a motorcycle this is an expected, non-erroneous situation",,,,,,,True,False,True,False,False,False,False,False,
motorcycle_5ab8604a14df,motorcycle,14282,3126953290405,3126.953290405,left,not_visible,0.5,False,False,False,True,"neither hand tracking nor the segmentation proxy reports a hand; on a motorcycle this is an expected, non-erroneous situation",False,False,False,False,False,,True,False,True,,,,,,
motorcycle_5ab8604a14df,motorcycle,14282,3126953290405,3126.953290405,right,not_visible,0.5,False,False,False,True,"neither hand tracking nor the segmentation proxy reports a hand; on a motorcycle this is an expected, non-erroneous situation",,,,,,,True,False,True,False,False,False,False,False,
motorcycle_5ab8604a14df,motorcycle,14283,3127019951863,3127.019951863,left,not_visible,0.5,False,False,False,True,"neither hand tracking nor the segmentation proxy reports a hand; on a motorcycle this is an expected, non-erroneous situation",False,False,False,False,False,,True,False,True,,,,,,
motorcycle_5ab8604a14df,motorcycle,14283,3127019951863,3127.019951863,right,not_visible,0.5,False,False,False,True,"neither hand tracking nor the segmentation proxy reports a hand; on a motorcycle this is an expected, non-erroneous situation",,,,,,,True,False,True,False,False,False,False,False,
motorcycle_5ab8604a14df,motorcycle,14284,3127086613270,3127.08661327,left,not_visible,0.5,False,False,False,True,"neither hand tracking nor the segmentation proxy reports a hand; on a motorcycle this is an expected, non-erroneous situation",False,False,False,False,False,,True,False,True,,,,,,
motorcycle_5ab8604a14df,motorcycle,14284,3127086613270,3127.08661327,right,not_visible,0.5,False,False,False,True,"neither hand tracking nor the segmentation proxy reports a hand; on a motorcycle this is an expected, non-erroneous situation",,,,,,,True,False,True,False,False,False,False,False,
motorcycle_5ab8604a14df,motorcycle,14285,3127153274727,3127.153274727,left,not_visible,0.5,False,False,False,True,"neither hand tracking nor the segmentation proxy reports a hand; on a motorcycle this is an expected, non-erroneous situation",False,False,False,False,False,,True,False,True,,,,,,
motorcycle_5ab8604a14df,motorcycle,14285,3127153274727,3127.153274727,right,not_visible,0.5,False,False,False,True,"neither hand tracking nor the segmentation proxy reports a hand; on a motorcycle this is an expected, non-erroneous situation",,,,,,,True,False,True,False,False,False,False,False,
motorcycle_5ab8604a14df,motorcycle,14286,3127219923478,3127.219923478,left,not_visible,0.5,False,False,False,True,"neither hand tracking nor the segmentation proxy reports a hand; on a motorcycle this is an expected, non-erroneous situation",False,False,False,False,False,,True,False,True,,,,,,
motorcycle_5ab8604a14df,motorcycle,14286,3127219923478,3127.219923478,right,not_visible,0.5,False,False,False,True,"neither hand tracking nor the segmentation proxy reports a hand; on a motorcycle this is an expected, non-erroneous situation",,,,,,,True,False,True,False,False,False,False,False,
motorcycle_5ab8604a14df,motorcycle,14287,3127286578279,3127.286578279,left,not_visible,0.5,False,False,False,True,"neither hand tracking nor the segmentation proxy reports a hand; on a motorcycle this is an expected, non-erroneous situation",False,False,False,False,False,,True,False,True,,,,,,
motorcycle_5ab8604a14df,motorcycle,14287,3127286578279,3127.286578279,right,not_visible,0.5,False,False,False,True,"neither hand tracking nor the segmentation proxy reports a hand; on a motorcycle this is an expected, non-erroneous situation",,,,,,,True,False,True,False,False,False,False,False,
motorcycle_5ab8604a14df,motorcycle,14288,3127353220926,3127.353220926,left,uncertain,0.4,False,False,False,True,the segmentation proxy proposes a hand region but the tracker reports nothing: either the tracker failed or the proxy is a false positive,False,False,False,False,False,,True,False,True,,,,,,
motorcycle_5ab8604a14df,motorcycle,14288,3127353220926,3127.353220926,right,uncertain,0.4,False,False,False,True,the segmentation proxy proposes a hand region but the tracker reports nothing: either the tracker failed or the proxy is a false positive,,,,,,,True,False,True,False,False,False,False,False,
motorcycle_5ab8604a14df,motorcycle,14289,3127419882227,3127.419882227,left,uncertain,0.4,False,False,False,True,the segmentation proxy proposes a hand region but the tracker reports nothing: either the tracker failed or the proxy is a false positive,False,False,False,False,False,,True,False,True,,,,,,
motorcycle_5ab8604a14df,motorcycle,14289,3127419882227,3127.419882227,right,uncertain,0.4,False,False,False,True,the segmentation proxy proposes a hand region but the tracker reports nothing: either the tracker failed or the proxy is a false positive,,,,,,,True,False,True,False,False,False,False,False,
motorcycle_5ab8604a14df,motorcycle,14290,3127486524874,3127.486524874,left,uncertain,0.4,False,False,False,True,the segmentation proxy proposes a hand region but the tracker reports nothing: either the tracker failed or the proxy is a false positive,False,False,False,False,False,,True,False,True,,,,,,
motorcycle_5ab8604a14df,motorcycle,14290,3127486524874,3127.486524874,right,uncertain,0.4,False,False,False,True,the segmentation proxy proposes a hand region but the tracker reports nothing: either the tracker failed or the proxy is a false positive,,,,,,,True,False,True,False,False,False,False,False,
motorcycle_5ab8604a14df,motorcycle,14291,3127553186123,3127.553186123,left,uncertain,0.4,False,False,False,True,the segmentation proxy proposes a hand region but the tracker reports nothing: either the tracker failed or the proxy is a false positive,False,False,False,False,False,,True,False,True,,,,,,
motorcycle_5ab8604a14df,motorcycle,14291,3127553186123,3127.553186123,right,uncertain,0.4,False,False,False,True,the segmentation proxy proposes a hand region but the tracker reports nothing: either the tracker failed or the proxy is a false positive,,,,,,,True,False,True,False,False,False,False,False,
motorcycle_5ab8604a14df,motorcycle,14292,3127619828770,3127.61982877,left,uncertain,0.4,False,False,False,True,the segmentation proxy proposes a hand region but the tracker reports nothing: either the tracker failed or the proxy is a false positive,False,False,False,False,False,,True,False,True,,,,,,
motorcycle_5ab8604a14df,motorcycle,14292,3127619828770,3127.61982877,right,uncertain,0.4,False,False,False,True,the segmentation proxy proposes a hand region but the tracker reports nothing: either the tracker failed or the proxy is a false positive,,,,,,,True,False,True,False,False,False,False,False,
motorcycle_5ab8604a14df,motorcycle,14293,3127686490071,3127.686490071,left,not_visible,0.5,False,False,False,True,"neither hand tracking nor the segmentation proxy reports a hand; on a motorcycle this is an expected, non-erroneous situation",False,False,False,False,False,,True,False,True,,,,,,
motorcycle_5ab8604a14df,motorcycle,14293,3127686490071,3127.686490071,right,not_visible,0.5,False,False,False,True,"neither hand tracking nor the segmentation proxy reports a hand; on a motorcycle this is an expected, non-erroneous situation",,,,,,,True,False,True,False,False,False,False,False,
motorcycle_5ab8604a14df,motorcycle,14294,3127753132718,3127.753132718,left,not_visible,0.5,False,False,False,True,"neither hand tracking nor the segmentation proxy reports a hand; on a motorcycle this is an expected, non-erroneous situation",False,False,False,False,False,,True,False,True,,,,,,
motorcycle_5ab8604a14df,motorcycle,14294,3127753132718,3127.753132718,right,not_visible,0.5,False,False,False,True,"neither hand tracking nor the segmentation proxy reports a hand; on a motorcycle this is an expected, non-erroneous situation",,,,,,,True,False,True,False,False,False,False,False,
motorcycle_5ab8604a14df,motorcycle,14295,3127819794019,3127.819794019,left,not_visible,0.5,False,False,False,True,"neither hand tracking nor the segmentation proxy reports a hand; on a motorcycle this is an expected, non-erroneous situation",False,False,False,False,False,,True,False,True,,,,,,
motorcycle_5ab8604a14df,motorcycle,14295,3127819794019,3127.819794019,right,not_visible,0.5,False,False,False,True,"neither hand tracking nor the segmentation proxy reports a hand; on a motorcycle this is an expected, non-erroneous situation",,,,,,,True,False,True,False,False,False,False,False,
motorcycle_5ab8604a14df,motorcycle,14296,3127886461926,3127.886461926,left,not_visible,0.5,False,False,False,True,"neither hand tracking nor the segmentation proxy reports a hand; on a motorcycle this is an expected, non-erroneous situation",False,False,False,False,False,,True,False,True,,,,,,
motorcycle_5ab8604a14df,motorcycle,14296,3127886461926,3127.886461926,right,not_visible,0.5,False,False,False,True,"neither hand tracking nor the segmentation proxy reports a hand; on a motorcycle this is an expected, non-erroneous situation",,,,,,,True,False,True,False,False,False,False,False,
motorcycle_5ab8604a14df,motorcycle,14297,3127953123384,3127.953123384,left,not_visible,0.5,False,False,False,True,"neither hand tracking nor the segmentation proxy reports a hand; on a motorcycle this is an expected, non-erroneous situation",False,False,False,False,False,,True,False,True,,,,,,
motorcycle_5ab8604a14df,motorcycle,14297,3127953123384,3127.953123384,right,not_visible,0.5,False,False,False,True,"neither hand tracking nor the segmentation proxy reports a hand; on a motorcycle this is an expected, non-erroneous situation",,,,,,,True,False,True,False,False,False,False,False,
motorcycle_5ab8604a14df,motorcycle,14298,3128019784791,3128.019784791,left,uncertain,0.4,False,False,False,True,the segmentation proxy proposes a hand region but the tracker reports nothing: either the tracker failed or the proxy is a false positive,False,False,False,False,False,,True,False,True,,,,,,
motorcycle_5ab8604a14df,motorcycle,14298,3128019784791,3128.019784791,right,uncertain,0.4,False,False,False,True,the segmentation proxy proposes a hand region but the tracker reports nothing: either the tracker failed or the proxy is a false positive,,,,,,,True,False,True,False,False,False,False,False,
motorcycle_5ab8604a14df,motorcycle,14299,3128086420936,3128.086420936,left,not_visible,0.5,False,False,False,True,"neither hand tracking nor the segmentation proxy reports a hand; on a motorcycle this is an expected, non-erroneous situation",False,False,False,False,False,,True,False,True,,,,,,
motorcycle_5ab8604a14df,motorcycle,14299,3128086420936,3128.086420936,right,not_visible,0.5,False,False,False,True,"neither hand tracking nor the segmentation proxy reports a hand; on a motorcycle this is an expected, non-erroneous situation",,,,,,,True,False,True,False,False,False,False,False,
motorcycle_5ab8604a14df,motorcycle,14300,3128153082239,3128.153082239,left,uncertain,0.4,False,False,False,True,the segmentation proxy proposes a hand region but the tracker reports nothing: either the tracker failed or the proxy is a false positive,False,False,False,False,False,,True,False,True,,,,,,
motorcycle_5ab8604a14df,motorcycle,14300,3128153082239,3128.153082239,right,uncertain,0.4,False,False,False,True,the segmentation proxy proposes a hand region but the tracker reports nothing: either the tracker failed or the proxy is a false positive,,,,,,,True,False,True,False,False,False,False,False,
motorcycle_5ab8604a14df,motorcycle,14301,3128219750196,3128.219750196,left,not_visible,0.5,False,False,False,True,"neither hand tracking nor the segmentation proxy reports a hand; on a motorcycle this is an expected, non-erroneous situation",False,False,False,False,False,,True,False,True,,,,,,
motorcycle_5ab8604a14df,motorcycle,14301,3128219750196,3128.219750196,right,not_visible,0.5,False,False,False,True,"neither hand tracking nor the segmentation proxy reports a hand; on a motorcycle this is an expected, non-erroneous situation",,,,,,,True,False,True,False,False,False,False,False,
motorcycle_5ab8604a14df,motorcycle,14302,3128286386343,3128.286386343,left,not_visible,0.5,False,False,False,True,"neither hand tracking nor the segmentation proxy reports a hand; on a motorcycle this is an expected, non-erroneous situation",False,False,False,False,False,,True,False,True,,,,,,
motorcycle_5ab8604a14df,motorcycle,14302,3128286386343,3128.286386343,right,not_visible,0.5,False,False,False,True,"neither hand tracking nor the segmentation proxy reports a hand; on a motorcycle this is an expected, non-erroneous situation",,,,,,,True,False,True,False,False,False,False,False,
motorcycle_5ab8604a14df,motorcycle,14303,3128353034936,3128.353034936,left,not_visible,0.5,False,False,False,True,"neither hand tracking nor the segmentation proxy reports a hand; on a motorcycle this is an expected, non-erroneous situation",False,False,False,False,False,,True,False,True,,,,,,
motorcycle_5ab8604a14df,motorcycle,14303,3128353034936,3128.353034936,right,not_visible,0.5,False,False,False,True,"neither hand tracking nor the segmentation proxy reports a hand; on a motorcycle this is an expected, non-erroneous situation",,,,,,,True,False,True,False,False,False,False,False,
motorcycle_5ab8604a14df,motorcycle,14304,3128419670979,3128.419670979,left,uncertain,0.4,False,False,False,True,the segmentation proxy proposes a hand region but the tracker reports nothing: either the tracker failed or the proxy is a false positive,False,False,False,False,False,,True,False,True,,,,,,
motorcycle_5ab8604a14df,motorcycle,14304,3128419670979,3128.419670979,right,uncertain,0.4,False,False,False,True,the segmentation proxy proposes a hand region but the tracker reports nothing: either the tracker failed or the proxy is a false positive,,,,,,,True,False,True,False,False,False,False,False,
motorcycle_5ab8604a14df,motorcycle,14305,3128486300811,3128.486300811,left,not_visible,0.5,False,False,False,True,"neither hand tracking nor the segmentation proxy reports a hand; on a motorcycle this is an expected, non-erroneous situation",False,False,False,False,False,,True,False,True,,,,,,
motorcycle_5ab8604a14df,motorcycle,14305,3128486300811,3128.486300811,right,not_visible,0.5,False,False,False,True,"neither hand tracking nor the segmentation proxy reports a hand; on a motorcycle this is an expected, non-erroneous situation",,,,,,,True,False,True,False,False,False,False,False,
motorcycle_5ab8604a14df,motorcycle,14306,3128552924539,3128.552924539,left,not_visible,0.5,False,False,False,True,"neither hand tracking nor the segmentation proxy reports a hand; on a motorcycle this is an expected, non-erroneous situation",False,False,False,False,False,,True,False,True,,,,,,
motorcycle_5ab8604a14df,motorcycle,14306,3128552924539,3128.552924539,right,not_visible,0.5,False,False,False,True,"neither hand tracking nor the segmentation proxy reports a hand; on a motorcycle this is an expected, non-erroneous situation",,,,,,,True,False,True,False,False,False,False,False,
motorcycle_5ab8604a14df,motorcycle,14307,3128619541614,3128.619541614,left,not_visible,0.5,False,False,False,True,"neither hand tracking nor the segmentation proxy reports a hand; on a motorcycle this is an expected, non-erroneous situation",False,False,False,False,False,,True,False,True,,,,,,
motorcycle_5ab8604a14df,motorcycle,14307,3128619541614,3128.619541614,right,not_visible,0.5,False,False,False,True,"neither hand tracking nor the segmentation proxy reports a hand; on a motorcycle this is an expected, non-erroneous situation",,,,,,,True,False,True,False,False,False,False,False,
motorcycle_5ab8604a14df,motorcycle,14308,3128686165186,3128.686165186,left,not_visible,0.5,False,False,False,True,"neither hand tracking nor the segmentation proxy reports a hand; on a motorcycle this is an expected, non-erroneous situation",False,False,False,False,False,,True,False,True,,,,,,
motorcycle_5ab8604a14df,motorcycle,14308,3128686165186,3128.686165186,right,not_visible,0.5,False,False,False,True,"neither hand tracking nor the segmentation proxy reports a hand; on a motorcycle this is an expected, non-erroneous situation",,,,,,,True,False,True,False,False,False,False,False,
motorcycle_5ab8604a14df,motorcycle,14309,3128752788706,3128.752788706,left,not_visible,0.5,False,False,False,True,"neither hand tracking nor the segmentation proxy reports a hand; on a motorcycle this is an expected, non-erroneous situation",False,False,False,False,False,,True,False,True,,,,,,
motorcycle_5ab8604a14df,motorcycle,14309,3128752788706,3128.752788706,right,not_visible,0.5,False,False,False,True,"neither hand tracking nor the segmentation proxy reports a hand; on a motorcycle this is an expected, non-erroneous situation",,,,,,,True,False,True,False,False,False,False,False,
motorcycle_5ab8604a14df,motorcycle,14310,3128819412280,3128.81941228,left,not_visible,0.5,False,False,False,True,"neither hand tracking nor the segmentation proxy reports a hand; on a motorcycle this is an expected, non-erroneous situation",False,False,False,False,False,,True,False,True,,,,,,
motorcycle_5ab8604a14df,motorcycle,14310,3128819412280,3128.81941228,right,not_visible,0.5,False,False,False,True,"neither hand tracking nor the segmentation proxy reports a hand; on a motorcycle this is an expected, non-erroneous situation",,,,,,,True,False,True,False,False,False,False,False,
motorcycle_5ab8604a14df,motorcycle,14311,3128886035852,3128.886035852,left,not_visible,0.5,False,False,False,True,"neither hand tracking nor the segmentation proxy reports a hand; on a motorcycle this is an expected, non-erroneous situation",False,False,False,False,False,,True,False,True,,,,,,
motorcycle_5ab8604a14df,motorcycle,14311,3128886035852,3128.886035852,right,not_visible,0.5,False,False,False,True,"neither hand tracking nor the segmentation proxy reports a hand; on a motorcycle this is an expected, non-erroneous situation",,,,,,,True,False,True,False,False,False,False,False,
motorcycle_5ab8604a14df,motorcycle,14312,3128952658926,3128.952658926,left,not_visible,0.5,False,False,False,True,"neither hand tracking nor the segmentation proxy reports a hand; on a motorcycle this is an expected, non-erroneous situation",False,False,False,False,False,,True,False,True,,,,,,
motorcycle_5ab8604a14df,motorcycle,14312,3128952658926,3128.952658926,right,not_visible,0.5,False,False,False,True,"neither hand tracking nor the segmentation proxy reports a hand; on a motorcycle this is an expected, non-erroneous situation",,,,,,,True,False,True,False,False,False,False,False,
motorcycle_5ab8604a14df,motorcycle,14313,3129019282499,3129.019282499,left,uncertain,0.4,False,False,False,True,the segmentation proxy proposes a hand region but the tracker reports nothing: either the tracker failed or the proxy is a false positive,False,False,False,False,False,,True,False,True,,,,,,
motorcycle_5ab8604a14df,motorcycle,14313,3129019282499,3129.019282499,right,uncertain,0.4,False,False,False,True,the segmentation proxy proposes a hand region but the tracker reports nothing: either the tracker failed or the proxy is a false positive,,,,,,,True,False,True,False,False,False,False,False,
motorcycle_5ab8604a14df,motorcycle,14314,3129085893415,3129.085893415,left,uncertain,0.4,False,False,False,True,the segmentation proxy proposes a hand region but the tracker reports nothing: either the tracker failed or the proxy is a false positive,False,False,False,False,False,,True,False,True,,,,,,
motorcycle_5ab8604a14df,motorcycle,14314,3129085893415,3129.085893415,right,uncertain,0.4,False,False,False,True,the segmentation proxy proposes a hand region but the tracker reports nothing: either the tracker failed or the proxy is a false positive,,,,,,,True,False,True,False,False,False,False,False,
motorcycle_5ab8604a14df,motorcycle,14315,3129152523489,3129.152523489,left,uncertain,0.4,False,False,False,True,the segmentation proxy proposes a hand region but the tracker reports nothing: either the tracker failed or the proxy is a false positive,False,False,False,False,False,,True,False,True,,,,,,
motorcycle_5ab8604a14df,motorcycle,14315,3129152523489,3129.152523489,right,uncertain,0.4,False,False,False,True,the segmentation proxy proposes a hand region but the tracker reports nothing: either the tracker failed or the proxy is a false positive,,,,,,,True,False,True,False,False,False,False,False,
motorcycle_5ab8604a14df,motorcycle,14316,3129219146561,3129.219146561,left,uncertain,0.4,False,False,False,True,the segmentation proxy proposes a hand region but the tracker reports nothing: either the tracker failed or the proxy is a false positive,False,False,False,False,False,,True,False,True,,,,,,
motorcycle_5ab8604a14df,motorcycle,14316,3129219146561,3129.219146561,right,uncertain,0.4,False,False,False,True,the segmentation proxy proposes a hand region but the tracker reports nothing: either the tracker failed or the proxy is a false positive,,,,,,,True,False,True,False,False,False,False,False,
motorcycle_5ab8604a14df,motorcycle,14317,3129285770133,3129.285770133,left,uncertain,0.4,False,False,False,True,the segmentation proxy proposes a hand region but the tracker reports nothing: either the tracker failed or the proxy is a false positive,False,False,False,False,False,,True,False,True,,,,,,
motorcycle_5ab8604a14df,motorcycle,14317,3129285770133,3129.285770133,right,uncertain,0.4,False,False,False,True,the segmentation proxy proposes a hand region but the tracker reports nothing: either the tracker failed or the proxy is a false positive,,,,,,,True,False,True,False,False,False,False,False,
motorcycle_5ab8604a14df,motorcycle,14318,3129352343135,3129.352343135,left,not_visible,0.5,False,False,False,True,"neither hand tracking nor the segmentation proxy reports a hand; on a motorcycle this is an expected, non-erroneous situation",False,False,False,False,False,,True,False,True,,,,,,
motorcycle_5ab8604a14df,motorcycle,14318,3129352343135,3129.352343135,right,not_visible,0.5,False,False,False,True,"neither hand tracking nor the segmentation proxy reports a hand; on a motorcycle this is an expected, non-erroneous situation",,,,,,,True,False,True,False,False,False,False,False,
motorcycle_5ab8604a14df,motorcycle,14319,3129418954238,3129.418954238,left,not_visible,0.5,False,False,False,True,"neither hand tracking nor the segmentation proxy reports a hand; on a motorcycle this is an expected, non-erroneous situation",False,False,False,False,False,,True,False,True,,,,,,
motorcycle_5ab8604a14df,motorcycle,14319,3129418954238,3129.418954238,right,not_visible,0.5,False,False,False,True,"neither hand tracking nor the segmentation proxy reports a hand; on a motorcycle this is an expected, non-erroneous situation",,,,,,,True,False,True,False,False,False,False,False,
motorcycle_5ab8604a14df,motorcycle,14320,3129485533082,3129.485533082,left,not_visible,0.5,False,False,False,True,"neither hand tracking nor the segmentation proxy reports a hand; on a motorcycle this is an expected, non-erroneous situation",False,False,False,False,False,,True,False,True,,,,,,
motorcycle_5ab8604a14df,motorcycle,14320,3129485533082,3129.485533082,right,not_visible,0.5,False,False,False,True,"neither hand tracking nor the segmentation proxy reports a hand; on a motorcycle this is an expected, non-erroneous situation",,,,,,,True,False,True,False,False,False,False,False,
motorcycle_5ab8604a14df,motorcycle,14321,3129552100164,3129.552100164,left,not_visible,0.5,False,False,False,True,"neither hand tracking nor the segmentation proxy reports a hand; on a motorcycle this is an expected, non-erroneous situation",False,False,False,False,False,,True,False,True,,,,,,
motorcycle_5ab8604a14df,motorcycle,14321,3129552100164,3129.552100164,right,not_visible,0.5,False,False,False,True,"neither hand tracking nor the segmentation proxy reports a hand; on a motorcycle this is an expected, non-erroneous situation",,,,,,,True,False,True,False,False,False,False,False,
motorcycle_5ab8604a14df,motorcycle,14322,3129618653883,3129.618653883,left,not_visible,0.5,False,False,False,True,"neither hand tracking nor the segmentation proxy reports a hand; on a motorcycle this is an expected, non-erroneous situation",False,False,False,False,False,,True,False,True,,,,,,
motorcycle_5ab8604a14df,motorcycle,14322,3129618653883,3129.618653883,right,not_visible,0.5,False,False,False,True,"neither hand tracking nor the segmentation proxy reports a hand; on a motorcycle this is an expected, non-erroneous situation",,,,,,,True,False,True,False,False,False,False,False,
motorcycle_5ab8604a14df,motorcycle,14323,3129685195395,3129.685195395,left,uncertain,0.4,False,False,False,True,the segmentation proxy proposes a hand region but the tracker reports nothing: either the tracker failed or the proxy is a false positive,False,False,False,False,False,,True,False,True,,,,,,
motorcycle_5ab8604a14df,motorcycle,14323,3129685195395,3129.685195395,right,uncertain,0.4,False,False,False,True,the segmentation proxy proposes a hand region but the tracker reports nothing: either the tracker failed or the proxy is a false positive,,,,,,,True,False,True,False,False,False,False,False,
motorcycle_5ab8604a14df,motorcycle,14324,3129751762010,3129.75176201,left,uncertain,0.4,False,False,False,True,the segmentation proxy proposes a hand region but the tracker reports nothing: either the tracker failed or the proxy is a false positive,False,False,False,False,False,,True,False,True,,,,,,
motorcycle_5ab8604a14df,motorcycle,14324,3129751762010,3129.75176201,right,uncertain,0.4,False,False,False,True,the segmentation proxy proposes a hand region but the tracker reports nothing: either the tracker failed or the proxy is a false positive,,,,,,,True,False,True,False,False,False,False,False,
