pairing_id,recording_id_car,recording_id_motorcycle,timestamp_ns_car,timestamp_ns_motorcycle,progression_car,progression_motorcycle,latitude_car,longitude_car,latitude_motorcycle,longitude_motorcycle,distance_m,heading_difference_deg,pairing_quality,sensors_used,accepted,warnings
pair_00000,car_2e84f0c3e245,motorcycle_5ab8604a14df,1167118134150,2181248203955,0.0,0.0,44.14739990234375,12.210501670837402,44.190673828125,12.105045318603516,9690.2019690914,89.75795006385209,0.0,"gps,gps",False,"nearest car position is 9690.2 m away, above the 40 m threshold: routes do not overlap here | heading differs by 90deg: the two vehicles are not travelling in a comparable direction at this point"
pair_00001,car_2e84f0c3e245,motorcycle_5ab8604a14df,1167118134150,2182248203538,0.0,0.0003577755001276144,44.14739990234375,12.210501670837402,44.19070816040039,12.105088233947754,9689.125783016025,89.75795006385209,0.0,"gps,gps",False,"nearest car position is 9689.1 m away, above the 40 m threshold: routes do not overlap here | heading differs by 90deg: the two vehicles are not travelling in a comparable direction at this point"
pair_00002,car_2e84f0c3e245,motorcycle_5ab8604a14df,1167118134150,2183248203122,0.0,0.0007244184216556571,44.14739990234375,12.210501670837402,44.19073486328125,12.105142593383789,9686.838834498816,76.04197201716977,0.0,"gps,gps",False,"nearest car position is 9686.8 m away, above the 40 m threshold: routes do not overlap here | heading differs by 76deg: the two vehicles are not travelling in a comparable direction at this point"
pair_00003,car_2e84f0c3e245,motorcycle_5ab8604a14df,1167118134150,2184248202705,0.0,0.0011451352914019566,44.14739990234375,12.210501670837402,44.19076156616211,12.105208396911621,9683.76261085654,71.13475058066359,0.0,"gps,gps",False,"nearest car position is 9683.8 m away, above the 40 m threshold: routes do not overlap here | heading differs by 71deg: the two vehicles are not travelling in a comparable direction at this point"
pair_00004,car_2e84f0c3e245,motorcycle_5ab8604a14df,1167118134150,2185248202340,0.0,0.0015684832542364573,44.14739990234375,12.210501670837402,44.1907958984375,12.105267524719238,9681.57311620854,80.62774505140362,0.0,"gps,gps",False,"nearest car position is 9681.6 m away, above the 40 m threshold: routes do not overlap here | heading differs by 81deg: the two vehicles are not travelling in a comparable direction at this point"
pair_00005,car_2e84f0c3e245,motorcycle_5ab8604a14df,1167118134150,2186248201924,0.0,0.0019841895059785532,44.14739990234375,12.210501670837402,44.190834045410156,12.10531997680664,9680.059773248053,87.03381496856804,0.0,"gps,gps",False,"nearest car position is 9680.1 m away, above the 40 m threshold: routes do not overlap here | heading differs by 87deg: the two vehicles are not travelling in a comparable direction at this point"
pair_00006,car_2e84f0c3e245,motorcycle_5ab8604a14df,1167118134150,2187248201507,0.0,0.0023976046725852993,44.14739990234375,12.210501670837402,44.19087600708008,12.105365753173828,9679.222766196226,93.59446376047663,0.0,"gps,gps",False,"nearest car position is 9679.2 m away, above the 40 m threshold: routes do not overlap here | heading differs by 94deg: the two vehicles are not travelling in a comparable direction at this point"
pair_00007,car_2e84f0c3e245,motorcycle_5ab8604a14df,1167118134150,2188248201090,0.0,0.002755379625988097,44.14739990234375,12.210501670837402,44.19091033935547,12.105408668518066,9678.163289076161,89.7580477459664,0.0,"gps,gps",False,"nearest car position is 9678.2 m away, above the 40 m threshold: routes do not overlap here | heading differs by 90deg: the two vehicles are not travelling in a comparable direction at this point"
pair_00008,car_2e84f0c3e245,motorcycle_5ab8604a14df,1167118134150,2189248200674,0.0,0.003096019520436474,44.14739990234375,12.210501670837402,44.19094467163086,12.105446815490723,9677.435706205206,93.08319914923328,0.0,"gps,gps",False,"nearest car position is 9677.4 m away, above the 40 m threshold: routes do not overlap here | heading differs by 93deg: the two vehicles are not travelling in a comparable direction at this point"
pair_00009,car_2e84f0c3e245,motorcycle_5ab8604a14df,1167118134150,2190248200257,0.0,0.0034148401091496096,44.14739990234375,12.210501670837402,44.19097900390625,12.105478286743164,9677.171413681097,98.31150564437132,0.0,"gps,gps",False,"nearest car position is 9677.2 m away, above the 40 m threshold: routes do not overlap here | heading differs by 98deg: the two vehicles are not travelling in a comparable direction at this point"
pair_00010,car_2e84f0c3e245,motorcycle_5ab8604a14df,1167118134150,2191248199841,0.0,0.0036761489165031526,44.14739990234375,12.210501670837402,44.19100570678711,12.105506896972656,9676.682094474192,94.09441283852146,0.0,"gps,gps",False,"nearest car position is 9676.7 m away, above the 40 m threshold: routes do not overlap here | heading differs by 94deg: the two vehicles are not travelling in a comparable direction at this point"
pair_00011,car_2e84f0c3e245,motorcycle_5ab8604a14df,1167118134150,2192248199424,0.0,0.003964497250761851,44.14739990234375,12.210501670837402,44.191036224365234,12.105536460876465,9676.340849560802,96.84283190894524,0.0,"gps,gps",False,"nearest car position is 9676.3 m away, above the 40 m threshold: routes do not overlap here | heading differs by 97deg: the two vehicles are not travelling in a comparable direction at this point"
pair_00012,car_2e84f0c3e245,motorcycle_5ab8604a14df,1167118134150,2193248198955,0.0,0.00431681154003634,44.14739990234375,12.210501670837402,44.19107437133789,12.105570793151855,9676.09768197919,98.79231847051938,0.0,"gps,gps",False,"nearest car position is 9676.1 m away, above the 40 m threshold: routes do not overlap here | heading differs by 99deg: the two vehicles are not travelling in a comparable direction at this point"
pair_00013,car_2e84f0c3e245,motorcycle_5ab8604a14df,1167118134150,2194248198538,0.0,0.004657451066379974,44.14739990234375,12.210501670837402,44.19110870361328,12.105608940124512,9675.381220598918,93.08327686002173,0.0,"gps,gps",False,"nearest car position is 9675.4 m away, above the 40 m threshold: routes do not overlap here | heading differs by 93deg: the two vehicles are not travelling in a comparable direction at this point"
pair_00014,car_2e84f0c3e245,motorcycle_5ab8604a14df,1167118134150,2195248198122,0.0,0.004975472692421152,44.14739990234375,12.210501670837402,44.191139221191406,12.105647087097168,9674.454155434458,89.75815759692091,0.0,"gps,gps",False,"nearest car position is 9674.5 m away, above the 40 m threshold: routes do not overlap here | heading differs by 90deg: the two vehicles are not travelling in a comparable direction at this point"
pair_00015,car_2e84f0c3e245,motorcycle_5ab8604a14df,1167118134150,2196248197705,0.0,0.005283700298667566,44.14739990234375,12.210501670837402,44.191165924072266,12.105688095092773,9673.118769710012,83.87145698325384,0.0,"gps,gps",False,"nearest car position is 9673.1 m away, above the 40 m threshold: routes do not overlap here | heading differs by 84deg: the two vehicles are not travelling in a comparable direction at this point"
pair_00016,car_2e84f0c3e245,motorcycle_5ab8604a14df,1167118134150,2197248197236,0.0,0.005569166061592413,44.14739990234375,12.210501670837402,44.191184997558594,12.105731964111328,9671.161421662697,72.85880660000697,0.0,"gps,gps",False,"nearest car position is 9671.2 m away, above the 40 m threshold: routes do not overlap here | heading differs by 73deg: the two vehicles are not travelling in a comparable direction at this point"
pair_00017,car_2e84f0c3e245,motorcycle_5ab8604a14df,1167118134150,2198248196768,0.0,0.005848955685409342,44.14739990234375,12.210501670837402,44.19119644165039,12.105779647827148,9668.51571192926,60.13359409152724,0.0,"gps,gps",False,"nearest car position is 9668.5 m away, above the 40 m threshold: routes do not overlap here | heading differs by 60deg: the two vehicles are not travelling in a comparable direction at this point"
pair_00018,car_2e84f0c3e245,motorcycle_5ab8604a14df,1167118134150,2199248196299,0.0,0.006082438305178898,44.14739990234375,12.210501670837402,44.19119644165039,12.10582160949707,9665.624617835283,41.62718187798458,0.0,"gps,gps",False,"nearest car position is 9665.6 m away, above the 40 m threshold: routes do not overlap here"
pair_00019,car_2e84f0c3e245,motorcycle_5ab8604a14df,1167118134150,2200248195830,0.0,0.006400249989891894,44.14739990234375,12.210501670837402,44.19117736816406,12.10587215423584,9661.074918886889,13.869853064649533,0.0,"gps,gps",False,"nearest car position is 9661.1 m away, above the 40 m threshold: routes do not overlap here"
pair_00020,car_2e84f0c3e245,motorcycle_5ab8604a14df,1167118134150,2201248195414,0.0,0.006732231969171114,44.14739990234375,12.210501670837402,44.191158294677734,12.105925559997559,9656.328118214764,15.14953643581299,0.0,"gps,gps",False,"nearest car position is 9656.3 m away, above the 40 m threshold: routes do not overlap here"
pair_00021,car_2e84f0c3e245,motorcycle_5ab8604a14df,1167118134150,2202248194893,0.0,0.00706421403453183,44.14739990234375,12.210501670837402,44.191139221191406,12.105978965759277,9651.581326543283,15.149543839584851,0.0,"gps,gps",False,"nearest car position is 9651.6 m away, above the 40 m threshold: routes do not overlap here"
pair_00022,car_2e84f0c3e245,motorcycle_5ab8604a14df,1167118134150,2203248194424,0.0,0.007405866113190575,44.14739990234375,12.210501670837402,44.19111633300781,12.10603141784668,9646.686722842478,10.303299636464317,0.0,"gps,gps",False,"nearest car position is 9646.7 m away, above the 40 m threshold: routes do not overlap here"
pair_00023,car_2e84f0c3e245,motorcycle_5ab8604a14df,1167118134150,2204248193955,0.0,0.007747518288670593,44.14739990234375,12.210501670837402,44.19109344482422,12.106083869934082,9641.792118596131,10.303309521595281,0.0,"gps,gps",False,"nearest car position is 9641.8 m away, above the 40 m threshold: routes do not overlap here"
pair_00024,car_2e84f0c3e245,motorcycle_5ab8604a14df,1167118134150,2205248193486,0.0,0.008102865889292998,44.14739990234375,12.210501670837402,44.191070556640625,12.106139183044434,9636.700410832003,11.637859843357148,0.0,"gps,gps",False,"nearest car position is 9636.7 m away, above the 40 m threshold: routes do not overlap here"
pair_00025,car_2e84f0c3e245,motorcycle_5ab8604a14df,1167118134150,2206248193018,0.0,0.008476748163215761,44.14739990234375,12.210501670837402,44.19104766845703,12.10619831085205,9631.345900146522,13.263938663788792,0.0,"gps,gps",False,"nearest car position is 9631.3 m away, above the 40 m threshold: routes do not overlap here"
pair_00026,car_2e84f0c3e245,motorcycle_5ab8604a14df,1167118134150,2207248192497,0.0,0.00887006740212651,44.14739990234375,12.210501670837402,44.19102096557617,12.106258392333984,9625.71217288992,9.834496003257414,0.0,"gps,gps",False,"nearest car position is 9625.7 m away, above the 40 m threshold: routes do not overlap here"
pair_00027,car_2e84f0c3e245,motorcycle_5ab8604a14df,1167118134150,2208248191976,0.0,0.00925888655876518,44.14739990234375,12.210501670837402,44.19099426269531,12.106317520141602,9620.1441475007,9.422536251595261,0.0,"gps,gps",False,"nearest car position is 9620.1 m away, above the 40 m threshold: routes do not overlap here"
pair_00028,car_2e84f0c3e245,motorcycle_5ab8604a14df,1167118134150,2209248191455,0.0,0.009614234607957399,44.14739990234375,12.210501670837402,44.19097137451172,12.106372833251953,9615.052433054889,11.637901595837832,0.0,"gps,gps",False,"nearest car position is 9615.1 m away, above the 40 m threshold: routes do not overlap here"
pair_00029,car_2e84f0c3e245,motorcycle_5ab8604a14df,1167118134150,2210248190986,0.0,0.009964996776767578,44.14739990234375,12.210501670837402,44.190948486328125,12.106427192687988,9610.026418553047,11.204652667999085,0.0,"gps,gps",False,"nearest car position is 9610.0 m away, above the 40 m threshold: routes do not overlap here"
pair_00030,car_2e84f0c3e245,motorcycle_5ab8604a14df,1167118134150,2211248190465,0.0,0.010334218827881913,44.14739990234375,12.210501670837402,44.19092559814453,12.106485366821289,9604.737597789202,12.872796061018846,0.0,"gps,gps",False,"nearest car position is 9604.7 m away, above the 40 m threshold: routes do not overlap here"
pair_00031,car_2e84f0c3e245,motorcycle_5ab8604a14df,1167118134150,2212248189945,0.0,0.010712779637769069,44.14739990234375,12.210501670837402,44.19090270996094,12.106545448303223,9599.317377064584,13.64553931204074,0.0,"gps,gps",False,"nearest car position is 9599.3 m away, above the 40 m threshold: routes do not overlap here"
pair_00032,car_2e84f0c3e245,motorcycle_5ab8604a14df,1167118134150,2213248189424,0.0,0.011106099575577354,44.14739990234375,12.210501670837402,44.19087600708008,12.106605529785156,9593.683638911967,9.834559104640334,0.0,"gps,gps",False,"nearest car position is 9593.7 m away, above the 40 m threshold: routes do not overlap here"
pair_00033,car_2e84f0c3e245,motorcycle_5ab8604a14df,1167118134150,2214248188903,0.0,0.011508479044328434,44.14739990234375,12.210501670837402,44.19084930419922,12.106667518615723,9587.918498985597,10.630765679639296,0.0,"gps,gps",False,"nearest car position is 9587.9 m away, above the 40 m threshold: routes do not overlap here"
pair_00034,car_2e84f0c3e245,motorcycle_5ab8604a14df,1167118134150,2215248188382,0.0,0.011905909516618454,44.14739990234375,12.210501670837402,44.190826416015625,12.106731414794922,9582.235473623867,15.081452840432974,0.0,"gps,gps",False,"nearest car position is 9582.2 m away, above the 40 m threshold: routes do not overlap here"
pair_00035,car_2e84f0c3e245,motorcycle_5ab8604a14df,1167118134150,2216248187861,0.0,0.012317422917761302,44.14739990234375,12.210501670837402,44.190799713134766,12.106795310974121,9576.338928296582,11.391779564055696,0.0,"gps,gps",False,"nearest car position is 9576.3 m away, above the 40 m threshold: routes do not overlap here"
pair_00036,car_2e84f0c3e245,motorcycle_5ab8604a14df,1167118134150,2217248187341,0.0,0.012733529627481428,44.14739990234375,12.210501670837402,44.190773010253906,12.106860160827637,9570.37668152278,11.759726706574043,0.0,"gps,gps",False,"nearest car position is 9570.4 m away, above the 40 m threshold: routes do not overlap here"
pair_00037,car_2e84f0c3e245,motorcycle_5ab8604a14df,1167118134150,2218248186820,0.0,0.013130960511486149,44.14739990234375,12.210501670837402,44.19075012207031,12.106924057006836,9564.693666637493,15.081482496082174,0.0,"gps,gps",False,"nearest car position is 9564.7 m away, above the 40 m threshold: routes do not overlap here"
pair_00038,car_2e84f0c3e245,motorcycle_5ab8604a14df,1167118134150,2219248186299,0.0,0.013542474310229027,44.14739990234375,12.210501670837402,44.19072341918945,12.106987953186035,9558.797115568437,11.391811843173002,0.0,"gps,gps",False,"nearest car position is 9558.8 m away, above the 40 m threshold: routes do not overlap here"
pair_00039,car_2e84f0c3e245,motorcycle_5ab8604a14df,1167118134150,2220248185726,0.0,0.013959001694535721,44.14739990234375,12.210501670837402,44.19070053100586,12.1070556640625,9552.8513269583,16.386481705644314,0.0,"gps,gps",False,"nearest car position is 9552.9 m away, above the 40 m threshold: routes do not overlap here"
pair_00040,car_2e84f0c3e245,motorcycle_5ab8604a14df,1167118134150,2221248185257,0.0,0.014393644140356252,44.14739990234375,12.210501670837402,44.190673828125,12.107124328613281,9546.626294925123,13.15332333012924,0.0,"gps,gps",False,"nearest car position is 9546.6 m away, above the 40 m threshold: routes do not overlap here"
pair_00041,car_2e84f0c3e245,motorcycle_5ab8604a14df,1167118134150,2222248184684,0.0,0.014856760751718712,44.14739990234375,12.210501670837402,44.190643310546875,12.107195854187012,9539.990607973737,10.872349540962489,0.0,"gps,gps",False,"nearest car position is 9540.0 m away, above the 40 m threshold: routes do not overlap here"
pair_00042,car_2e84f0c3e245,motorcycle_5ab8604a14df,1167118134150,2223248184163,0.0,0.015305461444628365,44.14739990234375,12.210501670837402,44.190616607666016,12.107267379760742,9533.568491374366,14.12254333455411,0.0,"gps,gps",False,"nearest car position is 9533.6 m away, above the 40 m threshold: routes do not overlap here"
pair_00043,car_2e84f0c3e245,motorcycle_5ab8604a14df,1167118134150,2224248183643,0.0,0.01576857838806444,44.14739990234375,12.210501670837402,44.19058609008789,12.107338905334473,9526.932797975718,10.872373980581983,0.0,"gps,gps",False,"nearest car position is 9526.9 m away, above the 40 m threshold: routes do not overlap here"
pair_00044,car_2e84f0c3e245,motorcycle_5ab8604a14df,1167118134150,2225248183070,0.0,0.016209103520013285,44.14739990234375,12.210501670837402,44.190555572509766,12.107405662536621,9520.62557708303,9.107452230292608,0.0,"gps,gps",False,"nearest car position is 9520.6 m away, above the 40 m threshold: routes do not overlap here"
pair_00045,car_2e84f0c3e245,motorcycle_5ab8604a14df,1167118134150,2226248182549,0.0,0.01659792487485234,44.14739990234375,12.210501670837402,44.190528869628906,12.107464790344238,9515.057490032414,9.4227402807943,0.0,"gps,gps",False,"nearest car position is 9515.1 m away, above the 40 m threshold: routes do not overlap here"
pair_00046,car_2e84f0c3e245,motorcycle_5ab8604a14df,1167118134150,2227248182028,0.0,0.0169671489463867,44.14739990234375,12.210501670837402,44.19050598144531,12.107522964477539,9509.768661360316,12.87296809182186,0.0,"gps,gps",False,"nearest car position is 9509.8 m away, above the 40 m threshold: routes do not overlap here"
pair_00047,car_2e84f0c3e245,motorcycle_5ab8604a14df,1167118134150,2228248181455,0.0,0.017313347732880527,44.14739990234375,12.210501670837402,44.19048309326172,12.107576370239258,9504.808310137585,10.76014034894672,0.0,"gps,gps",False,"nearest car position is 9504.8 m away, above the 40 m threshold: routes do not overlap here"
pair_00048,car_2e84f0c3e245,motorcycle_5ab8604a14df,1167118134150,2229248180934,0.0,0.017626476309943084,44.14739990234375,12.210501670837402,44.19046401977539,12.107625961303711,9500.324306974806,13.417929068604337,0.0,"gps,gps",False,"nearest car position is 9500.3 m away, above the 40 m threshold: routes do not overlap here"
pair_00049,car_2e84f0c3e245,motorcycle_5ab8604a14df,1167118134150,2230248180361,0.0,0.017907366170744014,44.14739990234375,12.210501670837402,44.19044876098633,12.107671737670898,9496.31666318211,16.69428079312371,0.0,"gps,gps",False,"nearest car position is 9496.3 m away, above the 40 m threshold: routes do not overlap here"
pair_00050,car_2e84f0c3e245,motorcycle_5ab8604a14df,1167118134150,2231248179841,0.0,0.018137455408950995,44.14739990234375,12.210501670837402,44.19043731689453,12.107709884643555,9493.048170702754,18.92302156562289,0.0,"gps,gps",False,"nearest car position is 9493.0 m away, above the 40 m threshold: routes do not overlap here"
pair_00051,car_2e84f0c3e245,motorcycle_5ab8604a14df,1167118134150,2232248179268,0.0,0.018328489103840176,44.14739990234375,12.210501670837402,44.19043731689453,12.107744216918945,9490.683363139588,41.6271792135139,0.0,"gps,gps",False,"nearest car position is 9490.7 m away, above the 40 m threshold: routes do not overlap here"
pair_00052,car_2e84f0c3e245,motorcycle_5ab8604a14df,1167118134150,2233248178747,0.0,0.018516560670935052,44.14739990234375,12.210501670837402,44.1904411315918,12.10777759552002,9488.598152059249,50.683280374204685,0.0,"gps,gps",False,"nearest car position is 9488.6 m away, above the 40 m threshold: routes do not overlap here | heading differs by 51deg: the two vehicles are not travelling in a comparable direction at this point"
pair_00053,car_2e84f0c3e245,motorcycle_5ab8604a14df,1167118134150,2234248178174,0.0,0.01875405307339395,44.14739990234375,12.210501670837402,44.190460205078125,12.107810974121094,9487.368514025957,80.17998247495001,0.0,"gps,gps",False,"nearest car position is 9487.4 m away, above the 40 m threshold: routes do not overlap here | heading differs by 80deg: the two vehicles are not travelling in a comparable direction at this point"
pair_00054,car_2e84f0c3e245,motorcycle_5ab8604a14df,1167118134150,2235248177653,0.0,0.019157855766445193,44.14739990234375,12.210501670837402,44.19050216674805,12.107853889465332,9486.767557332914,95.37374900623053,0.0,"gps,gps",False,"nearest car position is 9486.8 m away, above the 40 m threshold: routes do not overlap here | heading differs by 95deg: the two vehicles are not travelling in a comparable direction at this point"
pair_00055,car_2e84f0c3e245,motorcycle_5ab8604a14df,1167118134150,2236248177080,0.0,0.01967407790574913,44.14739990234375,12.210501670837402,44.190555572509766,12.107909202575684,9485.96004111262,95.02835475706343,0.0,"gps,gps",False,"nearest car position is 9486.0 m away, above the 40 m threshold: routes do not overlap here | heading differs by 95deg: the two vehicles are not travelling in a comparable direction at this point"
pair_00056,car_2e84f0c3e245,motorcycle_5ab8604a14df,1167118134150,2237248176507,0.0,0.02039344009117809,44.14739990234375,12.210501670837402,44.19063186645508,12.107982635498047,9485.200407958748,97.01621492746148,0.0,"gps,gps",False,"nearest car position is 9485.2 m away, above the 40 m threshold: routes do not overlap here | heading differs by 97deg: the two vehicles are not travelling in a comparable direction at this point"
pair_00057,car_2e84f0c3e245,motorcycle_5ab8604a14df,1167118134150,2238248175934,0.0,0.02116226555311821,44.14739990234375,12.210501670837402,44.19071578979492,12.10805606842041,9484.88224919453,99.52319444250998,0.0,"gps,gps",False,"nearest car position is 9484.9 m away, above the 40 m threshold: routes do not overlap here | heading differs by 100deg: the two vehicles are not travelling in a comparable direction at this point"
pair_00058,car_2e84f0c3e245,motorcycle_5ab8604a14df,1167118134150,2239248175361,0.0,0.02202077565614062,44.14739990234375,12.210501670837402,44.19081115722656,12.108134269714355,9484.896363183789,101.17341838285552,0.0,"gps,gps",False,"nearest car position is 9484.9 m away, above the 40 m threshold: routes do not overlap here | heading differs by 101deg: the two vehicles are not travelling in a comparable direction at this point"
pair_00059,car_2e84f0c3e245,motorcycle_5ab8604a14df,1167118134150,2240248174788,0.0,0.02307819080173054,44.14739990234375,12.210501670837402,44.1909294128418,12.10822868347168,9485.111360693434,101.83775172687416,0.0,"gps,gps",False,"nearest car position is 9485.1 m away, above the 40 m threshold: routes do not overlap here | heading differs by 102deg: the two vehicles are not travelling in a comparable direction at this point"
pair_00060,car_2e84f0c3e245,motorcycle_5ab8604a14df,1167118134150,2241248174164,0.0,0.02421077805321462,44.14739990234375,12.210501670837402,44.19105529785156,12.108331680297852,9485.196104120989,101.22906255321612,0.0,"gps,gps",False,"nearest car position is 9485.2 m away, above the 40 m threshold: routes do not overlap here | heading differs by 101deg: the two vehicles are not travelling in a comparable direction at this point"
pair_00061,car_2e84f0c3e245,motorcycle_5ab8604a14df,1167118134150,2242248173591,0.0,0.025338844892081287,44.14739990234375,12.210501670837402,44.191184997558594,12.108423233032227,9486.309501053503,104.7818220433739,0.0,"gps,gps",False,"nearest car position is 9486.3 m away, above the 40 m threshold: routes do not overlap here | heading differs by 105deg: the two vehicles are not travelling in a comparable direction at this point"
pair_00062,car_2e84f0c3e245,motorcycle_5ab8604a14df,1167118134150,2243248173018,0.0,0.026762149631204463,44.14739990234375,12.210501670837402,44.191349029541016,12.108537673950195,9487.848959629431,105.0509581818335,0.0,"gps,gps",False,"nearest car position is 9487.8 m away, above the 40 m threshold: routes do not overlap here | heading differs by 105deg: the two vehicles are not travelling in a comparable direction at this point"
pair_00063,car_2e84f0c3e245,motorcycle_5ab8604a14df,1167118134150,2244248172393,0.0,0.0282479184364118,44.14739990234375,12.210501670837402,44.19152069091797,12.10865592956543,9489.609707295216,105.34043685563967,0.0,"gps,gps",False,"nearest car position is 9489.6 m away, above the 40 m threshold: routes do not overlap here | heading differs by 105deg: the two vehicles are not travelling in a comparable direction at this point"
pair_00064,car_2e84f0c3e245,motorcycle_5ab8604a14df,1167118134150,2245248171768,0.0,0.029606404463126353,44.14739990234375,12.210501670837402,44.19167709350586,12.108765602111816,9491.123778405476,104.93471555535683,0.0,"gps,gps",False,"nearest car position is 9491.1 m away, above the 40 m threshold: routes do not overlap here | heading differs by 105deg: the two vehicles are not travelling in a comparable direction at this point"
pair_00065,car_2e84f0c3e245,motorcycle_5ab8604a14df,1167118134150,2246248171143,0.0,0.03090007886515352,44.14739990234375,12.210501670837402,44.19182586669922,12.108870506286621,9492.561249127582,104.80674310270899,0.0,"gps,gps",False,"nearest car position is 9492.6 m away, above the 40 m threshold: routes do not overlap here | heading differs by 105deg: the two vehicles are not travelling in a comparable direction at this point"
pair_00066,car_2e84f0c3e245,motorcycle_5ab8604a14df,1167118134150,2247248170570,0.0,0.032217900823015004,44.14739990234375,12.210501670837402,44.191978454589844,12.10897445678711,9494.320840389297,105.59343031798858,0.0,"gps,gps",False,"nearest car position is 9494.3 m away, above the 40 m threshold: routes do not overlap here | heading differs by 106deg: the two vehicles are not travelling in a comparable direction at this point"
pair_00067,car_2e84f0c3e245,motorcycle_5ab8604a14df,1167118134150,2248248169945,0.0,0.033638835679981154,44.14739990234375,12.210501670837402,44.192142486572266,12.109087944030762,9496.13572339415,105.24262531783654,0.0,"gps,gps",False,"nearest car position is 9496.1 m away, above the 40 m threshold: routes do not overlap here | heading differs by 105deg: the two vehicles are not travelling in a comparable direction at this point"
pair_00068,car_2e84f0c3e245,motorcycle_5ab8604a14df,1167118134150,2249248169320,0.0,0.034968514716595005,44.14739990234375,12.210501670837402,44.19229507446289,12.109196662902832,9497.64921597569,104.56624904530571,0.0,"gps,gps",False,"nearest car position is 9497.6 m away, above the 40 m threshold: routes do not overlap here | heading differs by 105deg: the two vehicles are not travelling in a comparable direction at this point"
pair_00069,car_2e84f0c3e245,motorcycle_5ab8604a14df,1167118134150,2250248168695,0.0,0.03633179728007536,44.14739990234375,12.210501670837402,44.19245147705078,12.109308242797852,9499.230307451391,104.53652115639778,0.0,"gps,gps",False,"nearest car position is 9499.2 m away, above the 40 m threshold: routes do not overlap here | heading differs by 105deg: the two vehicles are not travelling in a comparable direction at this point"
pair_00070,car_2e84f0c3e245,motorcycle_5ab8604a14df,1167118134150,2251248168070,0.0,0.037661474873819996,44.14739990234375,12.210501670837402,44.192604064941406,12.109416961669922,9500.820779350579,104.56637074632556,0.0,"gps,gps",False,"nearest car position is 9500.8 m away, above the 40 m threshold: routes do not overlap here | heading differs by 105deg: the two vehicles are not travelling in a comparable direction at this point"
pair_00071,car_2e84f0c3e245,motorcycle_5ab8604a14df,1167118134150,2252248167445,0.0,0.03884727885341529,44.14739990234375,12.210501670837402,44.19274139404297,12.10951042175293,9502.581255672163,105.6167596898203,0.0,"gps,gps",False,"nearest car position is 9502.6 m away, above the 40 m threshold: routes do not overlap here | heading differs by 106deg: the two vehicles are not travelling in a comparable direction at this point"
pair_00072,car_2e84f0c3e245,motorcycle_5ab8604a14df,1167118134150,2253248166820,0.0,0.039975339111010165,44.14739990234375,12.210501670837402,44.19287109375,12.109601974487305,9504.049709451725,104.78248249682554,0.0,"gps,gps",False,"nearest car position is 9504.0 m away, above the 40 m threshold: routes do not overlap here | heading differs by 105deg: the two vehicles are not travelling in a comparable direction at this point"
pair_00073,car_2e84f0c3e245,motorcycle_5ab8604a14df,1167118134150,2254248166195,0.0,0.040983683141578915,44.14739990234375,12.210501670837402,44.19298553466797,12.109687805175781,9505.027421690056,103.35816714398686,0.0,"gps,gps",False,"nearest car position is 9505.0 m away, above the 40 m threshold: routes do not overlap here | heading differs by 103deg: the two vehicles are not travelling in a comparable direction at this point"
pair_00074,car_2e84f0c3e245,motorcycle_5ab8604a14df,1167118134150,2255248165622,0.0,0.04187310169573247,44.14739990234375,12.210501670837402,44.193084716796875,12.10976791381836,9505.506736781721,101.55156405312073,0.0,"gps,gps",False,"nearest car position is 9505.5 m away, above the 40 m threshold: routes do not overlap here | heading differs by 102deg: the two vehicles are not travelling in a comparable direction at this point"
pair_00075,car_2e84f0c3e245,motorcycle_5ab8604a14df,1167118134150,2256248164945,0.0,0.042667554527872895,44.14739990234375,12.210501670837402,44.19317626953125,12.109831809997559,9506.641334218994,105.04370606260915,0.0,"gps,gps",False,"nearest car position is 9506.6 m away, above the 40 m threshold: routes do not overlap here | heading differs by 105deg: the two vehicles are not travelling in a comparable direction at this point"
pair_00076,car_2e84f0c3e245,motorcycle_5ab8604a14df,1167118134150,2257248164372,0.0,0.04333239172155373,44.14739990234375,12.210501670837402,44.19325256347656,12.109886169433594,9507.522251957931,104.56662225083409,0.0,"gps,gps",False,"nearest car position is 9507.5 m away, above the 40 m threshold: routes do not overlap here | heading differs by 105deg: the two vehicles are not travelling in a comparable direction at this point"
pair_00077,car_2e84f0c3e245,motorcycle_5ab8604a14df,1167118134150,2258248163747,0.0,0.043860857287493636,44.14739990234375,12.210501670837402,44.19330978393555,12.10993766784668,9507.46726137649,98.79331034022374,0.0,"gps,gps",False,"nearest car position is 9507.5 m away, above the 40 m threshold: routes do not overlap here | heading differs by 99deg: the two vehicles are not travelling in a comparable direction at this point"
pair_00078,car_2e84f0c3e245,motorcycle_5ab8604a14df,1167118134150,2259248163122,0.0,0.04428088733717584,44.14739990234375,12.210501670837402,44.19335174560547,12.1099853515625,9506.76368834702,92.45529790212282,0.0,"gps,gps",False,"nearest car position is 9506.8 m away, above the 40 m threshold: routes do not overlap here | heading differs by 92deg: the two vehicles are not travelling in a comparable direction at this point"
pair_00079,car_2e84f0c3e245,motorcycle_5ab8604a14df,1167118134150,2260248162497,0.0,0.04449103644182612,44.14739990234375,12.210501670837402,44.193359375,12.110021591186523,9504.782096850624,57.99071549616542,0.0,"gps,gps",False,"nearest car position is 9504.8 m away, above the 40 m threshold: routes do not overlap here | heading differs by 58deg: the two vehicles are not travelling in a comparable direction at this point"
pair_00080,car_2e84f0c3e245,motorcycle_5ab8604a14df,1167118134150,2261248161872,0.0,0.04454940495456551,44.14739990234375,12.210501670837402,44.193359375,12.110032081604004,9504.076654664488,41.62717090926384,0.0,"gps,gps",False,"nearest car position is 9504.1 m away, above the 40 m threshold: routes do not overlap here"
pair_00081,car_2e84f0c3e245,motorcycle_5ab8604a14df,1167118134150,2262248161247,0.0,0.04454940495456551,44.14739990234375,12.210501670837402,44.193359375,12.110032081604004,9504.076654664488,131.6271672508256,0.0,"gps,gps",False,"nearest car position is 9504.1 m away, above the 40 m threshold: routes do not overlap here | heading differs by 132deg: the two vehicles are not travelling in a comparable direction at this point | at least one vehicle is stopped at this point"
pair_00082,car_2e84f0c3e245,motorcycle_5ab8604a14df,1167118134150,2263248160622,0.0,0.04454940495456551,44.14739990234375,12.210501670837402,44.193359375,12.110032081604004,9504.076654664488,131.6271672508256,0.0,"gps,gps",False,"nearest car position is 9504.1 m away, above the 40 m threshold: routes do not overlap here | heading differs by 132deg: the two vehicles are not travelling in a comparable direction at this point | at least one vehicle is stopped at this point"
pair_00083,car_2e84f0c3e245,motorcycle_5ab8604a14df,1167118134150,2264248159997,0.0,0.04454940495456551,44.14739990234375,12.210501670837402,44.193359375,12.110032081604004,9504.076654664488,131.6271672508256,0.0,"gps,gps",False,"nearest car position is 9504.1 m away, above the 40 m threshold: routes do not overlap here | heading differs by 132deg: the two vehicles are not travelling in a comparable direction at this point | at least one vehicle is stopped at this point"
pair_00084,car_2e84f0c3e245,motorcycle_5ab8604a14df,1167118134150,2265248159372,0.0,0.04454940495456551,44.14739990234375,12.210501670837402,44.193359375,12.110032081604004,9504.076654664488,131.6271672508256,0.0,"gps,gps",False,"nearest car position is 9504.1 m away, above the 40 m threshold: routes do not overlap here | heading differs by 132deg: the two vehicles are not travelling in a comparable direction at this point | at least one vehicle is stopped at this point"
pair_00085,car_2e84f0c3e245,motorcycle_5ab8604a14df,1167118134150,2266248158747,0.0,0.04454940495456551,44.14739990234375,12.210501670837402,44.193359375,12.110032081604004,9504.076654664488,131.6271672508256,0.0,"gps,gps",False,"nearest car position is 9504.1 m away, above the 40 m threshold: routes do not overlap here | heading differs by 132deg: the two vehicles are not travelling in a comparable direction at this point | at least one vehicle is stopped at this point"
pair_00086,car_2e84f0c3e245,motorcycle_5ab8604a14df,1167118134150,2267248158070,0.0,0.04454940495456551,44.14739990234375,12.210501670837402,44.193359375,12.110032081604004,9504.076654664488,131.6271672508256,0.0,"gps,gps",False,"nearest car position is 9504.1 m away, above the 40 m threshold: routes do not overlap here | heading differs by 132deg: the two vehicles are not travelling in a comparable direction at this point | at least one vehicle is stopped at this point"
pair_00087,car_2e84f0c3e245,motorcycle_5ab8604a14df,1167118134150,2268248157445,0.0,0.04459690200236545,44.14739990234375,12.210501670837402,44.193355560302734,12.110038757324219,9503.399877749423,3.072988610175173,0.0,"gps,gps",False,"nearest car position is 9503.4 m away, above the 40 m threshold: routes do not overlap here"
pair_00088,car_2e84f0c3e245,motorcycle_5ab8604a14df,1167118134150,2269248156768,0.0,0.044747031235737124,44.14739990234375,12.210501670837402,44.193363189697266,12.110063552856445,9502.188379715153,64.85345903512149,0.0,"gps,gps",False,"nearest car position is 9502.2 m away, above the 40 m threshold: routes do not overlap here | heading differs by 65deg: the two vehicles are not travelling in a comparable direction at this point"
pair_00089,car_2e84f0c3e245,motorcycle_5ab8604a14df,1167118134150,2270248156143,0.0,0.04506677821778052,44.14739990234375,12.210501670837402,44.193359375,12.11012077331543,9498.113313274282,36.31503463368557,0.0,"gps,gps",False,"nearest car position is 9498.1 m away, above the 40 m threshold: routes do not overlap here"
pair_00090,car_2e84f0c3e245,motorcycle_5ab8604a14df,1167118134150,2271248155466,0.0,0.04564144829528547,44.14739990234375,12.210501670837402,44.1933479309082,12.110222816467285,9490.569687610703,32.73721311860692,0.0,"gps,gps",False,"nearest car position is 9490.6 m away, above the 40 m threshold: routes do not overlap here"
pair_00091,car_2e84f0c3e245,motorcycle_5ab8604a14df,1167118134150,2272248154841,0.0,0.046676107816985495,44.14739990234375,12.210501670837402,44.19329833984375,12.110395431518555,9476.002327771706,19.791651625282384,0.0,"gps,gps",False,"nearest car position is 9476.0 m away, above the 40 m threshold: routes do not overlap here"
pair_00092,car_2e84f0c3e245,motorcycle_5ab8604a14df,1167118134150,2273248154164,0.0,0.04790526431818704,44.14739990234375,12.210501670837402,44.193241119384766,12.110601425170898,9458.736458208325,20.449837028556544,0.0,"gps,gps",False,"nearest car position is 9458.7 m away, above the 40 m threshold: routes do not overlap here"
pair_00093,car_2e84f0c3e245,motorcycle_5ab8604a14df,1167118134150,2274248153538,0.0,0.04918999826911377,44.14739990234375,12.210501670837402,44.19319152832031,12.110821723937988,9440.968105203156,24.196964697149497,0.0,"gps,gps",False,"nearest car position is 9441.0 m away, above the 40 m threshold: routes do not overlap here"
pair_00094,car_2e84f0c3e245,motorcycle_5ab8604a14df,1167118134150,2275248152861,0.0,0.05039256256768432,44.14739990234375,12.210501670837402,44.19315719604492,12.111032485961914,9424.757524164497,28.827319308729216,0.0,"gps,gps",False,"nearest car position is 9424.8 m away, above the 40 m threshold: routes do not overlap here"
pair_00095,car_2e84f0c3e245,motorcycle_5ab8604a14df,1167118134150,2276248152236,0.0,0.05150511778502411,44.14739990234375,12.210501670837402,44.19313049316406,12.111228942871094,9409.968586363939,30.892912560345735,0.0,"gps,gps",False,"nearest car position is 9410.0 m away, above the 40 m threshold: routes do not overlap here"
pair_00096,car_2e84f0c3e245,motorcycle_5ab8604a14df,1167118134150,2277248151559,0.0,0.052523606095422296,44.14739990234375,12.210501670837402,44.19310760498047,12.111409187316895,9396.500222570163,31.583937200045,0.0,"gps,gps",False,"nearest car position is 9396.5 m away, above the 40 m threshold: routes do not overlap here"
pair_00097,car_2e84f0c3e245,motorcycle_5ab8604a14df,1167118134150,2278248150882,0.0,0.05346419085437652,44.14739990234375,12.210501670837402,44.19307327270508,12.111571311950684,9383.56218576723,25.17269409063772,0.0,"gps,gps",False,"nearest car position is 9383.6 m away, above the 40 m threshold: routes do not overlap here"
pair_00098,car_2e84f0c3e245,motorcycle_5ab8604a14df,1167118134150,2279248150257,0.0,0.054343844823643864,44.14739990234375,12.210501670837402,44.193031311035156,12.11171817779541,9371.18983732876,19.900507471856656,0.0,"gps,gps",False,"nearest car position is 9371.2 m away, above the 40 m threshold: routes do not overlap here"
pair_00099,car_2e84f0c3e245,motorcycle_5ab8604a14df,1167118134150,2280248149580,0.0,0.05516226877056735,44.14739990234375,12.210501670837402,44.19297790527344,12.111845016479492,9359.472360674406,11.203809937040205,0.0,"gps,gps",False,"nearest car position is 9359.5 m away, above the 40 m threshold: routes do not overlap here"
pair_00100,car_2e84f0c3e245,motorcycle_5ab8604a14df,1167118134150,2281248148903,0.0,0.05593072668152237,44.14739990234375,12.210501670837402,44.1928825378418,12.111882209777832,9351.244505259607,32.750303374398584,0.0,"gps,gps",False,"nearest car position is 9351.2 m away, above the 40 m threshold: routes do not overlap here"
pair_00101,car_2e84f0c3e245,motorcycle_5ab8604a14df,1167118134150,2282248148278,0.0,0.056615243108844915,44.14739990234375,12.210501670837402,44.19280242919922,12.111933708190918,9342.978091042625,23.626558584856127,0.0,"gps,gps",False,"nearest car position is 9343.0 m away, above the 40 m threshold: routes do not overlap here"
pair_00102,car_2e84f0c3e245,motorcycle_5ab8604a14df,1167118134150,2283248147601,0.0,0.057314168344980695,44.14739990234375,12.210501670837402,44.192726135253906,12.112000465393066,9333.91909888956,16.269725990041763,0.0,"gps,gps",False,"nearest car position is 9333.9 m away, above the 40 m threshold: routes do not overlap here"
pair_00103,car_2e84f0c3e245,motorcycle_5ab8604a14df,1167118134150,2284248146924,0.0,0.058002013614437416,44.14739990234375,12.210501670837402,44.192665100097656,12.112090110778809,9324.240081511036,1.891462738950338,0.0,"gps,gps",False,"nearest car position is 9324.2 m away, above the 40 m threshold: routes do not overlap here"
pair_00104,car_2e84f0c3e245,motorcycle_5ab8604a14df,1167118134150,2285248146299,0.0,0.058667862703611275,44.14739990234375,12.210501670837402,44.192630767822266,12.112199783325195,9314.81806755858,18.041039817293495,0.0,"gps,gps",False,"nearest car position is 9314.8 m away, above the 40 m threshold: routes do not overlap here"
pair_00105,car_2e84f0c3e245,motorcycle_5ab8604a14df,1167118134150,2286248145622,0.0,0.05932120787828086,44.14739990234375,12.210501670837402,44.192626953125,12.112317085266113,9306.715709026832,39.0302757834898,0.0,"gps,gps",False,"nearest car position is 9306.7 m away, above the 40 m threshold: routes do not overlap here"
pair_00106,car_2e84f0c3e245,motorcycle_5ab8604a14df,1167118134150,2287248144945,0.0,0.059995880198525545,44.14739990234375,12.210501670837402,44.19265365600586,12.112432479858398,9300.577514065912,59.514197319158995,0.0,"gps,gps",False,"nearest car position is 9300.6 m away, above the 40 m threshold: routes do not overlap here | heading differs by 60deg: the two vehicles are not travelling in a comparable direction at this point"
pair_00107,car_2e84f0c3e245,motorcycle_5ab8604a14df,1167118134150,2288248144268,0.0,0.0607083409073363,44.14739990234375,12.210501670837402,44.192710876464844,12.112532615661621,9297.305123926353,80.18106315308552,0.0,"gps,gps",False,"nearest car position is 9297.3 m away, above the 40 m threshold: routes do not overlap here | heading differs by 80deg: the two vehicles are not travelling in a comparable direction at this point"
pair_00108,car_2e84f0c3e245,motorcycle_5ab8604a14df,1167118134150,2289248143591,0.0,0.06142172027597468,44.14739990234375,12.210501670837402,44.192787170410156,12.112604141235352,9297.109436554167,97.7187344872604,0.0,"gps,gps",False,"nearest car position is 9297.1 m away, above the 40 m threshold: routes do not overlap here | heading differs by 98deg: the two vehicles are not travelling in a comparable direction at this point"
pair_00109,car_2e84f0c3e245,motorcycle_5ab8604a14df,1167118134150,2290248142914,0.0,0.06218198140705814,44.14739990234375,12.210501670837402,44.19287872314453,12.112652778625488,9299.378795963896,110.7750925657204,0.0,"gps,gps",False,"nearest car position is 9299.4 m away, above the 40 m threshold: routes do not overlap here | heading differs by 111deg: the two vehicles are not travelling in a comparable direction at this point"
pair_00110,car_2e84f0c3e245,motorcycle_5ab8604a14df,1167118134150,2291248142237,0.0,0.06309150681114511,44.14739990234375,12.210501670837402,44.1929931640625,12.112688064575195,9303.938675122283,119.16108280555937,0.0,"gps,gps",False,"nearest car position is 9303.9 m away, above the 40 m threshold: routes do not overlap here | heading differs by 119deg: the two vehicles are not travelling in a comparable direction at this point"
pair_00111,car_2e84f0c3e245,motorcycle_5ab8604a14df,1167118134150,2292248141560,0.0,0.06394845937027245,44.14739990234375,12.210501670837402,44.19309997558594,12.112727165222168,9307.796918577502,116.92040674410026,0.0,"gps,gps",False,"nearest car position is 9307.8 m away, above the 40 m threshold: routes do not overlap here | heading differs by 117deg: the two vehicles are not travelling in a comparable direction at this point"
pair_00112,car_2e84f0c3e245,motorcycle_5ab8604a14df,1167118134150,2293248140882,0.0,0.0648101082144519,44.14739990234375,12.210501670837402,44.193199157714844,12.112796783447266,9309.168587454435,104.91224020088976,0.0,"gps,gps",False,"nearest car position is 9309.2 m away, above the 40 m threshold: routes do not overlap here | heading differs by 105deg: the two vehicles are not travelling in a comparable direction at this point"
pair_00113,car_2e84f0c3e245,motorcycle_5ab8604a14df,1167118134150,2294248140205,0.0,0.06567760674433074,44.14739990234375,12.210501670837402,44.19328308105469,12.112899780273438,9307.400648476108,90.2811773190262,0.0,"gps,gps",False,"nearest car position is 9307.4 m away, above the 40 m threshold: routes do not overlap here | heading differs by 90deg: the two vehicles are not travelling in a comparable direction at this point"
pair_00114,car_2e84f0c3e245,motorcycle_5ab8604a14df,1167118134150,2295248139528,0.0,0.06664843676851775,44.14739990234375,12.210501670837402,44.193359375,12.113038063049316,9302.831731417546,79.20544203716832,0.0,"gps,gps",False,"nearest car position is 9302.8 m away, above the 40 m threshold: routes do not overlap here | heading differs by 79deg: the two vehicles are not travelling in a comparable direction at this point"
pair_00115,car_2e84f0c3e245,motorcycle_5ab8604a14df,1167118134150,2296248138851,0.0,0.06772743541993119,44.14739990234375,12.210501670837402,44.19343566894531,12.113200187683105,9296.694023934751,74.90562665654858,0.0,"gps,gps",False,"nearest car position is 9296.7 m away, above the 40 m threshold: routes do not overlap here | heading differs by 75deg: the two vehicles are not travelling in a comparable direction at this point"
pair_00116,car_2e84f0c3e245,motorcycle_5ab8604a14df,1167118134150,2297248138122,0.0,0.0688404977448119,44.14739990234375,12.210501670837402,44.19351577758789,12.11336612701416,9290.558222735624,75.58011674571316,0.0,"gps,gps",False,"nearest car position is 9290.6 m away, above the 40 m threshold: routes do not overlap here | heading differs by 76deg: the two vehicles are not travelling in a comparable direction at this point"
pair_00117,car_2e84f0c3e245,motorcycle_5ab8604a14df,1167118134150,2298248137393,0.0,0.06993165222530434,44.14739990234375,12.210501670837402,44.19359588623047,12.113527297973633,9284.762611335735,76.35825300680716,0.0,"gps,gps",False,"nearest car position is 9284.8 m away, above the 40 m threshold: routes do not overlap here | heading differs by 76deg: the two vehicles are not travelling in a comparable direction at this point"
pair_00118,car_2e84f0c3e245,motorcycle_5ab8604a14df,1167118134150,2299248136716,0.0,0.07106181902911238,44.14739990234375,12.210501670837402,44.19368362426758,12.113689422607422,9279.396541600901,78.67242002680166,0.0,"gps,gps",False,"nearest car position is 9279.4 m away, above the 40 m threshold: routes do not overlap here | heading differs by 79deg: the two vehicles are not travelling in a comparable direction at this point"
pair_00119,car_2e84f0c3e245,motorcycle_5ab8604a14df,1167118134150,2300248135987,0.0,0.07219209580624436,44.14739990234375,12.210501670837402,44.19377899169922,12.113842964172363,9275.095952815076,82.52925209911024,0.0,"gps,gps",False,"nearest car position is 9275.1 m away, above the 40 m threshold: routes do not overlap here | heading differs by 83deg: the two vehicles are not travelling in a comparable direction at this point"
pair_00120,car_2e84f0c3e245,motorcycle_5ab8604a14df,1167118134150,2301248135257,0.0,0.07326348118506122,44.14739990234375,12.210501670837402,44.19387435913086,12.113982200622559,9271.768963539233,85.31740153544985,0.0,"gps,gps",False,"nearest car position is 9271.8 m away, above the 40 m threshold: routes do not overlap here | heading differs by 85deg: the two vehicles are not travelling in a comparable direction at this point"
pair_00121,car_2e84f0c3e245,motorcycle_5ab8604a14df,1167118134150,2302248134528,0.0,0.07434524533539652,44.14739990234375,12.210501670837402,44.1939811706543,12.114107131958008,9270.122852032258,91.64348274830712,0.0,"gps,gps",False,"nearest car position is 9270.1 m away, above the 40 m threshold: routes do not overlap here | heading differs by 92deg: the two vehicles are not travelling in a comparable direction at this point"
pair_00122,car_2e84f0c3e245,motorcycle_5ab8604a14df,1167118134150,2303248133799,0.0,0.07542686674091593,44.14739990234375,12.210501670837402,44.194091796875,12.114225387573242,9269.180865827399,94.15955995243405,0.0,"gps,gps",False,"nearest car position is 9269.2 m away, above the 40 m threshold: routes do not overlap here | heading differs by 94deg: the two vehicles are not travelling in a comparable direction at this point"
pair_00123,car_2e84f0c3e245,motorcycle_5ab8604a14df,1167118134150,2304248133018,0.0,0.07655367999980359,44.14739990234375,12.210501670837402,44.1942138671875,12.114335060119629,9269.545129343183,98.83905751664571,0.0,"gps,gps",False,"nearest car position is 9269.5 m away, above the 40 m threshold: routes do not overlap here | heading differs by 99deg: the two vehicles are not travelling in a comparable direction at this point"
pair_00124,car_2e84f0c3e245,motorcycle_5ab8604a14df,1167118134150,2305248132289,0.0,0.07770926534866099,44.14739990234375,12.210501670837402,44.19434356689453,12.114437103271484,9270.917653018421,102.20008685168597,0.0,"gps,gps",False,"nearest car position is 9270.9 m away, above the 40 m threshold: routes do not overlap here | heading differs by 102deg: the two vehicles are not travelling in a comparable direction at this point"
pair_00125,car_2e84f0c3e245,motorcycle_5ab8604a14df,1167118134150,2306248131559,0.0,0.07888067136924404,44.14739990234375,12.210501670837402,44.19447708129883,12.114535331726074,9272.80995961758,103.81593955738902,0.0,"gps,gps",False,"nearest car position is 9272.8 m away, above the 40 m threshold: routes do not overlap here | heading differs by 104deg: the two vehicles are not travelling in a comparable direction at this point"
pair_00126,car_2e84f0c3e245,motorcycle_5ab8604a14df,1167118134150,2307248130830,0.0,0.08009542728520722,44.14739990234375,12.210501670837402,44.194618225097656,12.114629745483398,9275.462893596814,106.00484982491372,0.0,"gps,gps",False,"nearest car position is 9275.5 m away, above the 40 m threshold: routes do not overlap here | heading differs by 106deg: the two vehicles are not travelling in a comparable direction at this point"
pair_00127,car_2e84f0c3e245,motorcycle_5ab8604a14df,1167118134150,2308248130101,0.0,0.08129458851681474,44.14739990234375,12.210501670837402,44.194759368896484,12.114717483520508,9278.586119687736,107.60527170077751,0.0,"gps,gps",False,"nearest car position is 9278.6 m away, above the 40 m threshold: routes do not overlap here | heading differs by 108deg: the two vehicles are not travelling in a comparable direction at this point"
pair_00128,car_2e84f0c3e245,motorcycle_5ab8604a14df,1167118134150,2309248129372,0.0,0.08250852489133365,44.14739990234375,12.210501670837402,44.19490432739258,12.114799499511719,9282.356583061577,109.54696340302166,0.0,"gps,gps",False,"nearest car position is 9282.4 m away, above the 40 m threshold: routes do not overlap here | heading differs by 110deg: the two vehicles are not travelling in a comparable direction at this point"
pair_00129,car_2e84f0c3e245,motorcycle_5ab8604a14df,1167118134150,2310248128591,0.0,0.08370714984257015,44.14739990234375,12.210501670837402,44.19504928588867,12.114873886108398,9286.657856512606,111.4276301330923,0.0,"gps,gps",False,"nearest car position is 9286.7 m away, above the 40 m threshold: routes do not overlap here | heading differs by 111deg: the two vehicles are not travelling in a comparable direction at this point"
pair_00130,car_2e84f0c3e245,motorcycle_5ab8604a14df,1167118134150,2311248127862,0.0,0.08492831932115584,44.14739990234375,12.210501670837402,44.19519805908203,12.114945411682129,9291.41851290807,112.60826891923637,0.0,"gps,gps",False,"nearest car position is 9291.4 m away, above the 40 m threshold: routes do not overlap here | heading differs by 113deg: the two vehicles are not travelling in a comparable direction at this point"
pair_00131,car_2e84f0c3e245,motorcycle_5ab8604a14df,1167118134150,2312248127132,0.0,0.08618267427713215,44.14739990234375,12.210501670837402,44.195350646972656,12.115019798278809,9296.265846030761,112.36155161944595,0.0,"gps,gps",False,"nearest car position is 9296.3 m away, above the 40 m threshold: routes do not overlap here | heading differs by 112deg: the two vehicles are not travelling in a comparable direction at this point"
pair_00132,car_2e84f0c3e245,motorcycle_5ab8604a14df,1167118134150,2313248126351,0.0,0.0875052649714506,44.14739990234375,12.210501670837402,44.19551086425781,12.115100860595703,9301.197351821853,111.68891720216976,0.0,"gps,gps",False,"nearest car position is 9301.2 m away, above the 40 m threshold: routes do not overlap here | heading differs by 112deg: the two vehicles are not travelling in a comparable direction at this point"
pair_00133,car_2e84f0c3e245,motorcycle_5ab8604a14df,1167118134150,2314248125622,0.0,0.08892956909439247,44.14739990234375,12.210501670837402,44.195682525634766,12.115191459655762,9306.27699495877,110.90066836756563,0.0,"gps,gps",False,"nearest car position is 9306.3 m away, above the 40 m threshold: routes do not overlap here | heading differs by 111deg: the two vehicles are not travelling in a comparable direction at this point"
pair_00134,car_2e84f0c3e245,motorcycle_5ab8604a14df,1167118134150,2315248124841,0.0,0.09042438667884185,44.14739990234375,12.210501670837402,44.19586181640625,12.115289688110352,9311.392906320172,110.18211905664361,0.0,"gps,gps",False,"nearest car position is 9311.4 m away, above the 40 m threshold: routes do not overlap here | heading differs by 110deg: the two vehicles are not travelling in a comparable direction at this point"
pair_00135,car_2e84f0c3e245,motorcycle_5ab8604a14df,1167118134150,2316248124112,0.0,0.09191226824771422,44.14739990234375,12.210501670837402,44.19603729248047,12.115397453308105,9315.689937711704,107.86298052164852,0.0,"gps,gps",False,"nearest car position is 9315.7 m away, above the 40 m threshold: routes do not overlap here | heading differs by 108deg: the two vehicles are not travelling in a comparable direction at this point"
pair_00136,car_2e84f0c3e245,motorcycle_5ab8604a14df,1167118134150,2317248123330,0.0,0.09335289061899257,44.14739990234375,12.210501670837402,44.196205139160156,12.115508079528809,9319.354669571097,106.33458057909633,0.0,"gps,gps",False,"nearest car position is 9319.4 m away, above the 40 m threshold: routes do not overlap here | heading differs by 106deg: the two vehicles are not travelling in a comparable direction at this point"
pair_00137,car_2e84f0c3e245,motorcycle_5ab8604a14df,1167118134150,2318248122601,0.0,0.09469233905854596,44.14739990234375,12.210501670837402,44.19635772705078,12.115620613098145,9321.950087226694,103.75933800203302,0.0,"gps,gps",False,"nearest car position is 9322.0 m away, above the 40 m threshold: routes do not overlap here | heading differs by 104deg: the two vehicles are not travelling in a comparable direction at this point"
pair_00138,car_2e84f0c3e245,motorcycle_5ab8604a14df,1167118134150,2319248121820,0.0,0.09600091413571346,44.14739990234375,12.210501670837402,44.196502685546875,12.115740776062012,9323.594689406495,100.90346643340081,0.0,"gps,gps",False,"nearest car position is 9323.6 m away, above the 40 m threshold: routes do not overlap here | heading differs by 101deg: the two vehicles are not travelling in a comparable direction at this point"
pair_00139,car_2e84f0c3e245,motorcycle_5ab8604a14df,1167118134150,2320248121039,0.0,0.0973303359618073,44.14739990234375,12.210501670837402,44.1966438293457,12.115876197814941,9324.042834810904,97.10365029605845,0.0,"gps,gps",False,"nearest car position is 9324.0 m away, above the 40 m threshold: routes do not overlap here | heading differs by 97deg: the two vehicles are not travelling in a comparable direction at this point"
pair_00140,car_2e84f0c3e245,motorcycle_5ab8604a14df,1167118134150,2321248120310,0.0,0.0986797217040538,44.14739990234375,12.210501670837402,44.196781158447266,12.1160249710083,9323.41972765353,93.79085723228832,0.0,"gps,gps",False,"nearest car position is 9323.4 m away, above the 40 m threshold: routes do not overlap here | heading differs by 94deg: the two vehicles are not travelling in a comparable direction at this point"
pair_00141,car_2e84f0c3e245,motorcycle_5ab8604a14df,1167118134150,2322248119528,0.0,0.09998410831680099,44.14739990234375,12.210501670837402,44.196903228759766,12.116186141967773,9321.037557952402,88.19869044405289,0.0,"gps,gps",False,"nearest car position is 9321.0 m away, above the 40 m threshold: routes do not overlap here | heading differs by 88deg: the two vehicles are not travelling in a comparable direction at this point"
pair_00142,car_2e84f0c3e245,motorcycle_5ab8604a14df,1167118134150,2323248118747,0.0,0.10127665760667341,44.14739990234375,12.210501670837402,44.197017669677734,12.116354942321777,9317.70004017449,85.0264864081355,0.0,"gps,gps",False,"nearest car position is 9317.7 m away, above the 40 m threshold: routes do not overlap here | heading differs by 85deg: the two vehicles are not travelling in a comparable direction at this point"
pair_00143,car_2e84f0c3e245,motorcycle_5ab8604a14df,1167118134150,2324248117966,0.0,0.10253839080696192,44.14739990234375,12.210501670837402,44.197120666503906,12.116530418395996,9313.214893850238,80.93406163722307,0.0,"gps,gps",False,"nearest car position is 9313.2 m away, above the 40 m threshold: routes do not overlap here | heading differs by 81deg: the two vehicles are not travelling in a comparable direction at this point"
pair_00144,car_2e84f0c3e245,motorcycle_5ab8604a14df,1167118134150,2325248117184,0.0,0.10381095609188955,44.14739990234375,12.210501670837402,44.19721984863281,12.11671257019043,9308.082644373799,78.84303255178105,0.0,"gps,gps",False,"nearest car position is 9308.1 m away, above the 40 m threshold: routes do not overlap here | heading differs by 79deg: the two vehicles are not travelling in a comparable direction at this point"
pair_00145,car_2e84f0c3e245,motorcycle_5ab8604a14df,1167118134150,2326248116507,0.0,0.10508800537421786,44.14739990234375,12.210501670837402,44.19731140136719,12.116903305053711,9301.928239185427,75.4298773631337,0.0,"gps,gps",False,"nearest car position is 9301.9 m away, above the 40 m threshold: routes do not overlap here | heading differs by 75deg: the two vehicles are not travelling in a comparable direction at this point"
pair_00146,car_2e84f0c3e245,motorcycle_5ab8604a14df,1167118134150,2327248116768,0.0,0.10636856164087212,44.14739990234375,12.210501670837402,44.197391510009766,12.117104530334473,9294.374802741153,70.66979071837414,0.0,"gps,gps",False,"nearest car position is 9294.4 m away, above the 40 m threshold: routes do not overlap here | heading differs by 71deg: the two vehicles are not travelling in a comparable direction at this point"
pair_00147,car_2e84f0c3e245,motorcycle_5ab8604a14df,1167118134150,2328248117028,0.0,0.10768171125442653,44.14739990234375,12.210501670837402,44.197471618652344,12.11731243133545,9286.425419043428,69.88308995809268,0.0,"gps,gps",False,"nearest car position is 9286.4 m away, above the 40 m threshold: routes do not overlap here | heading differs by 70deg: the two vehicles are not travelling in a comparable direction at this point"
pair_00148,car_2e84f0c3e245,motorcycle_5ab8604a14df,1167118134150,2329248117237,0.0,0.10900359897755715,44.14739990234375,12.210501670837402,44.197540283203125,12.11752986907959,9277.135323185958,65.39919384024898,0.0,"gps,gps",False,"nearest car position is 9277.1 m away, above the 40 m threshold: routes do not overlap here | heading differs by 65deg: the two vehicles are not travelling in a comparable direction at this point"
pair_00149,car_2e84f0c3e245,motorcycle_5ab8604a14df,1167118134150,2330248117497,0.0,0.11032854346681756,44.14739990234375,12.210501670837402,44.19760513305664,12.11775016784668,9267.437224421965,63.95006965817646,0.0,"gps,gps",False,"nearest car position is 9267.4 m away, above the 40 m threshold: routes do not overlap here | heading differs by 64deg: the two vehicles are not travelling in a comparable direction at this point"
pair_00150,car_2e84f0c3e245,motorcycle_5ab8604a14df,1167118134150,2331248117705,0.0,0.1116227542807886,44.14739990234375,12.210501670837402,44.19766616821289,12.117966651916504,9257.75456884962,63.09460862558575,0.0,"gps,gps",False,"nearest car position is 9257.8 m away, above the 40 m threshold: routes do not overlap here | heading differs by 63deg: the two vehicles are not travelling in a comparable direction at this point"
pair_00151,car_2e84f0c3e245,motorcycle_5ab8604a14df,1167118134150,2332248117966,0.0,0.11287660449815466,44.14739990234375,12.210501670837402,44.197723388671875,12.11817741394043,9248.20587697459,62.3681168219353,0.0,"gps,gps",False,"nearest car position is 9248.2 m away, above the 40 m threshold: routes do not overlap here | heading differs by 62deg: the two vehicles are not travelling in a comparable direction at this point"
pair_00152,car_2e84f0c3e245,motorcycle_5ab8604a14df,1167118134150,2333248118174,0.0,0.1141354170228593,44.14739990234375,12.210501670837402,44.19778060913086,12.118389129638672,9238.62182615774,62.28261054338509,0.0,"gps,gps",False,"nearest car position is 9238.6 m away, above the 40 m threshold: routes do not overlap here | heading differs by 62deg: the two vehicles are not travelling in a comparable direction at this point"
pair_00153,car_2e84f0c3e245,motorcycle_5ab8604a14df,1167118134150,2334248118435,0.0,0.11540416352649455,44.14739990234375,12.210501670837402,44.197837829589844,12.118602752685547,9228.942320059416,62.113587774812856,0.0,"gps,gps",False,"nearest car position is 9228.9 m away, above the 40 m threshold: routes do not overlap here | heading differs by 62deg: the two vehicles are not travelling in a comparable direction at this point"
pair_00154,car_2e84f0c3e245,motorcycle_5ab8604a14df,1167118134150,2335248118643,0.0,0.11665784524489703,44.14739990234375,12.210501670837402,44.19789123535156,12.118815422058105,9219.09074044477,60.93104644546338,0.0,"gps,gps",False,"nearest car position is 9219.1 m away, above the 40 m threshold: routes do not overlap here | heading differs by 61deg: the two vehicles are not travelling in a comparable direction at this point"
pair_00155,car_2e84f0c3e245,motorcycle_5ab8604a14df,1167118134150,2336248118903,0.0,0.11788197146804033,44.14739990234375,12.210501670837402,44.19794845581055,12.119020462036133,9210.004417016271,62.8958849921475,0.0,"gps,gps",False,"nearest car position is 9210.0 m away, above the 40 m threshold: routes do not overlap here | heading differs by 63deg: the two vehicles are not travelling in a comparable direction at this point"
pair_00156,car_2e84f0c3e245,motorcycle_5ab8604a14df,1167118134150,2337248119112,0.0,0.11910565126250967,44.14739990234375,12.210501670837402,44.198001861572266,12.119227409362793,9200.56302792886,61.42383957486521,0.0,"gps,gps",False,"nearest car position is 9200.6 m away, above the 40 m threshold: routes do not overlap here | heading differs by 61deg: the two vehicles are not travelling in a comparable direction at this point"
pair_00157,car_2e84f0c3e245,motorcycle_5ab8604a14df,1167118134150,2338248119372,0.0,0.12033432362800595,44.14739990234375,12.210501670837402,44.198055267333984,12.11943531036377,9191.085336438862,61.34005900593468,0.0,"gps,gps",False,"nearest car position is 9191.1 m away, above the 40 m threshold: routes do not overlap here | heading differs by 61deg: the two vehicles are not travelling in a comparable direction at this point"
pair_00158,car_2e84f0c3e245,motorcycle_5ab8604a14df,1167118134150,2339248119580,0.0,0.12155844689176792,44.14739990234375,12.210501670837402,44.19811248779297,12.119640350341797,9182.0720599393,62.89593890999623,0.0,"gps,gps",False,"nearest car position is 9182.1 m away, above the 40 m threshold: routes do not overlap here | heading differs by 63deg: the two vehicles are not travelling in a comparable direction at this point"
pair_00159,car_2e84f0c3e245,motorcycle_5ab8604a14df,1167118134150,2340248119841,0.0,0.12280237061363207,44.14739990234375,12.210501670837402,44.19816970825195,12.11984920501709,9172.843721688996,62.541357352743546,0.0,"gps,gps",False,"nearest car position is 9172.8 m away, above the 40 m threshold: routes do not overlap here | heading differs by 63deg: the two vehicles are not travelling in a comparable direction at this point"
pair_00160,car_2e84f0c3e245,motorcycle_5ab8604a14df,1167118134150,2341248120049,0.0,0.12405621145978858,44.14739990234375,12.210501670837402,44.19822692871094,12.120059967041016,9163.521070809622,62.36827898394699,0.0,"gps,gps",False,"nearest car position is 9163.5 m away, above the 40 m threshold: routes do not overlap here | heading differs by 62deg: the two vehicles are not travelling in a comparable direction at this point"
pair_00161,car_2e84f0c3e245,motorcycle_5ab8604a14df,1167118134150,2342248120257,0.0,0.12526492150378984,44.14739990234375,12.210501670837402,44.198280334472656,12.120264053344727,9154.380806109319,61.67946970965346,0.0,"gps,gps",False,"nearest car position is 9154.4 m away, above the 40 m threshold: routes do not overlap here | heading differs by 62deg: the two vehicles are not travelling in a comparable direction at this point"
pair_00162,car_2e84f0c3e245,motorcycle_5ab8604a14df,1167118134150,2343248120518,0.0,0.12641402819239772,44.14739990234375,12.210501670837402,44.198333740234375,12.12045669555664,9145.980893896445,62.76805496848107,0.0,"gps,gps",False,"nearest car position is 9146.0 m away, above the 40 m threshold: routes do not overlap here | heading differs by 63deg: the two vehicles are not travelling in a comparable direction at this point"
pair_00163,car_2e84f0c3e245,motorcycle_5ab8604a14df,1167118134150,2344248120726,0.0,0.12752786016177736,44.14739990234375,12.210501670837402,44.19838333129883,12.120644569396973,9137.638230069588,61.839922781933524,0.0,"gps,gps",False,"nearest car position is 9137.6 m away, above the 40 m threshold: routes do not overlap here | heading differs by 62deg: the two vehicles are not travelling in a comparable direction at this point"
pair_00164,car_2e84f0c3e245,motorcycle_5ab8604a14df,1167118134150,2345248120934,0.0,0.1286168347543193,44.14739990234375,12.210501670837402,44.19843292236328,12.120827674865723,9129.613791408381,62.322200629360395,0.0,"gps,gps",False,"nearest car position is 9129.6 m away, above the 40 m threshold: routes do not overlap here | heading differs by 62deg: the two vehicles are not travelling in a comparable direction at this point"
pair_00165,car_2e84f0c3e245,motorcycle_5ab8604a14df,1167118134150,2346248121195,0.0,0.12968598119417893,44.14739990234375,12.210501670837402,44.198482513427734,12.121006965637207,9121.847077008722,62.72414972160482,0.0,"gps,gps",False,"nearest car position is 9121.8 m away, above the 40 m threshold: routes do not overlap here | heading differs by 63deg: the two vehicles are not travelling in a comparable direction at this point"
pair_00166,car_2e84f0c3e245,motorcycle_5ab8604a14df,1167118134150,2347248121403,0.0,0.13064494058157197,44.14739990234375,12.210501670837402,44.198524475097656,12.121169090270996,9114.640794652063,61.477670596089354,0.0,"gps,gps",False,"nearest car position is 9114.6 m away, above the 40 m threshold: routes do not overlap here | heading differs by 61deg: the two vehicles are not travelling in a comparable direction at this point"
pair_00167,car_2e84f0c3e245,motorcycle_5ab8604a14df,1167118134150,2348248121612,0.0,0.13146431448566195,44.14739990234375,12.210501670837402,44.19856262207031,12.121306419372559,9108.729077820457,62.806344560507,0.0,"gps,gps",False,"nearest car position is 9108.7 m away, above the 40 m threshold: routes do not overlap here | heading differs by 63deg: the two vehicles are not travelling in a comparable direction at this point"
pair_00168,car_2e84f0c3e245,motorcycle_5ab8604a14df,1167118134150,2349248121820,0.0,0.13218397311294217,44.14739990234375,12.210501670837402,44.1985969543457,12.121426582336426,9103.631884170063,63.355768353196595,0.0,"gps,gps",False,"nearest car position is 9103.6 m away, above the 40 m threshold: routes do not overlap here | heading differs by 63deg: the two vehicles are not travelling in a comparable direction at this point"
pair_00169,car_2e84f0c3e245,motorcycle_5ab8604a14df,1167118134150,2350248122080,0.0,0.1328083037943807,44.14739990234375,12.210501670837402,44.19862365722656,12.121532440185547,9098.902427876947,61.011718249331864,0.0,"gps,gps",False,"nearest car position is 9098.9 m away, above the 40 m threshold: routes do not overlap here | heading differs by 61deg: the two vehicles are not travelling in a comparable direction at this point"
pair_00170,car_2e84f0c3e245,motorcycle_5ab8604a14df,1167118134150,2351248122289,0.0,0.13340822136851616,44.14739990234375,12.210501670837402,44.198646545410156,12.121635437011719,9094.091529025942,58.84880088614142,0.0,"gps,gps",False,"nearest car position is 9094.1 m away, above the 40 m threshold: routes do not overlap here | heading differs by 59deg: the two vehicles are not travelling in a comparable direction at this point"
pair_00171,car_2e84f0c3e245,motorcycle_5ab8604a14df,1167118134150,2352248122497,0.0,0.13398200674567762,44.14739990234375,12.210501670837402,44.19865036010742,12.12173843383789,9087.957024991254,44.584520914445704,0.0,"gps,gps",False,"nearest car position is 9088.0 m away, above the 40 m threshold: routes do not overlap here"
pair_00172,car_2e84f0c3e245,motorcycle_5ab8604a14df,1167118134150,2353248122705,0.0,0.13461435282492865,44.14739990234375,12.210501670837402,44.198638916015625,12.121850967407227,9080.169647621527,33.55375654014648,0.0,"gps,gps",False,"nearest car position is 9080.2 m away, above the 40 m threshold: routes do not overlap here"
pair_00173,car_2e84f0c3e245,motorcycle_5ab8604a14df,1167118134150,2354248122914,0.0,0.1352738108593967,44.14739990234375,12.210501670837402,44.1986083984375,12.12196159362793,9071.17246402676,20.58128667404975,0.0,"gps,gps",False,"nearest car position is 9071.2 m away, above the 40 m threshold: routes do not overlap here"
pair_00174,car_2e84f0c3e245,motorcycle_5ab8604a14df,1167118134150,2355248123122,0.0,0.1359131784712568,44.14739990234375,12.210501670837402,44.19858169555664,12.1220703125,9062.560778552326,22.71613116959253,0.0,"gps,gps",False,"nearest car position is 9062.6 m away, above the 40 m threshold: routes do not overlap here"
pair_00175,car_2e84f0c3e245,motorcycle_5ab8604a14df,1167118134150,2356248123330,0.0,0.13649226327241137,44.14739990234375,12.210501670837402,44.198577880859375,12.122174263000488,9055.84409220509,38.69697298620372,0.0,"gps,gps",False,"nearest car position is 9055.8 m away, above the 40 m threshold: routes do not overlap here"
pair_00176,car_2e84f0c3e245,motorcycle_5ab8604a14df,1167118134150,2357248123539,0.0,0.13703545379990137,44.14739990234375,12.210501670837402,44.19858932495117,12.122270584106445,9050.669417696041,51.03694305924762,0.0,"gps,gps",False,"nearest car position is 9050.7 m away, above the 40 m threshold: routes do not overlap here | heading differs by 51deg: the two vehicles are not travelling in a comparable direction at this point"
pair_00177,car_2e84f0c3e245,motorcycle_5ab8604a14df,1167118134150,2358248123747,0.0,0.1376197009840998,44.14739990234375,12.210501670837402,44.19862365722656,12.122364044189453,9047.276794383703,68.75737461462899,0.0,"gps,gps",False,"nearest car position is 9047.3 m away, above the 40 m threshold: routes do not overlap here | heading differs by 69deg: the two vehicles are not travelling in a comparable direction at this point"
pair_00178,car_2e84f0c3e245,motorcycle_5ab8604a14df,1167118134150,2359248123955,0.0,0.13826041647991177,44.14739990234375,12.210501670837402,44.198665618896484,12.12246322631836,9044.070685513738,72.17313790675763,0.0,"gps,gps",False,"nearest car position is 9044.1 m away, above the 40 m threshold: routes do not overlap here | heading differs by 72deg: the two vehicles are not travelling in a comparable direction at this point"
pair_00179,car_2e84f0c3e245,motorcycle_5ab8604a14df,1167118134150,2360248124112,0.0,0.13894082538434435,44.14739990234375,12.210501670837402,44.198699951171875,12.122575759887695,9039.511749700607,64.67915575720087,0.0,"gps,gps",False,"nearest car position is 9039.5 m away, above the 40 m threshold: routes do not overlap here | heading differs by 65deg: the two vehicles are not travelling in a comparable direction at this point"
pair_00180,car_2e84f0c3e245,motorcycle_5ab8604a14df,1167118134150,2361248124320,0.0,0.13968262940418702,44.14739990234375,12.210501670837402,44.1987190246582,12.122706413269043,9032.76963956183,53.13681252463658,0.0,"gps,gps",False,"nearest car position is 9032.8 m away, above the 40 m threshold: routes do not overlap here | heading differs by 53deg: the two vehicles are not travelling in a comparable direction at this point"
pair_00181,car_2e84f0c3e245,motorcycle_5ab8604a14df,1167118134150,2362248124476,0.0,0.14056784916281306,44.14739990234375,12.210501670837402,44.19873046875,12.122864723205566,9023.790331347902,47.38501465604486,0.0,"gps,gps",False,"nearest car position is 9023.8 m away, above the 40 m threshold: routes do not overlap here | heading differs by 47deg: the two vehicles are not travelling in a comparable direction at this point"
pair_00182,car_2e84f0c3e245,motorcycle_5ab8604a14df,1167118134150,2363248124684,0.0,0.1415706349294016,44.14739990234375,12.210501670837402,44.19873046875,12.123044967651367,9012.66074412948,41.62723008070077,0.0,"gps,gps",False,"nearest car position is 9012.7 m away, above the 40 m threshold: routes do not overlap here"
pair_00183,car_2e84f0c3e245,motorcycle_5ab8604a14df,1167118134150,2364248124841,0.0,0.14270645018626366,44.14739990234375,12.210501670837402,44.198726654052734,12.123249053955078,8999.80126628068,40.13376978419768,0.0,"gps,gps",False,"nearest car position is 8999.8 m away, above the 40 m threshold: routes do not overlap here"
pair_00184,car_2e84f0c3e245,motorcycle_5ab8604a14df,1167118134150,2365248125049,0.0,0.14386617342065086,44.14739990234375,12.210501670837402,44.19870376586914,12.123455047607422,8985.489583531333,32.81747819619483,0.0,"gps,gps",False,"nearest car position is 8985.5 m away, above the 40 m threshold: routes do not overlap here"
pair_00185,car_2e84f0c3e245,motorcycle_5ab8604a14df,1167118134150,2366248125205,0.0,0.14496302260841892,44.14739990234375,12.210501670837402,44.19868087768555,12.123649597167969,8971.890501991036,32.30810209924579,0.0,"gps,gps",False,"nearest car position is 8971.9 m away, above the 40 m threshold: routes do not overlap here"
pair_00186,car_2e84f0c3e245,motorcycle_5ab8604a14df,1167118134150,2367248125414,0.0,0.14601368102821635,44.14739990234375,12.210501670837402,44.19864273071289,12.123830795288086,8958.041260829586,25.2623000688273,0.0,"gps,gps",False,"nearest car position is 8958.0 m away, above the 40 m threshold: routes do not overlap here"
pair_00187,car_2e84f0c3e245,motorcycle_5ab8604a14df,1167118134150,2368248125570,0.0,0.1470478493341481,44.14739990234375,12.210501670837402,44.19860076904297,12.124007225036621,8944.219375762794,23.27416816149497,0.0,"gps,gps",False,"nearest car position is 8944.2 m away, above the 40 m threshold: routes do not overlap here"
pair_00188,car_2e84f0c3e245,motorcycle_5ab8604a14df,1167118134150,2369248125778,0.0,0.14814675441696074,44.14739990234375,12.210501670837402,44.198551177978516,12.124192237854004,8929.33295967634,21.127731957832907,0.0,"gps,gps",False,"nearest car position is 8929.3 m away, above the 40 m threshold: routes do not overlap here"
pair_00189,car_2e84f0c3e245,motorcycle_5ab8604a14df,1167118134150,2370248125935,0.0,0.149335592979709,44.14739990234375,12.210501670837402,44.198486328125,12.124385833740234,8912.841273005657,16.583527238816828,0.0,"gps,gps",False,"nearest car position is 8912.8 m away, above the 40 m threshold: routes do not overlap here"
pair_00190,car_2e84f0c3e245,motorcycle_5ab8604a14df,1167118134150,2371248126091,0.0,0.15051827802867324,44.14739990234375,12.210501670837402,44.19841766357422,12.1245756149292,8896.315656431945,14.84876332003978,0.0,"gps,gps",False,"nearest car position is 8896.3 m away, above the 40 m threshold: routes do not overlap here"
pair_00191,car_2e84f0c3e245,motorcycle_5ab8604a14df,1167118134150,2372248126299,0.0,0.15165879277461825,44.14739990234375,12.210501670837402,44.19834518432617,12.124753952026367,8880.224035244319,12.078974337534703,0.0,"gps,gps",False,"nearest car position is 8880.2 m away, above the 40 m threshold: routes do not overlap here"
pair_00192,car_2e84f0c3e245,motorcycle_5ab8604a14df,1167118134150,2373248126455,0.0,0.15274891572380914,44.14739990234375,12.210501670837402,44.198272705078125,12.124921798706055,8864.777474143963,10.566052758275362,0.0,"gps,gps",False,"nearest car position is 8864.8 m away, above the 40 m threshold: routes do not overlap here"
pair_00193,car_2e84f0c3e245,motorcycle_5ab8604a14df,1167118134150,2374248126664,0.0,0.15386632118329835,44.14739990234375,12.210501670837402,44.19819259643555,12.125088691711426,8848.848906616835,7.8241470909367195,0.0,"gps,gps",False,"nearest car position is 8848.8 m away, above the 40 m threshold: routes do not overlap here"
pair_00194,car_2e84f0c3e245,motorcycle_5ab8604a14df,1167118134150,2375248126820,0.0,0.1550058676642495,44.14739990234375,12.210501670837402,44.19811248779297,12.125260353088379,8832.62791726675,8.56628647951112,0.0,"gps,gps",False,"nearest car position is 8832.6 m away, above the 40 m threshold: routes do not overlap here"
pair_00195,car_2e84f0c3e245,motorcycle_5ab8604a14df,1167118134150,2376248127028,0.0,0.1561750159168708,44.14739990234375,12.210501670837402,44.198028564453125,12.125434875488281,8815.961017193602,7.776003130621916,0.0,"gps,gps",False,"nearest car position is 8816.0 m away, above the 40 m threshold: routes do not overlap here"
pair_00196,car_2e84f0c3e245,motorcycle_5ab8604a14df,1167118134150,2377248127185,0.0,0.15737834850769736,44.14739990234375,12.210501670837402,44.197940826416016,12.12561321258545,8798.789578646218,7.168352469231024,0.0,"gps,gps",False,"nearest car position is 8798.8 m away, above the 40 m threshold: routes do not overlap here"
pair_00197,car_2e84f0c3e245,motorcycle_5ab8604a14df,1167118134150,2378248127341,0.0,0.15860731944946602,44.14739990234375,12.210501670837402,44.19784927368164,12.12579345703125,8781.23056228407,6.310339576889987,0.0,"gps,gps",False,"nearest car position is 8781.2 m away, above the 40 m threshold: routes do not overlap here"
pair_00198,car_2e84f0c3e245,motorcycle_5ab8604a14df,1167118134150,2379248127549,0.0,0.15983703545160907,44.14739990234375,12.210501670837402,44.19776153564453,12.125977516174316,8763.70857569351,8.007723788016449,0.0,"gps,gps",False,"nearest car position is 8763.7 m away, above the 40 m threshold: routes do not overlap here"
pair_00199,car_2e84f0c3e245,motorcycle_5ab8604a14df,1167118134150,2380248127705,0.0,0.16110479980300635,44.14739990234375,12.210501670837402,44.19766616821289,12.1261625289917,8745.586600885728,5.911876915067467,0.0,"gps,gps",False,"nearest car position is 8745.6 m away, above the 40 m threshold: routes do not overlap here"
pair_00200,car_2e84f0c3e245,motorcycle_5ab8604a14df,1167118134150,2381248127862,0.0,0.16236864801037934,44.14739990234375,12.210501670837402,44.197574615478516,12.126350402832031,8727.560304075476,7.422967638913292,0.0,"gps,gps",False,"nearest car position is 8727.6 m away, above the 40 m threshold: routes do not overlap here"
pair_00201,car_2e84f0c3e245,motorcycle_5ab8604a14df,1167118134150,2382248128070,0.0,0.16362373544113315,44.14739990234375,12.210501670837402,44.19748306274414,12.12653636932373,8709.65129807064,7.1506859759765575,0.0,"gps,gps",False,"nearest car position is 8709.7 m away, above the 40 m threshold: routes do not overlap here"
pair_00202,car_2e84f0c3e245,motorcycle_5ab8604a14df,1167118134150,2383248128226,0.0,0.1648963766297795,44.14739990234375,12.210501670837402,44.197391510009766,12.126726150512695,8691.508707605739,7.691617382525408,0.0,"gps,gps",False,"nearest car position is 8691.5 m away, above the 40 m threshold: routes do not overlap here"
pair_00203,car_2e84f0c3e245,motorcycle_5ab8604a14df,1167118134150,2384248128382,0.0,0.16617783707018802,44.14739990234375,12.210501670837402,44.19729995727539,12.126917839050293,8673.249575472002,7.956535102437556,0.0,"gps,gps",False,"nearest car position is 8673.2 m away, above the 40 m threshold: routes do not overlap here"
pair_00204,car_2e84f0c3e245,motorcycle_5ab8604a14df,1167118134150,2385248128591,0.0,0.16747458581337274,44.14739990234375,12.210501670837402,44.19721221923828,12.127116203308105,8654.853027250809,9.955356756248534,0.0,"gps,gps",False,"nearest car position is 8654.9 m away, above the 40 m threshold: routes do not overlap here"
pair_00205,car_2e84f0c3e245,motorcycle_5ab8604a14df,1167118134150,2386248128747,0.0,0.16882135708171372,44.14739990234375,12.210501670837402,44.19712448120117,12.127325057983398,8635.814552165184,11.259226663565812,0.0,"gps,gps",False,"nearest car position is 8635.8 m away, above the 40 m threshold: routes do not overlap here"
pair_00206,car_2e84f0c3e245,motorcycle_5ab8604a14df,1167118134150,2387248128903,0.0,0.17037752066972014,44.14739990234375,12.210501670837402,44.19702911376953,12.127571105957031,8613.956312290165,13.230620308627408,0.0,"gps,gps",False,"nearest car position is 8614.0 m away, above the 40 m threshold: routes do not overlap here"
pair_00207,car_2e84f0c3e245,motorcycle_5ab8604a14df,1167118134150,2388248129060,0.0,0.17221411662070993,44.14739990234375,12.210501670837402,44.19691848754883,12.127862930297852,8588.211318604232,13.759683331348867,0.0,"gps,gps",False,"nearest car position is 8588.2 m away, above the 40 m threshold: routes do not overlap here"
pair_00208,car_2e84f0c3e245,motorcycle_5ab8604a14df,1167118134150,2389248129216,0.0,0.1743731954744339,44.14739990234375,12.210501670837402,44.1967887878418,12.128206253051758,8557.959527943514,13.84145192923387,0.0,"gps,gps",False,"nearest car position is 8558.0 m away, above the 40 m threshold: routes do not overlap here"
pair_00209,car_2e84f0c3e245,motorcycle_5ab8604a14df,1167118134150,2390248129372,0.0,0.17656916491877636,44.14739990234375,12.210501670837402,44.19667053222656,12.128564834594727,8527.596939828454,16.92551828638483,0.0,"gps,gps",False,"nearest car position is 8527.6 m away, above the 40 m threshold: routes do not overlap here"
pair_00210,car_2e84f0c3e245,motorcycle_5ab8604a14df,1167118134150,2391248129476,0.0,0.1788377716065556,44.14739990234375,12.210501670837402,44.196563720703125,12.128944396972656,8496.779388854118,20.197052237946025,0.0,"gps,gps",False,"nearest car position is 8496.8 m away, above the 40 m threshold: routes do not overlap here"
pair_00211,car_2e84f0c3e245,motorcycle_5ab8604a14df,1167118134150,2392248129632,0.0,0.18115072169332283,44.14739990234375,12.210501670837402,44.196468353271484,12.129338264465332,8465.921599238458,22.96635116653937,0.0,"gps,gps",False,"nearest car position is 8465.9 m away, above the 40 m threshold: routes do not overlap here"
pair_00212,car_2e84f0c3e245,motorcycle_5ab8604a14df,1167118134150,2393248129789,0.0,0.18340283321161618,44.14739990234375,12.210501670837402,44.19639587402344,12.129730224609375,8436.839629826069,27.164918485406872,0.0,"gps,gps",False,"nearest car position is 8436.8 m away, above the 40 m threshold: routes do not overlap here"
pair_00213,car_2e84f0c3e245,motorcycle_5ab8604a14df,1167118134150,2394248129945,0.0,0.1855756481708569,44.14739990234375,12.210501670837402,44.196327209472656,12.130108833312988,8408.86717568307,27.43160087093969,0.0,"gps,gps",False,"nearest car position is 8408.9 m away, above the 40 m threshold: routes do not overlap here"
pair_00214,car_2e84f0c3e245,motorcycle_5ab8604a14df,1167118134150,2395248130101,0.0,0.1877227556644457,44.14739990234375,12.210501670837402,44.196258544921875,12.13048267364502,8381.206634813414,27.258000934994584,0.0,"gps,gps",False,"nearest car position is 8381.2 m away, above the 40 m threshold: routes do not overlap here"
pair_00215,car_2e84f0c3e245,motorcycle_5ab8604a14df,1167118134150,2396248130205,0.0,0.18987032712036286,44.14739990234375,12.210501670837402,44.19620132446289,12.130860328674316,8354.162552362568,29.694498054296503,0.0,"gps,gps",False,"nearest car position is 8354.2 m away, above the 40 m threshold: routes do not overlap here"
pair_00216,car_2e84f0c3e245,motorcycle_5ab8604a14df,1167118134150,2397248130362,0.0,0.19204386408103413,44.14739990234375,12.210501670837402,44.196144104003906,12.131242752075195,8326.85569313335,29.839110373972744,0.0,"gps,gps",False,"nearest car position is 8326.9 m away, above the 40 m threshold: routes do not overlap here"
pair_00217,car_2e84f0c3e245,motorcycle_5ab8604a14df,1167118134150,2398248130518,0.0,0.19424857710624413,44.14739990234375,12.210501670837402,44.19608688354492,12.131630897521973,8299.230005988438,30.008145746208243,0.0,"gps,gps",False,"nearest car position is 8299.2 m away, above the 40 m threshold: routes do not overlap here"
pair_00218,car_2e84f0c3e245,motorcycle_5ab8604a14df,1167118134150,2399248130674,0.0,0.1964688862656184,44.14739990234375,12.210501670837402,44.19602966308594,12.1320219039917,8271.460087427811,30.09088855540739,0.0,"gps,gps",False,"nearest car position is 8271.5 m away, above the 40 m threshold: routes do not overlap here"
pair_00219,car_2e84f0c3e245,motorcycle_5ab8604a14df,1167118134150,2400248130830,0.0,0.19867825507835418,44.14739990234375,12.210501670837402,44.19597625732422,12.13241195678711,8244.054676201595,30.815581121920275,0.0,"gps,gps",False,"nearest car position is 8244.1 m away, above the 40 m threshold: routes do not overlap here"
pair_00220,car_2e84f0c3e245,motorcycle_5ab8604a14df,1167118134150,2401248130935,0.0,0.20089283785475184,44.14739990234375,12.210501670837402,44.1959228515625,12.132802963256836,8216.622522937065,30.841341720798994,0.0,"gps,gps",False,"nearest car position is 8216.6 m away, above the 40 m threshold: routes do not overlap here"
pair_00221,car_2e84f0c3e245,motorcycle_5ab8604a14df,1167118134150,2402248131143,0.0,0.20309699894304467,44.14739990234375,12.210501670837402,44.19586944580078,12.13319206237793,8189.336027368984,30.789727470045193,0.0,"gps,gps",False,"nearest car position is 8189.3 m away, above the 40 m threshold: routes do not overlap here"
pair_00222,car_2e84f0c3e245,motorcycle_5ab8604a14df,1167118134150,2403248131247,0.0,0.2052653538052422,44.14739990234375,12.210501670837402,44.1958122253418,12.133573532104492,8162.258327869797,29.810531884322813,0.0,"gps,gps",False,"nearest car position is 8162.3 m away, above the 40 m threshold: routes do not overlap here"
pair_00223,car_2e84f0c3e245,motorcycle_5ab8604a14df,1167118134150,2404248131403,0.0,0.20733652241645809,44.14739990234375,12.210501670837402,44.19575119018555,12.133935928344727,8136.070700568452,28.407665202076544,0.0,"gps,gps",False,"nearest car position is 8136.1 m away, above the 40 m threshold: routes do not overlap here"
pair_00224,car_2e84f0c3e245,motorcycle_5ab8604a14df,1167118134150,2405248131559,0.0,0.20935029994374835,44.14739990234375,12.210501670837402,44.195682525634766,12.134284973144531,8110.1438655531765,26.28398845512146,0.0,"gps,gps",False,"nearest car position is 8110.1 m away, above the 40 m threshold: routes do not overlap here"
pair_00225,car_2e84f0c3e245,motorcycle_5ab8604a14df,1167118134150,2406248131716,0.0,0.21134395033863437,44.14739990234375,12.210501670837402,44.19560241699219,12.134625434875488,8083.905942822906,23.45841273194054,0.0,"gps,gps",False,"nearest car position is 8083.9 m away, above the 40 m threshold: routes do not overlap here"
pair_00226,car_2e84f0c3e245,motorcycle_5ab8604a14df,1167118134150,2407248131872,0.0,0.2133150906912193,44.14739990234375,12.210501670837402,44.19550323486328,12.1349515914917,8057.129522242205,18.643527397206753,0.0,"gps,gps",False,"nearest car position is 8057.1 m away, above the 40 m threshold: routes do not overlap here"
pair_00227,car_2e84f0c3e245,motorcycle_5ab8604a14df,1167118134150,2408248132028,0.0,0.21531057116163943,44.14739990234375,12.210501670837402,44.19538116455078,12.13526725769043,8029.297778846166,13.286373362824122,0.0,"gps,gps",False,"nearest car position is 8029.3 m away, above the 40 m threshold: routes do not overlap here"
pair_00228,car_2e84f0c3e245,motorcycle_5ab8604a14df,1167118134150,2409248132184,0.0,0.21730889185304045,44.14739990234375,12.210501670837402,44.19524002075195,12.135567665100098,8000.970685416845,8.389755577427934,0.0,"gps,gps",False,"nearest car position is 8001.0 m away, above the 40 m threshold: routes do not overlap here"
pair_00229,car_2e84f0c3e245,motorcycle_5ab8604a14df,1167118134150,2410248132341,0.0,0.21933054738953284,44.14739990234375,12.210501670837402,44.19507598876953,12.135849952697754,7972.032979658019,2.6035945490161225,0.0,"gps,gps",False,"nearest car position is 7972.0 m away, above the 40 m threshold: routes do not overlap here"
pair_00230,car_2e84f0c3e245,motorcycle_5ab8604a14df,1167118134150,2411248132497,0.0,0.22135589430749342,44.14739990234375,12.210501670837402,44.19489288330078,12.136109352111816,7943.049171399719,2.926205928734646,0.0,"gps,gps",False,"nearest car position is 7943.0 m away, above the 40 m threshold: routes do not overlap here"
pair_00231,car_2e84f0c3e245,motorcycle_5ab8604a14df,1167118134150,2412248132653,0.0,0.22342947265405147,44.14739990234375,12.210501670837402,44.19468307495117,12.136340141296387,7913.798513298967,10.110917109702939,0.0,"gps,gps",False,"nearest car position is 7913.8 m away, above the 40 m threshold: routes do not overlap here"
pair_00232,car_2e84f0c3e245,motorcycle_5ab8604a14df,1167118134150,2413248132810,0.0,0.22550981840649492,44.14739990234375,12.210501670837402,44.1944580078125,12.136543273925781,7885.07548338693,15.465782409298242,0.0,"gps,gps",False,"nearest car position is 7885.1 m away, above the 40 m threshold: routes do not overlap here"
pair_00233,car_2e84f0c3e245,motorcycle_5ab8604a14df,1167118134150,2414248132914,0.0,0.22763873927296185,44.14739990234375,12.210501670837402,44.1942138671875,12.136717796325684,7856.664511427917,21.236346720680274,0.0,"gps,gps",False,"nearest car position is 7856.7 m away, above the 40 m threshold: routes do not overlap here"
pair_00234,car_2e84f0c3e245,motorcycle_5ab8604a14df,1167118134150,2415248133122,0.0,0.22974444009499193,44.14739990234375,12.210501670837402,44.19396209716797,12.136858940124512,7829.70520378736,26.475381296599096,0.0,"gps,gps",False,"nearest car position is 7829.7 m away, above the 40 m threshold: routes do not overlap here"
pair_00235,car_2e84f0c3e245,motorcycle_5ab8604a14df,1167118134150,2416248133226,0.0,0.23187025211586398,44.14739990234375,12.210501670837402,44.19369888305664,12.136964797973633,7804.044873016083,32.28772425683013,0.0,"gps,gps",False,"nearest car position is 7804.0 m away, above the 40 m threshold: routes do not overlap here"
pair_00236,car_2e84f0c3e245,motorcycle_5ab8604a14df,1167118134150,2417248133382,0.0,0.23397931868995023,44.14739990234375,12.210501670837402,44.19343185424805,12.137035369873047,7780.25940393476,37.64305067581512,0.0,"gps,gps",False,"nearest car position is 7780.3 m away, above the 40 m threshold: routes do not overlap here"
pair_00237,car_2e84f0c3e245,motorcycle_5ab8604a14df,1167118134150,2418248133539,0.0,0.23597402707338427,44.14739990234375,12.210501670837402,44.19317626953125,12.137073516845703,7759.304920163606,42.26462972661051,0.0,"gps,gps",False,"nearest car position is 7759.3 m away, above the 40 m threshold: routes do not overlap here"
pair_00238,car_2e84f0c3e245,motorcycle_5ab8604a14df,1167118134150,2419248133695,0.0,0.23787100879845344,44.14739990234375,12.210501670837402,44.19293212890625,12.137090682983398,7740.496929181824,45.48677677771042,0.0,"gps,gps",False,"nearest car position is 7740.5 m away, above the 40 m threshold: routes do not overlap here | heading differs by 45deg: the two vehicles are not travelling in a comparable direction at this point"
pair_00239,car_2e84f0c3e245,motorcycle_5ab8604a14df,1167118134150,2420248133799,0.0,0.23964768070465467,44.14739990234375,12.210501670837402,44.19270324707031,12.13709831237793,7723.421407139234,47.00372542958365,0.0,"gps,gps",False,"nearest car position is 7723.4 m away, above the 40 m threshold: routes do not overlap here | heading differs by 47deg: the two vehicles are not travelling in a comparable direction at this point"
pair_00240,car_2e84f0c3e245,motorcycle_5ab8604a14df,1167118134150,2421248133903,0.0,0.24133507054316097,44.14739990234375,12.210501670837402,44.19248580932617,12.137100219726562,7707.566033654536,48.01247618155088,0.0,"gps,gps",False,"nearest car position is 7707.6 m away, above the 40 m threshold: routes do not overlap here | heading differs by 48deg: the two vehicles are not travelling in a comparable direction at this point"
pair_00241,car_2e84f0c3e245,motorcycle_5ab8604a14df,1167118134150,2422248134059,0.0,0.24299283275562328,44.14739990234375,12.210501670837402,44.1922721862793,12.137099266052246,7692.202646970883,48.556230958961066,0.0,"gps,gps",False,"nearest car position is 7692.2 m away, above the 40 m threshold: routes do not overlap here | heading differs by 49deg: the two vehicles are not travelling in a comparable direction at this point"
pair_00242,car_2e84f0c3e245,motorcycle_5ab8604a14df,1167118134150,2423248134216,0.0,0.24453218464144494,44.14739990234375,12.210501670837402,44.192073822021484,12.13709831237793,7677.979064989199,48.5703390705616,0.0,"gps,gps",False,"nearest car position is 7678.0 m away, above the 40 m threshold: routes do not overlap here | heading differs by 49deg: the two vehicles are not travelling in a comparable direction at this point"
pair_00243,car_2e84f0c3e245,motorcycle_5ab8604a14df,1167118134150,2424248134320,0.0,0.24601232189141017,44.14739990234375,12.210501670837402,44.1918830871582,12.13709831237793,7664.281647111287,48.37283274917439,0.0,"gps,gps",False,"nearest car position is 7664.3 m away, above the 40 m threshold: routes do not overlap here | heading differs by 48deg: the two vehicles are not travelling in a comparable direction at this point"
pair_00244,car_2e84f0c3e245,motorcycle_5ab8604a14df,1167118134150,2425248134476,0.0,0.24743326355948791,44.14739990234375,12.210501670837402,44.19169998168945,12.137099266052246,7651.10616381711,48.158866357579484,0.0,"gps,gps",False,"nearest car position is 7651.1 m away, above the 40 m threshold: routes do not overlap here | heading differs by 48deg: the two vehicles are not travelling in a comparable direction at this point"
pair_00245,car_2e84f0c3e245,motorcycle_5ab8604a14df,1167118134150,2426248134580,0.0,0.2488246026934692,44.14739990234375,12.210501670837402,44.19152069091797,12.137100219726562,7638.234522381442,48.15431326009838,0.0,"gps,gps",False,"nearest car position is 7638.2 m away, above the 40 m threshold: routes do not overlap here | heading differs by 48deg: the two vehicles are not travelling in a comparable direction at this point"
pair_00246,car_2e84f0c3e245,motorcycle_5ab8604a14df,1167118134150,2427248134736,0.0,0.2502159418274627,44.14739990234375,12.210501670837402,44.191341400146484,12.137101173400879,7625.393276546563,48.15431259533415,0.0,"gps,gps",False,"nearest car position is 7625.4 m away, above the 40 m threshold: routes do not overlap here | heading differs by 48deg: the two vehicles are not travelling in a comparable direction at this point"
pair_00247,car_2e84f0c3e245,motorcycle_5ab8604a14df,1167118134150,2428248134841,0.0,0.25154810762723506,44.14739990234375,12.210501670837402,44.19116973876953,12.137103080749512,7613.066112639428,47.916374542145206,0.0,"gps,gps",False,"nearest car position is 7613.1 m away, above the 40 m threshold: routes do not overlap here | heading differs by 48deg: the two vehicles are not travelling in a comparable direction at this point"
pair_00248,car_2e84f0c3e245,motorcycle_5ab8604a14df,1167118134150,2429248134997,0.0,0.2528804953492075,44.14739990234375,12.210501670837402,44.19099807739258,12.137107849121094,7600.591145674625,47.23181062810312,0.0,"gps,gps",False,"nearest car position is 7600.6 m away, above the 40 m threshold: routes do not overlap here | heading differs by 47deg: the two vehicles are not travelling in a comparable direction at this point"
pair_00249,car_2e84f0c3e245,motorcycle_5ab8604a14df,1167118134150,2430248135101,0.0,0.2542129993034782,44.14739990234375,12.210501670837402,44.190826416015625,12.137113571166992,7588.085027893245,47.003681845962035,0.0,"gps,gps",False,"nearest car position is 7588.1 m away, above the 40 m threshold: routes do not overlap here | heading differs by 47deg: the two vehicles are not travelling in a comparable direction at this point"
pair_00250,car_2e84f0c3e245,motorcycle_5ab8604a14df,1167118134150,2431248135257,0.0,0.25551569302005267,44.14739990234375,12.210501670837402,44.19065856933594,12.137117385864258,7575.993083271216,47.43922302060906,0.0,"gps,gps",False,"nearest car position is 7576.0 m away, above the 40 m threshold: routes do not overlap here | heading differs by 47deg: the two vehicles are not travelling in a comparable direction at this point"
pair_00251,car_2e84f0c3e245,motorcycle_5ab8604a14df,1167118134150,2432248135362,0.0,0.2569071839354528,44.14739990234375,12.210501670837402,44.19047927856445,12.137121200561523,7563.122273037324,47.49880291300832,0.0,"gps,gps",False,"nearest car position is 7563.1 m away, above the 40 m threshold: routes do not overlap here | heading differs by 47deg: the two vehicles are not travelling in a comparable direction at this point"
pair_00252,car_2e84f0c3e245,motorcycle_5ab8604a14df,1167118134150,2433248135466,0.0,0.2583874733737682,44.14739990234375,12.210501670837402,44.19028854370117,12.137125015258789,7549.478694739928,47.55123462683315,0.0,"gps,gps",False,"nearest car position is 7549.5 m away, above the 40 m threshold: routes do not overlap here | heading differs by 48deg: the two vehicles are not travelling in a comparable direction at this point"
pair_00253,car_2e84f0c3e245,motorcycle_5ab8604a14df,1167118134150,2434248135570,0.0,0.2599565624344195,44.14739990234375,12.210501670837402,44.190086364746094,12.137128829956055,7535.068895791657,47.597731678529215,0.0,"gps,gps",False,"nearest car position is 7535.1 m away, above the 40 m threshold: routes do not overlap here | heading differs by 48deg: the two vehicles are not travelling in a comparable direction at this point"
pair_00254,car_2e84f0c3e245,motorcycle_5ab8604a14df,1167118134150,2435248135674,0.0,0.26158485176559004,44.14739990234375,12.210501670837402,44.189876556396484,12.13713264465332,7520.16614186247,47.62591126012245,0.0,"gps,gps",False,"nearest car position is 7520.2 m away, above the 40 m threshold: routes do not overlap here | heading differs by 48deg: the two vehicles are not travelling in a comparable direction at this point"
pair_00255,car_2e84f0c3e245,motorcycle_5ab8604a14df,1167118134150,2436248135726,0.0,0.26330210616445565,44.14739990234375,12.210501670837402,44.18965530395508,12.137138366699219,7504.391350065049,47.310458909147485,0.0,"gps,gps",False,"nearest car position is 7504.4 m away, above the 40 m threshold: routes do not overlap here | heading differs by 47deg: the two vehicles are not travelling in a comparable direction at this point"
pair_00256,car_2e84f0c3e245,motorcycle_5ab8604a14df,1167118134150,2437248135830,0.0,0.26510790479777674,44.14739990234375,12.210501670837402,44.189422607421875,12.137136459350586,7488.345952470977,48.709577442245575,0.0,"gps,gps",False,"nearest car position is 7488.3 m away, above the 40 m threshold: routes do not overlap here | heading differs by 49deg: the two vehicles are not travelling in a comparable direction at this point"
pair_00257,car_2e84f0c3e245,motorcycle_5ab8604a14df,1167118134150,2438248135934,0.0,0.2669140542661653,44.14739990234375,12.210501670837402,44.18918991088867,12.137129783630371,7472.653544956257,49.55129119274656,0.0,"gps,gps",False,"nearest car position is 7472.7 m away, above the 40 m threshold: routes do not overlap here | heading differs by 50deg: the two vehicles are not travelling in a comparable direction at this point"
pair_00258,car_2e84f0c3e245,motorcycle_5ab8604a14df,1167118134150,2439248135987,0.0,0.2686904171359988,44.14739990234375,12.210501670837402,44.188961029052734,12.137125015258789,7457.161254485431,49.228678410076895,0.0,"gps,gps",False,"nearest car position is 7457.2 m away, above the 40 m threshold: routes do not overlap here | heading differs by 49deg: the two vehicles are not travelling in a comparable direction at this point"
pair_00259,car_2e84f0c3e245,motorcycle_5ab8604a14df,1167118134150,2440248136091,0.0,0.27046658976321725,44.14739990234375,12.210501670837402,44.1887321472168,12.137124061584473,7441.484475688001,48.54401476845095,0.0,"gps,gps",False,"nearest car position is 7441.5 m away, above the 40 m threshold: routes do not overlap here | heading differs by 49deg: the two vehicles are not travelling in a comparable direction at this point"
pair_00260,car_2e84f0c3e245,motorcycle_5ab8604a14df,1167118134150,2441248136195,0.0,0.27227238839756474,44.14739990234375,12.210501670837402,44.188499450683594,12.13712215423584,7425.660866228169,48.7095827163586,0.0,"gps,gps",False,"nearest car position is 7425.7 m away, above the 40 m threshold: routes do not overlap here | heading differs by 49deg: the two vehicles are not travelling in a comparable direction at this point"
pair_00261,car_2e84f0c3e245,motorcycle_5ab8604a14df,1167118134150,2442248136247,0.0,0.2741077662592209,44.14739990234375,12.210501670837402,44.188262939453125,12.137121200561523,7409.573764957235,48.53849411784094,0.0,"gps,gps",False,"nearest car position is 7409.6 m away, above the 40 m threshold: routes do not overlap here | heading differs by 49deg: the two vehicles are not travelling in a comparable direction at this point"
pair_00262,car_2e84f0c3e245,motorcycle_5ab8604a14df,1167118134150,2443248136299,0.0,0.2759431441209386,44.14739990234375,12.210501670837402,44.188026428222656,12.13712215423584,7393.424776694489,48.20717071578639,0.0,"gps,gps",False,"nearest car position is 7393.4 m away, above the 40 m threshold: routes do not overlap here | heading differs by 48deg: the two vehicles are not travelling in a comparable direction at this point"
pair_00263,car_2e84f0c3e245,motorcycle_5ab8604a14df,1167118134150,2444248136403,0.0,0.2778377198008961,44.14739990234375,12.210501670837402,44.187782287597656,12.13712215423584,7376.8784122367115,48.37283274917439,0.0,"gps,gps",False,"nearest car position is 7376.9 m away, above the 40 m threshold: routes do not overlap here | heading differs by 48deg: the two vehicles are not travelling in a comparable direction at this point"
pair_00264,car_2e84f0c3e245,motorcycle_5ab8604a14df,1167118134150,2445248136455,0.0,0.27976189822587066,44.14739990234375,12.210501670837402,44.18753433227539,12.13712215423584,7360.137926025435,48.37283274917439,0.0,"gps,gps",False,"nearest car position is 7360.1 m away, above the 40 m threshold: routes do not overlap here | heading differs by 48deg: the two vehicles are not travelling in a comparable direction at this point"
pair_00265,car_2e84f0c3e245,motorcycle_5ab8604a14df,1167118134150,2446248136507,0.0,0.28171568660283486,44.14739990234375,12.210501670837402,44.18728256225586,12.137123107910156,7343.146140763323,48.21720882411961,0.0,"gps,gps",False,"nearest car position is 7343.1 m away, above the 40 m threshold: routes do not overlap here | heading differs by 48deg: the two vehicles are not travelling in a comparable direction at this point"
pair_00266,car_2e84f0c3e245,motorcycle_5ab8604a14df,1167118134150,2447248136560,0.0,0.28369913441208516,44.14739990234375,12.210501670837402,44.18702697753906,12.137125968933105,7325.845403660005,47.912935961289065,0.0,"gps,gps",False,"nearest car position is 7325.8 m away, above the 40 m threshold: routes do not overlap here | heading differs by 48deg: the two vehicles are not travelling in a comparable direction at this point"
pair_00267,car_2e84f0c3e245,motorcycle_5ab8604a14df,1167118134150,2448248136611,0.0,0.2856529444102544,44.14739990234375,12.210501670837402,44.18677520751953,12.137127876281738,7308.929078121524,48.0615845163108,0.0,"gps,gps",False,"nearest car position is 7308.9 m away, above the 40 m threshold: routes do not overlap here | heading differs by 48deg: the two vehicles are not travelling in a comparable direction at this point"
pair_00268,car_2e84f0c3e245,motorcycle_5ab8604a14df,1167118134150,2449248136664,0.0,0.2875477876375768,44.14739990234375,12.210501670837402,44.18653106689453,12.137133598327637,7292.34266369939,47.40998571517224,0.0,"gps,gps",False,"nearest car position is 7292.3 m away, above the 40 m threshold: routes do not overlap here | heading differs by 47deg: the two vehicles are not travelling in a comparable direction at this point"
pair_00269,car_2e84f0c3e245,motorcycle_5ab8604a14df,1167118134150,2450248136716,0.0,0.28941303236823523,44.14739990234375,12.210501670837402,44.1862907409668,12.137139320373535,7276.071699151324,47.394701387864814,0.0,"gps,gps",False,"nearest car position is 7276.1 m away, above the 40 m threshold: routes do not overlap here | heading differs by 47deg: the two vehicles are not travelling in a comparable direction at this point"
pair_00270,car_2e84f0c3e245,motorcycle_5ab8604a14df,1167118134150,2451248136716,0.0,0.29127827710115906,44.14739990234375,12.210501670837402,44.18605041503906,12.137145042419434,7259.862659457294,47.39469740079352,0.0,"gps,gps",False,"nearest car position is 7259.9 m away, above the 40 m threshold: routes do not overlap here | heading differs by 47deg: the two vehicles are not travelling in a comparable direction at this point"
pair_00271,car_2e84f0c3e245,motorcycle_5ab8604a14df,1167118134150,2452248136768,0.0,0.293113923474483,44.14739990234375,12.210501670837402,44.185813903808594,12.137150764465332,7243.965917024356,47.37892017683788,0.0,"gps,gps",False,"nearest car position is 7244.0 m away, above the 40 m threshold: routes do not overlap here | heading differs by 47deg: the two vehicles are not travelling in a comparable direction at this point"
pair_00272,car_2e84f0c3e245,motorcycle_5ab8604a14df,1167118134150,2453248136820,0.0,0.2948614607219399,44.14739990234375,12.210501670837402,44.18558883666992,12.137161254882812,7228.569111724732,46.45852005869773,0.0,"gps,gps",False,"nearest car position is 7228.6 m away, above the 40 m threshold: routes do not overlap here | heading differs by 46deg: the two vehicles are not travelling in a comparable direction at this point"
pair_00273,car_2e84f0c3e245,motorcycle_5ab8604a14df,1167118134150,2454248136820,0.0,0.2966106330023615,44.14739990234375,12.210501670837402,44.18536376953125,12.137178421020508,7212.794605820834,45.242262025431444,0.0,"gps,gps",False,"nearest car position is 7212.8 m away, above the 40 m threshold: routes do not overlap here | heading differs by 45deg: the two vehicles are not travelling in a comparable direction at this point"
pair_00274,car_2e84f0c3e245,motorcycle_5ab8604a14df,1167118134150,2455248136872,0.0,0.29833401031238094,44.14739990234375,12.210501670837402,44.185142517089844,12.137205123901367,7196.70202247647,43.4264653001614,0.0,"gps,gps",False,"nearest car position is 7196.7 m away, above the 40 m threshold: routes do not overlap here"
pair_00275,car_2e84f0c3e245,motorcycle_5ab8604a14df,1167118134150,2456248136872,0.0,0.3000640424960263,44.14739990234375,12.210501670837402,44.18492126464844,12.137243270874023,7179.915384013515,41.32472702514741,0.0,"gps,gps",False,"nearest car position is 7179.9 m away, above the 40 m threshold: routes do not overlap here"
pair_00276,car_2e84f0c3e245,motorcycle_5ab8604a14df,1167118134150,2457248136924,0.0,0.3018022036185637,44.14739990234375,12.210501670837402,44.18470001220703,12.13729190826416,7162.492981604119,39.41457812259483,0.0,"gps,gps",False,"nearest car position is 7162.5 m away, above the 40 m threshold: routes do not overlap here"
pair_00277,car_2e84f0c3e245,motorcycle_5ab8604a14df,1167118134150,2458248136924,0.0,0.3035193418826359,44.14739990234375,12.210501670837402,44.18448257446289,12.137349128723145,7144.80040420122,37.68619782600257,0.0,"gps,gps",False,"nearest car position is 7144.8 m away, above the 40 m threshold: routes do not overlap here"
pair_00278,car_2e84f0c3e245,motorcycle_5ab8604a14df,1167118134150,2459248136924,0.0,0.3052159210029387,44.14739990234375,12.210501670837402,44.184268951416016,12.13741397857666,7126.894854910087,36.091625592110006,0.0,"gps,gps",False,"nearest car position is 7126.9 m away, above the 40 m threshold: routes do not overlap here"
pair_00279,car_2e84f0c3e245,motorcycle_5ab8604a14df,1167118134150,2460248136976,0.0,0.30683327087700396,44.14739990234375,12.210501670837402,44.18406677246094,12.137484550476074,7109.382616043659,34.31986974957516,0.0,"gps,gps",False,"nearest car position is 7109.4 m away, above the 40 m threshold: routes do not overlap here"
pair_00280,car_2e84f0c3e245,motorcycle_5ab8604a14df,1167118134150,2461248136976,0.0,0.30837456807261393,44.14739990234375,12.210501670837402,44.183876037597656,12.137561798095703,7092.193184435695,32.178041158048416,0.0,"gps,gps",False,"nearest car position is 7092.2 m away, above the 40 m threshold: routes do not overlap here"
pair_00281,car_2e84f0c3e245,motorcycle_5ab8604a14df,1167118134150,2462248137028,0.0,0.30983884478911433,44.14739990234375,12.210501670837402,44.18369674682617,12.137643814086914,7075.44381597505,30.211311579821597,0.0,"gps,gps",False,"nearest car position is 7075.4 m away, above the 40 m threshold: routes do not overlap here"
pair_00282,car_2e84f0c3e245,motorcycle_5ab8604a14df,1167118134150,2463248137028,0.0,0.3112002990723583,44.14739990234375,12.210501670837402,44.18353271484375,12.137730598449707,7059.369172910125,27.59599734299087,0.0,"gps,gps",False,"nearest car position is 7059.4 m away, above the 40 m threshold: routes do not overlap here"
pair_00283,car_2e84f0c3e245,motorcycle_5ab8604a14df,1167118134150,2464248137028,0.0,0.3125065673645187,44.14739990234375,12.210501670837402,44.18337631225586,12.1378173828125,7043.79331144367,26.67471575983717,0.0,"gps,gps",False,"nearest car position is 7043.8 m away, above the 40 m threshold: routes do not overlap here"
pair_00284,car_2e84f0c3e245,motorcycle_5ab8604a14df,1167118134150,2465248137028,0.0,0.3137935449130312,44.14739990234375,12.210501670837402,44.183223724365234,12.137907981872559,7028.222308407527,25.30916047742147,0.0,"gps,gps",False,"nearest car position is 7028.2 m away, above the 40 m threshold: routes do not overlap here"
pair_00285,car_2e84f0c3e245,motorcycle_5ab8604a14df,1167118134150,2466248137028,0.0,0.3151582075390075,44.14739990234375,12.210501670837402,44.18306350708008,12.138009071350098,7011.495622963151,24.027669931270623,0.0,"gps,gps",False,"nearest car position is 7011.5 m away, above the 40 m threshold: routes do not overlap here"
pair_00286,car_2e84f0c3e245,motorcycle_5ab8604a14df,1167118134150,2467248137028,0.0,0.3165119983096099,44.14739990234375,12.210501670837402,44.18290710449219,12.138116836547852,6994.5832821980875,22.07828717436763,0.0,"gps,gps",False,"nearest car position is 6994.6 m away, above the 40 m threshold: routes do not overlap here"
pair_00287,car_2e84f0c3e245,motorcycle_5ab8604a14df,1167118134150,2468248137080,0.0,0.31787291766241277,44.14739990234375,12.210501670837402,44.1827507019043,12.138227462768555,6977.495298312753,21.477263745473863,0.0,"gps,gps",False,"nearest car position is 6977.5 m away, above the 40 m threshold: routes do not overlap here"
pair_00288,car_2e84f0c3e245,motorcycle_5ab8604a14df,1167118134150,2469248137080,0.0,0.3191863382571115,44.14739990234375,12.210501670837402,44.18260192871094,12.13833999633789,6960.770865705923,19.895708969977193,0.0,"gps,gps",False,"nearest car position is 6960.8 m away, above the 40 m threshold: routes do not overlap here"
pair_00289,car_2e84f0c3e245,motorcycle_5ab8604a14df,1167118134150,2470248137028,0.0,0.3203942558735847,44.14739990234375,12.210501670837402,44.18246841430664,12.13845157623291,6945.071973366755,17.43811514025691,0.0,"gps,gps",False,"nearest car position is 6945.1 m away, above the 40 m threshold: routes do not overlap here"
pair_00290,car_2e84f0c3e245,motorcycle_5ab8604a14df,1167118134150,2471248137028,0.0,0.32156331589636594,44.14739990234375,12.210501670837402,44.182342529296875,12.138566970825195,6929.604083652456,15.05330254363031,0.0,"gps,gps",False,"nearest car position is 6929.6 m away, above the 40 m threshold: routes do not overlap here"
pair_00291,car_2e84f0c3e245,motorcycle_5ab8604a14df,1167118134150,2472248137028,0.0,0.32268034123271927,44.14739990234375,12.210501670837402,44.18222427368164,12.138681411743164,6914.679919484839,13.61241384462187,0.0,"gps,gps",False,"nearest car position is 6914.7 m away, above the 40 m threshold: routes do not overlap here"
pair_00292,car_2e84f0c3e245,motorcycle_5ab8604a14df,1167118134150,2473248137028,0.0,0.32371601082571144,44.14739990234375,12.210501670837402,44.1821174621582,12.138792991638184,6900.661102232949,11.53436645250622,0.0,"gps,gps",False,"nearest car position is 6900.7 m away, above the 40 m threshold: routes do not overlap here"
pair_00293,car_2e84f0c3e245,motorcycle_5ab8604a14df,1167118134150,2474248137028,0.0,0.32464562594568663,44.14739990234375,12.210501670837402,44.18202209472656,12.138894081115723,6888.050320203962,11.132281277505683,0.0,"gps,gps",False,"nearest car position is 6888.1 m away, above the 40 m threshold: routes do not overlap here"
pair_00294,car_2e84f0c3e245,motorcycle_5ab8604a14df,1167118134150,2475248137028,0.0,0.32546523776630604,44.14739990234375,12.210501670837402,44.18193054199219,12.138967514038086,6877.50901622273,18.46538351464244,0.0,"gps,gps",False,"nearest car position is 6877.5 m away, above the 40 m threshold: routes do not overlap here"
pair_00295,car_2e84f0c3e245,motorcycle_5ab8604a14df,1167118134150,2476248137028,0.0,0.32625695914834363,44.14739990234375,12.210501670837402,44.18183517456055,12.139018058776855,6868.250776133809,27.562046988459485,0.0,"gps,gps",False,"nearest car position is 6868.3 m away, above the 40 m threshold: routes do not overlap here"
pair_00296,car_2e84f0c3e245,motorcycle_5ab8604a14df,1167118134150,2477248137028,0.0,0.32704292633925564,44.14739990234375,12.210501670837402,44.18173599243164,12.139046669006348,6860.2163493190355,36.68518399761791,0.0,"gps,gps",False,"nearest car position is 6860.2 m away, above the 40 m threshold: routes do not overlap here"
pair_00297,car_2e84f0c3e245,motorcycle_5ab8604a14df,1167118134150,2478248137028,0.0,0.32783111238647583,44.14739990234375,12.210501670837402,44.181636810302734,12.139077186584473,6852.064508609817,35.929534011091675,0.0,"gps,gps",False,"nearest car position is 6852.1 m away, above the 40 m threshold: routes do not overlap here"
pair_00298,car_2e84f0c3e245,motorcycle_5ab8604a14df,1167118134150,2479248136976,0.0,0.3285972048277821,44.14739990234375,12.210501670837402,44.18154525756836,12.139128684997559,6842.999483969477,26.404248298332334,0.0,"gps,gps",False,"nearest car position is 6843.0 m away, above the 40 m threshold: routes do not overlap here"
pair_00299,car_2e84f0c3e245,motorcycle_5ab8604a14df,1167118134150,2480248136924,0.0,0.3293226851217818,44.14739990234375,12.210501670837402,44.18146896362305,12.139204025268555,6833.296893771743,13.067772014584477,0.0,"gps,gps",False,"nearest car position is 6833.3 m away, above the 40 m threshold: routes do not overlap here"
pair_00300,car_2e84f0c3e245,motorcycle_5ab8604a14df,1167118134150,2481248136924,0.0,0.3300379995497716,44.14739990234375,12.210501670837402,44.1814079284668,12.139300346374512,6823.14266565554,0.16331332197586335,0.0,"gps,gps",False,"nearest car position is 6823.1 m away, above the 40 m threshold: routes do not overlap here"
pair_00301,car_2e84f0c3e245,motorcycle_5ab8604a14df,1167118134150,2482248136872,0.0,0.33075802412908367,44.14739990234375,12.210501670837402,44.181365966796875,12.139415740966797,6812.8969854789175,14.739156123599173,0.0,"gps,gps",False,"nearest car position is 6812.9 m away, above the 40 m threshold: routes do not overlap here"
pair_00302,car_2e84f0c3e245,motorcycle_5ab8604a14df,1167118134150,2483248136872,0.0,0.33151767626364154,44.14739990234375,12.210501670837402,44.18133544921875,12.139545440673828,6802.407361305975,23.462454832317633,0.0,"gps,gps",False,"nearest car position is 6802.4 m away, above the 40 m threshold: routes do not overlap here"
pair_00303,car_2e84f0c3e245,motorcycle_5ab8604a14df,1167118134150,2484248136820,0.0,0.332333002904744,44.14739990234375,12.210501670837402,44.181304931640625,12.13968563079834,6791.222976188588,24.741558168690858,0.0,"gps,gps",False,"nearest car position is 6791.2 m away, above the 40 m threshold: routes do not overlap here"
pair_00304,car_2e84f0c3e245,motorcycle_5ab8604a14df,1167118134150,2485248136820,0.0,0.33322111461666626,44.14739990234375,12.210501670837402,44.181251525878906,12.139826774597168,6778.564334499633,13.81007664258965,0.0,"gps,gps",False,"nearest car position is 6778.6 m away, above the 40 m threshold: routes do not overlap here"
pair_00305,car_2e84f0c3e245,motorcycle_5ab8604a14df,1167118134150,2486248136768,0.0,0.33417949962464794,44.14739990234375,12.210501670837402,44.181175231933594,12.139962196350098,6764.873116906464,3.4742463876742136,0.0,"gps,gps",False,"nearest car position is 6764.9 m away, above the 40 m threshold: routes do not overlap here"
pair_00306,car_2e84f0c3e245,motorcycle_5ab8604a14df,1167118134150,2487248136768,0.0,0.33523954860961547,44.14739990234375,12.210501670837402,44.18107986450195,12.140098571777344,6749.942583227484,2.6512059710828453,0.0,"gps,gps",False,"nearest car position is 6749.9 m away, above the 40 m threshold: routes do not overlap here"
pair_00307,car_2e84f0c3e245,motorcycle_5ab8604a14df,1167118134150,2488248136716,0.0,0.3364174294030287,44.14739990234375,12.210501670837402,44.18098068237305,12.1402587890625,6733.195545460359,0.8259513649573478,0.0,"gps,gps",False,"nearest car position is 6733.2 m away, above the 40 m threshold: routes do not overlap here"
pair_00308,car_2e84f0c3e245,motorcycle_5ab8604a14df,1167118134150,2489248136716,0.0,0.33777436831188073,44.14739990234375,12.210501670837402,44.180870056152344,12.140447616577148,6713.844798920502,2.3806611675248064,0.0,"gps,gps",False,"nearest car position is 6713.8 m away, above the 40 m threshold: routes do not overlap here"
pair_00309,car_2e84f0c3e245,motorcycle_5ab8604a14df,1167118134150,2490248136664,0.0,0.3393796082134688,44.14739990234375,12.210501670837402,44.18074417114258,12.140676498413086,6690.895389122502,4.141532281639115,0.0,"gps,gps",False,"nearest car position is 6690.9 m away, above the 40 m threshold: routes do not overlap here"
pair_00310,car_2e84f0c3e245,motorcycle_5ab8604a14df,1167118134150,2491248136664,0.0,0.341182513718286,44.14739990234375,12.210501670837402,44.180606842041016,12.140937805175781,6665.088541944755,5.392097637225163,0.0,"gps,gps",False,"nearest car position is 6665.1 m away, above the 40 m threshold: routes do not overlap here"
pair_00311,car_2e84f0c3e245,motorcycle_5ab8604a14df,1167118134150,2492248136611,0.0,0.3429767389595016,44.14739990234375,12.210501670837402,44.18047332763672,12.14120101928711,6639.38998046627,6.355060577077722,0.0,"gps,gps",False,"nearest car position is 6639.4 m away, above the 40 m threshold: routes do not overlap here"
pair_00312,car_2e84f0c3e245,motorcycle_5ab8604a14df,1167118134150,2493248136611,0.0,0.3446516636776588,44.14739990234375,12.210501670837402,44.180355072021484,12.14145278930664,6615.390660564041,8.404443657106356,0.0,"gps,gps",False,"nearest car position is 6615.4 m away, above the 40 m threshold: routes do not overlap here"
pair_00313,car_2e84f0c3e245,motorcycle_5ab8604a14df,1167118134150,2494248136560,0.0,0.3462231168456929,44.14739990234375,12.210501670837402,44.18024444580078,12.14168930053711,6592.874282113567,8.51393274367365,0.0,"gps,gps",False,"nearest car position is 6592.9 m away, above the 40 m threshold: routes do not overlap here"
pair_00314,car_2e84f0c3e245,motorcycle_5ab8604a14df,1167118134150,2495248136560,0.0,0.34765724116521274,44.14739990234375,12.210501670837402,44.180145263671875,12.14190673828125,6572.329019775909,9.169064412070213,0.0,"gps,gps",False,"nearest car position is 6572.3 m away, above the 40 m threshold: routes do not overlap here"
pair_00315,car_2e84f0c3e245,motorcycle_5ab8604a14df,1167118134150,2496248136560,0.0,0.34886341512735297,44.14739990234375,12.210501670837402,44.18006896972656,12.142095565795898,6555.092863693285,12.23052763894492,0.0,"gps,gps",False,"nearest car position is 6555.1 m away, above the 40 m threshold: routes do not overlap here"
pair_00316,car_2e84f0c3e245,motorcycle_5ab8604a14df,1167118134150,2497248136507,0.0,0.3499712387516728,44.14739990234375,12.210501670837402,44.18000030517578,12.1422700881958,6539.276619389758,12.877305417190712,0.0,"gps,gps",False,"nearest car position is 6539.3 m away, above the 40 m threshold: routes do not overlap here"
pair_00317,car_2e84f0c3e245,motorcycle_5ab8604a14df,1167118134150,2498248136507,0.0,0.35103743237338825,44.14739990234375,12.210501670837402,44.179931640625,12.142436027526855,6524.030392302575,11.64257561141028,0.0,"gps,gps",False,"nearest car position is 6524.0 m away, above the 40 m threshold: routes do not overlap here"
pair_00318,car_2e84f0c3e245,motorcycle_5ab8604a14df,1167118134150,2499248136507,0.0,0.3520844877045473,44.14739990234375,12.210501670837402,44.179866790771484,12.142601013183594,6509.0827077529775,12.900639571934164,0.0,"gps,gps",False,"nearest car position is 6509.1 m away, above the 40 m threshold: routes do not overlap here"
pair_00319,car_2e84f0c3e245,motorcycle_5ab8604a14df,1167118134150,2500248136455,0.0,0.3531885325190662,44.14739990234375,12.210501670837402,44.17979431152344,12.14277172088623,6493.285172268692,11.000234893059428,0.0,"gps,gps",False,"nearest car position is 6493.3 m away, above the 40 m threshold: routes do not overlap here"
pair_00320,car_2e84f0c3e245,motorcycle_5ab8604a14df,1167118134150,2501248136455,0.0,0.3543478373896932,44.14739990234375,12.210501670837402,44.17972183227539,12.142953872680664,6476.728306065908,12.60406001816989,0.0,"gps,gps",False,"nearest car position is 6476.7 m away, above the 40 m threshold: routes do not overlap here"
pair_00321,car_2e84f0c3e245,motorcycle_5ab8604a14df,1167118134150,2502248136455,0.0,0.3555538279714223,44.14739990234375,12.210501670837402,44.179649353027344,12.143145561218262,6459.538971627748,13.827542368927425,0.0,"gps,gps",False,"nearest car position is 6459.5 m away, above the 40 m threshold: routes do not overlap here"
pair_00322,car_2e84f0c3e245,motorcycle_5ab8604a14df,1167118134150,2503248136403,0.0,0.35690474109768505,44.14739990234375,12.210501670837402,44.1795654296875,12.14335823059082,6440.252082056173,12.805312809887425,0.0,"gps,gps",False,"nearest car position is 6440.3 m away, above the 40 m threshold: routes do not overlap here"
pair_00323,car_2e84f0c3e245,motorcycle_5ab8604a14df,1167118134150,2504248136403,0.0,0.3583586391222478,44.14739990234375,12.210501670837402,44.179473876953125,12.143586158752441,6419.48255441669,12.374517522620351,0.0,"gps,gps",False,"nearest car position is 6419.5 m away, above the 40 m threshold: routes do not overlap here"
pair_00324,car_2e84f0c3e245,motorcycle_5ab8604a14df,1167118134150,2505248136403,0.0,0.35982723177167836,44.14739990234375,12.210501670837402,44.179378509521484,12.143814086914062,6398.477822915904,11.366864538796904,0.0,"gps,gps",False,"nearest car position is 6398.5 m away, above the 40 m threshold: routes do not overlap here"
pair_00325,car_2e84f0c3e245,motorcycle_5ab8604a14df,1167118134150,2506248136351,0.0,0.3612366590169664,44.14739990234375,12.210501670837402,44.179283142089844,12.14402961730957,6378.295390909187,9.953299699448849,0.0,"gps,gps",False,"nearest car position is 6378.3 m away, above the 40 m threshold: routes do not overlap here"
pair_00326,car_2e84f0c3e245,motorcycle_5ab8604a14df,1167118134150,2507248136351,0.0,0.36253821532649816,44.14739990234375,12.210501670837402,44.179195404052734,12.1442289352417,6359.659316800127,10.085829762222431,0.0,"gps,gps",False,"nearest car position is 6359.7 m away, above the 40 m threshold: routes do not overlap here"
pair_00327,car_2e84f0c3e245,motorcycle_5ab8604a14df,1167118134150,2508248136299,0.0,0.36381274157109106,44.14739990234375,12.210501670837402,44.179107666015625,12.14442253112793,6341.402679623721,9.336964670903171,0.0,"gps,gps",False,"nearest car position is 6341.4 m away, above the 40 m threshold: routes do not overlap here"
pair_00328,car_2e84f0c3e245,motorcycle_5ab8604a14df,1167118134150,2509248136299,0.0,0.36502916943671715,44.14739990234375,12.210501670837402,44.17902755737305,12.144610404968262,6323.996878670003,10.893317970647047,0.0,"gps,gps",False,"nearest car position is 6324.0 m away, above the 40 m threshold: routes do not overlap here"
pair_00329,car_2e84f0c3e245,motorcycle_5ab8604a14df,1167118134150,2510248136247,0.0,0.366227399316987,44.14739990234375,12.210501670837402,44.17894744873047,12.144794464111328,6306.844069142263,10.374545152065878,0.0,"gps,gps",False,"nearest car position is 6306.8 m away, above the 40 m threshold: routes do not overlap here"
pair_00330,car_2e84f0c3e245,motorcycle_5ab8604a14df,1167118134150,2511248136247,0.0,0.36738207874635637,44.14739990234375,12.210501670837402,44.17887496948242,12.144975662231445,6290.352668094182,12.476636392783007,0.0,"gps,gps",False,"nearest car position is 6290.4 m away, above the 40 m threshold: routes do not overlap here"
pair_00331,car_2e84f0c3e245,motorcycle_5ab8604a14df,1167118134150,2512248136195,0.0,0.36848613731276625,44.14739990234375,12.210501670837402,44.178802490234375,12.145146369934082,6274.556762628781,11.000657408009147,0.0,"gps,gps",False,"nearest car position is 6274.6 m away, above the 40 m threshold: routes do not overlap here"
pair_00332,car_2e84f0c3e245,motorcycle_5ab8604a14df,1167118134150,2513248136143,0.0,0.36952488590892835,44.14739990234375,12.210501670837402,44.178733825683594,12.145306587219238,6259.692108433656,10.765196460130426,0.0,"gps,gps",False,"nearest car position is 6259.7 m away, above the 40 m threshold: routes do not overlap here"
pair_00333,car_2e84f0c3e245,motorcycle_5ab8604a14df,1167118134150,2514248136143,0.0,0.37052573939404,44.14739990234375,12.210501670837402,44.17866897583008,12.145462036132812,6245.379507116645,11.440640215361839,0.0,"gps,gps",False,"nearest car position is 6245.4 m away, above the 40 m threshold: routes do not overlap here"
pair_00334,car_2e84f0c3e245,motorcycle_5ab8604a14df,1167118134150,2515248136091,0.0,0.3714796192403791,44.14739990234375,12.210501670837402,44.17860794067383,12.145610809326172,6231.745393787027,11.855562114771942,0.0,"gps,gps",False,"nearest car position is 6231.7 m away, above the 40 m threshold: routes do not overlap here"
pair_00335,car_2e84f0c3e245,motorcycle_5ab8604a14df,1167118134150,2516248136091,0.0,0.37245307911947595,44.14739990234375,12.210501670837402,44.17854309082031,12.145760536193848,6217.8121289127575,10.49819437878881,0.0,"gps,gps",False,"nearest car position is 6217.8 m away, above the 40 m threshold: routes do not overlap here"
pair_00336,car_2e84f0c3e245,motorcycle_5ab8604a14df,1167118134150,2517248136039,0.0,0.3734493507742592,44.14739990234375,12.210501670837402,44.1784782409668,12.145915031433105,6203.563042311937,11.287241053042578,0.0,"gps,gps",False,"nearest car position is 6203.6 m away, above the 40 m threshold: routes do not overlap here"
pair_00337,car_2e84f0c3e245,motorcycle_5ab8604a14df,1167118134150,2518248136039,0.0,0.37448355111074483,44.14739990234375,12.210501670837402,44.178409576416016,12.146074295043945,6188.762018621071,10.614498323706641,0.0,"gps,gps",False,"nearest car position is 6188.8 m away, above the 40 m threshold: routes do not overlap here"
pair_00338,car_2e84f0c3e245,motorcycle_5ab8604a14df,1167118134150,2519248136039,0.0,0.3755497663132443,44.14739990234375,12.210501670837402,44.178340911865234,12.146240234375,6173.518918953915,11.64324474657866,0.0,"gps,gps",False,"nearest car position is 6173.5 m away, above the 40 m threshold: routes do not overlap here"
pair_00339,car_2e84f0c3e245,motorcycle_5ab8604a14df,1167118134150,2520248135987,0.0,0.37665383228448074,44.14739990234375,12.210501670837402,44.17826843261719,12.146410942077637,6157.723885951227,11.000884904597058,0.0,"gps,gps",False,"nearest car position is 6157.7 m away, above the 40 m threshold: routes do not overlap here"
pair_00340,car_2e84f0c3e245,motorcycle_5ab8604a14df,1167118134150,2521248135987,0.0,0.3778004206728048,44.14739990234375,12.210501670837402,44.178192138671875,12.146587371826172,6141.313705782158,10.538679016603226,0.0,"gps,gps",False,"nearest car position is 6141.3 m away, above the 40 m threshold: routes do not overlap here"
pair_00341,car_2e84f0c3e245,motorcycle_5ab8604a14df,1167118134150,2522248135934,0.0,0.3789743969404472,44.14739990234375,12.210501670837402,44.17811584472656,12.146769523620605,6124.524742463652,11.341279800156656,0.0,"gps,gps",False,"nearest car position is 6124.5 m away, above the 40 m threshold: routes do not overlap here"
pair_00342,car_2e84f0c3e245,motorcycle_5ab8604a14df,1167118134150,2523248135934,0.0,0.380119829719378,44.14739990234375,12.210501670837402,44.178043365478516,12.14694881439209,6108.161837403494,12.21833544668965,0.0,"gps,gps",False,"nearest car position is 6108.2 m away, above the 40 m threshold: routes do not overlap here"
pair_00343,car_2e84f0c3e245,motorcycle_5ab8604a14df,1167118134150,2524248135934,0.0,0.38134457766715396,44.14739990234375,12.210501670837402,44.1779670715332,12.147141456604004,6090.678856752587,12.71890902800618,0.0,"gps,gps",False,"nearest car position is 6090.7 m away, above the 40 m threshold: routes do not overlap here"
pair_00344,car_2e84f0c3e245,motorcycle_5ab8604a14df,1167118134150,2525248135934,0.0,0.382676959077859,44.14739990234375,12.210501670837402,44.17788314819336,12.147350311279297,6071.649969389768,12.365877261101502,0.0,"gps,gps",False,"nearest car position is 6071.6 m away, above the 40 m threshold: routes do not overlap here"
pair_00345,car_2e84f0c3e245,motorcycle_5ab8604a14df,1167118134150,2526248135882,0.0,0.38404187533415624,44.14739990234375,12.210501670837402,44.177799224853516,12.147565841674805,6052.179744843279,13.128262564669797,0.0,"gps,gps",False,"nearest car position is 6052.2 m away, above the 40 m threshold: routes do not overlap here"
pair_00346,car_2e84f0c3e245,motorcycle_5ab8604a14df,1167118134150,2527248135882,0.0,0.38544430385491785,44.14739990234375,12.210501670837402,44.177711486816406,12.147786140441895,6032.157747498752,12.582751358237601,0.0,"gps,gps",False,"nearest car position is 6032.2 m away, above the 40 m threshold: routes do not overlap here"
pair_00347,car_2e84f0c3e245,motorcycle_5ab8604a14df,1167118134150,2528248135882,0.0,0.38690834721758316,44.14739990234375,12.210501670837402,44.177616119384766,12.1480131149292,6011.220741243227,11.262937394676726,0.0,"gps,gps",False,"nearest car position is 6011.2 m away, above the 40 m threshold: routes do not overlap here"
pair_00348,car_2e84f0c3e245,motorcycle_5ab8604a14df,1167118134150,2529248135830,0.0,0.3884331529342233,44.14739990234375,12.210501670837402,44.17751693725586,12.148249626159668,5989.4162647663115,11.31137345756298,0.0,"gps,gps",False,"nearest car position is 5989.4 m away, above the 40 m threshold: routes do not overlap here"
pair_00349,car_2e84f0c3e245,motorcycle_5ab8604a14df,1167118134150,2530248135830,0.0,0.39008866521542046,44.14739990234375,12.210501670837402,44.17741012573242,12.148507118225098,5965.750532820001,11.582459392352405,0.0,"gps,gps",False,"nearest car position is 5965.8 m away, above the 40 m threshold: routes do not overlap here"
pair_00350,car_2e84f0c3e245,motorcycle_5ab8604a14df,1167118134150,2531248135830,0.0,0.3917075633229709,44.14739990234375,12.210501670837402,44.177303314208984,12.148756980895996,5942.589605601338,10.830071120934576,0.0,"gps,gps",False,"nearest car position is 5942.6 m away, above the 40 m threshold: routes do not overlap here"
pair_00351,car_2e84f0c3e245,motorcycle_5ab8604a14df,1167118134150,2532248135830,0.0,0.3932069033744645,44.14739990234375,12.210501670837402,44.17720031738281,12.148984909057617,5921.1161749681405,9.413184065946268,0.0,"gps,gps",False,"nearest car position is 5921.1 m away, above the 40 m threshold: routes do not overlap here"
pair_00352,car_2e84f0c3e245,motorcycle_5ab8604a14df,1167118134150,2533248135830,0.0,0.39461185394227016,44.14739990234375,12.210501670837402,44.17710494995117,12.149199485778809,5900.999936223936,9.84059114883297,0.0,"gps,gps",False,"nearest car position is 5901.0 m away, above the 40 m threshold: routes do not overlap here"
pair_00353,car_2e84f0c3e245,motorcycle_5ab8604a14df,1167118134150,2534248135778,0.0,0.3958936330097614,44.14739990234375,12.210501670837402,44.17702102661133,12.149397850036621,5882.667392647196,11.090481645871307,0.0,"gps,gps",False,"nearest car position is 5882.7 m away, above the 40 m threshold: routes do not overlap here"
pair_00354,car_2e84f0c3e245,motorcycle_5ab8604a14df,1167118134150,2535248135778,0.0,0.39706692870008126,44.14739990234375,12.210501670837402,44.17694854736328,12.149582862854004,5865.929682576788,12.982444869224253,0.0,"gps,gps",False,"nearest car position is 5865.9 m away, above the 40 m threshold: routes do not overlap here"
pair_00355,car_2e84f0c3e245,motorcycle_5ab8604a14df,1167118134150,2536248135778,0.0,0.39825470057632406,44.14739990234375,12.210501670837402,44.17687225341797,12.149767875671387,5848.954840399916,11.729169123403494,0.0,"gps,gps",False,"nearest car position is 5849.0 m away, above the 40 m threshold: routes do not overlap here"
pair_00356,car_2e84f0c3e245,motorcycle_5ab8604a14df,1167118134150,2537248135778,0.0,0.3994424736075412,44.14739990234375,12.210501670837402,44.176795959472656,12.14995288848877,5831.980245480905,11.729201158602109,0.0,"gps,gps",False,"nearest car position is 5832.0 m away, above the 40 m threshold: routes do not overlap here"
pair_00357,car_2e84f0c3e245,motorcycle_5ab8604a14df,1167118134150,2538248135726,0.0,0.4006256494114631,44.14739990234375,12.210501670837402,44.176719665527344,12.150136947631836,5815.068892419856,11.601114886098799,0.0,"gps,gps",False,"nearest car position is 5815.1 m away, above the 40 m threshold: routes do not overlap here"
pair_00358,car_2e84f0c3e245,motorcycle_5ab8604a14df,1167118134150,2539248135674,0.0,0.4017803621163568,44.14739990234375,12.210501670837402,44.1766471862793,12.150318145751953,5798.584486581561,12.477557287757747,0.0,"gps,gps",False,"nearest car position is 5798.6 m away, above the 40 m threshold: routes do not overlap here"
pair_00359,car_2e84f0c3e245,motorcycle_5ab8604a14df,1167118134150,2540248135674,0.0,0.4029406390199886,44.14739990234375,12.210501670837402,44.176570892333984,12.150497436523438,5781.988520200265,10.945390522875869,0.0,"gps,gps",False,"nearest car position is 5782.0 m away, above the 40 m threshold: routes do not overlap here"
pair_00360,car_2e84f0c3e245,motorcycle_5ab8604a14df,1167118134150,2541248135622,0.0,0.40403921801375386,44.14739990234375,12.210501670837402,44.1765022277832,12.150670051574707,5766.309283761468,12.612453043817709,0.0,"gps,gps",False,"nearest car position is 5766.3 m away, above the 40 m threshold: routes do not overlap here"
pair_00361,car_2e84f0c3e245,motorcycle_5ab8604a14df,1167118134150,2542248135622,0.0,0.40512963745893504,44.14739990234375,12.210501670837402,44.176429748535156,12.150837898254395,5750.7071697690935,10.575435915426283,0.0,"gps,gps",False,"nearest car position is 5750.7 m away, above the 40 m threshold: routes do not overlap here"
pair_00362,car_2e84f0c3e245,motorcycle_5ab8604a14df,1167118134150,2543248135570,0.0,0.4061628052815564,44.14739990234375,12.210501670837402,44.17636489868164,12.151000022888184,5735.958938646336,12.477668897793478,0.0,"gps,gps",False,"nearest car position is 5736.0 m away, above the 40 m threshold: routes do not overlap here"
pair_00363,car_2e84f0c3e245,motorcycle_5ab8604a14df,1167118134150,2544248135570,0.0,0.40719703284532316,44.14739990234375,12.210501670837402,44.17629623413086,12.151159286499023,5721.161695124437,10.61540510393769,0.0,"gps,gps",False,"nearest car position is 5721.2 m away, above the 40 m threshold: routes do not overlap here"
pair_00364,car_2e84f0c3e245,motorcycle_5ab8604a14df,1167118134150,2545248135518,0.0,0.40820710743372807,44.14739990234375,12.210501670837402,44.176231384277344,12.15131664276123,5706.728585000934,11.744438407900532,0.0,"gps,gps",False,"nearest car position is 5706.7 m away, above the 40 m threshold: routes do not overlap here"
pair_00365,car_2e84f0c3e245,motorcycle_5ab8604a14df,1167118134150,2546248135518,0.0,0.4091988309216926,44.14739990234375,12.210501670837402,44.17616653442383,12.151470184326172,5692.547377429287,11.133325680886799,0.0,"gps,gps",False,"nearest car position is 5692.5 m away, above the 40 m threshold: routes do not overlap here"
pair_00366,car_2e84f0c3e245,motorcycle_5ab8604a14df,1167118134150,2547248135466,0.0,0.4101665953462356,44.14739990234375,12.210501670837402,44.17610549926758,12.15162181854248,5678.730433851188,12.324708604331136,0.0,"gps,gps",False,"nearest car position is 5678.7 m away, above the 40 m threshold: routes do not overlap here"
pair_00367,car_2e84f0c3e245,motorcycle_5ab8604a14df,1167118134150,2548248135466,0.0,0.4111400854979988,44.14739990234375,12.210501670837402,44.17604064941406,12.151771545410156,5664.801193184766,10.499270410984991,0.0,"gps,gps",False,"nearest car position is 5664.8 m away, above the 40 m threshold: routes do not overlap here"
pair_00368,car_2e84f0c3e245,motorcycle_5ab8604a14df,1167118134150,2549248135466,0.0,0.4121078514936399,44.14739990234375,12.210501670837402,44.17597961425781,12.151923179626465,5650.984632680886,12.324760812084321,0.0,"gps,gps",False,"nearest car position is 5651.0 m away, above the 40 m threshold: routes do not overlap here"
pair_00369,car_2e84f0c3e245,motorcycle_5ab8604a14df,1167118134150,2550248135414,0.0,0.41309500815616956,44.14739990234375,12.210501670837402,44.1759147644043,12.15207576751709,5636.866933757863,10.977103068372514,0.0,"gps,gps",False,"nearest car position is 5636.9 m away, above the 40 m threshold: routes do not overlap here"
pair_00370,car_2e84f0c3e245,motorcycle_5ab8604a14df,1167118134150,2551248135414,0.0,0.4140958973943817,44.14739990234375,12.210501670837402,44.17584991455078,12.152231216430664,5622.560690992497,11.441830762377379,0.0,"gps,gps",False,"nearest car position is 5622.6 m away, above the 40 m threshold: routes do not overlap here"
pair_00371,car_2e84f0c3e245,motorcycle_5ab8604a14df,1167118134150,2552248135414,0.0,0.4151244406238843,44.14739990234375,12.210501670837402,44.175785064697266,12.152392387390137,5607.877332651979,12.333888339269265,0.0,"gps,gps",False,"nearest car position is 5607.9 m away, above the 40 m threshold: routes do not overlap here"
pair_00372,car_2e84f0c3e245,motorcycle_5ab8604a14df,1167118134150,2553248135362,0.0,0.4162148698023511,44.14739990234375,12.210501670837402,44.17571258544922,12.152560234069824,5592.276781603394,10.575743838546316,0.0,"gps,gps",False,"nearest car position is 5592.3 m away, above the 40 m threshold: routes do not overlap here"
pair_00373,car_2e84f0c3e245,motorcycle_5ab8604a14df,1167118134150,2554248135362,0.0,0.4173235429864283,44.14739990234375,12.210501670837402,44.17564010620117,12.152731895446777,5576.424888903645,11.141741954519887,0.0,"gps,gps",False,"nearest car position is 5576.4 m away, above the 40 m threshold: routes do not overlap here"
pair_00374,car_2e84f0c3e245,motorcycle_5ab8604a14df,1167118134150,2555248135362,0.0,0.4184367945013432,44.14739990234375,12.210501670837402,44.175567626953125,12.152904510498047,5560.51032234395,11.280361880176542,0.0,"gps,gps",False,"nearest car position is 5560.5 m away, above the 40 m threshold: routes do not overlap here"
pair_00375,car_2e84f0c3e245,motorcycle_5ab8604a14df,1167118134150,2556248135309,0.0,0.4195272266308409,44.14739990234375,12.210501670837402,44.17549514770508,12.153072357177734,5544.91020551587,10.57583719701978,0.0,"gps,gps",False,"nearest car position is 5544.9 m away, above the 40 m threshold: routes do not overlap here"
pair_00376,car_2e84f0c3e245,motorcycle_5ab8604a14df,1167118134150,2557248135309,0.0,0.42056969101895564,44.14739990234375,12.210501670837402,44.17543029785156,12.153236389160156,5530.039452355421,12.762250422592217,0.0,"gps,gps",False,"nearest car position is 5530.0 m away, above the 40 m threshold: routes do not overlap here"
pair_00377,car_2e84f0c3e245,motorcycle_5ab8604a14df,1167118134150,2558248135309,0.0,0.4216130432924328,44.14739990234375,12.210501670837402,44.17536163330078,12.153397560119629,5515.118514439571,10.916155104619179,0.0,"gps,gps",False,"nearest car position is 5515.1 m away, above the 40 m threshold: routes do not overlap here"
pair_00378,car_2e84f0c3e245,motorcycle_5ab8604a14df,1167118134150,2559248135257,0.0,0.4226518365546181,44.14739990234375,12.210501670837402,44.17529296875,12.153557777404785,5500.260549601542,10.766668667000033,0.0,"gps,gps",False,"nearest car position is 5500.3 m away, above the 40 m threshold: routes do not overlap here"
pair_00379,car_2e84f0c3e245,motorcycle_5ab8604a14df,1167118134150,2560248135205,0.0,0.42369519062413546,44.14739990234375,12.210501670837402,44.17522430419922,12.153718948364258,5485.33990156306,10.916213689839594,0.0,"gps,gps",False,"nearest car position is 5485.3 m away, above the 40 m threshold: routes do not overlap here"
pair_00380,car_2e84f0c3e245,motorcycle_5ab8604a14df,1167118134150,2561248135205,0.0,0.4247191163078843,44.14739990234375,12.210501670837402,44.1751594543457,12.153879165649414,5470.72141407416,12.188826080212039,0.0,"gps,gps",False,"nearest car position is 5470.7 m away, above the 40 m threshold: routes do not overlap here"
pair_00381,car_2e84f0c3e245,motorcycle_5ab8604a14df,1167118134150,2562248135153,0.0,0.4257624721235233,44.14739990234375,12.210501670837402,44.17509078979492,12.154040336608887,5455.801122279781,10.91627065312258,0.0,"gps,gps",False,"nearest car position is 5455.8 m away, above the 40 m threshold: routes do not overlap here"
pair_00382,car_2e84f0c3e245,motorcycle_5ab8604a14df,1167118134150,2563248135101,0.0,0.42681496974605226,44.14739990234375,12.210501670837402,44.17502212524414,12.154203414916992,5440.755398165789,11.211439120771672,0.0,"gps,gps",False,"nearest car position is 5440.8 m away, above the 40 m threshold: routes do not overlap here"
pair_00383,car_2e84f0c3e245,motorcycle_5ab8604a14df,1167118134150,2564248135101,0.0,0.4278720490779013,44.14739990234375,12.210501670837402,44.17495346069336,12.154367446899414,5425.647076160413,11.357121699286722,0.0,"gps,gps",False,"nearest car position is 5425.6 m away, above the 40 m threshold: routes do not overlap here"
pair_00384,car_2e84f0c3e245,motorcycle_5ab8604a14df,1167118134150,2565248135049,0.0,0.42894291202715956,44.14739990234375,12.210501670837402,44.17488479614258,12.154534339904785,5410.350634134153,11.786621302226138,0.0,"gps,gps",False,"nearest car position is 5410.4 m away, above the 40 m threshold: routes do not overlap here"
pair_00385,car_2e84f0c3e245,motorcycle_5ab8604a14df,1167118134150,2566248135049,0.0,0.4300137759146216,44.14739990234375,12.210501670837402,44.1748161315918,12.154701232910156,5395.054453688169,11.786650091539912,0.0,"gps,gps",False,"nearest car position is 5395.1 m away, above the 40 m threshold: routes do not overlap here"
pair_00386,car_2e84f0c3e245,motorcycle_5ab8604a14df,1167118134150,2567248134997,0.0,0.43108464074023733,44.14739990234375,12.210501670837402,44.174747467041016,12.154868125915527,5379.758537169646,11.786678891077088,0.0,"gps,gps",False,"nearest car position is 5379.8 m away, above the 40 m threshold: routes do not overlap here"
pair_00387,car_2e84f0c3e245,motorcycle_5ab8604a14df,1167118134150,2568248134945,0.0,0.4321796347510592,44.14739990234375,12.210501670837402,44.17467498779297,12.155036926269531,5364.097675307536,10.719447097436557,0.0,"gps,gps",False,"nearest car position is 5364.1 m away, above the 40 m threshold: routes do not overlap here"
pair_00388,car_2e84f0c3e245,motorcycle_5ab8604a14df,1167118134150,2569248134893,0.0,0.43329289983511365,44.14739990234375,12.210501670837402,44.17460250854492,12.1552095413208,5348.186017248674,11.28077073372748,0.0,"gps,gps",False,"nearest car position is 5348.2 m away, above the 40 m threshold: routes do not overlap here"
pair_00389,car_2e84f0c3e245,motorcycle_5ab8604a14df,1167118134150,2570248134841,0.0,0.43441993664262973,44.14739990234375,12.210501670837402,44.174530029296875,12.15538501739502,5332.086402288503,11.689799758664492,0.0,"gps,gps",False,"nearest car position is 5332.1 m away, above the 40 m threshold: routes do not overlap here"
pair_00390,car_2e84f0c3e245,motorcycle_5ab8604a14df,1167118134150,2571248134789,0.0,0.43557568259678664,44.14739990234375,12.210501670837402,44.17445373535156,12.155563354492188,5315.558975141729,10.81202433507923,0.0,"gps,gps",False,"nearest car position is 5315.6 m away, above the 40 m threshold: routes do not overlap here"
pair_00391,car_2e84f0c3e245,motorcycle_5ab8604a14df,1167118134150,2572248134789,0.0,0.4367211693614452,44.14739990234375,12.210501670837402,44.174381256103516,12.155742645263672,5299.209054103349,12.2198575227805,0.0,"gps,gps",False,"nearest car position is 5299.2 m away, above the 40 m threshold: routes do not overlap here"
pair_00392,car_2e84f0c3e245,motorcycle_5ab8604a14df,1167118134150,2573248134736,0.0,0.4378390224767928,44.14739990234375,12.210501670837402,44.17430877685547,12.155916213989258,5283.235699322575,11.41834706642345,0.0,"gps,gps",False,"nearest car position is 5283.2 m away, above the 40 m threshold: routes do not overlap here"
pair_00393,car_2e84f0c3e245,motorcycle_5ab8604a14df,1167118134150,2574248134685,0.0,0.4388778294057801,44.14739990234375,12.210501670837402,44.17424011230469,12.156076431274414,5268.380439334564,10.767119096545969,0.0,"gps,gps",False,"nearest car position is 5268.4 m away, above the 40 m threshold: routes do not overlap here"
pair_00394,car_2e84f0c3e245,motorcycle_5ab8604a14df,1167118134150,2575248134632,0.0,0.4398317632339486,44.14739990234375,12.210501670837402,44.17417907714844,12.156225204467773,5254.758013389211,11.857416835829497,0.0,"gps,gps",False,"nearest car position is 5254.8 m away, above the 40 m threshold: routes do not overlap here"
pair_00395,car_2e84f0c3e245,motorcycle_5ab8604a14df,1167118134150,2576248134632,0.0,0.44074340839508513,44.14739990234375,12.210501670837402,44.17412185668945,12.156368255615234,5241.752181635825,12.478590932106044,0.0,"gps,gps",False,"nearest car position is 5241.8 m away, above the 40 m threshold: routes do not overlap here"
pair_00396,car_2e84f0c3e245,motorcycle_5ab8604a14df,1167118134150,2577248134580,0.0,0.44160821987910454,44.14739990234375,12.210501670837402,44.174068450927734,12.15650463104248,5229.425671811356,12.992481415019313,0.0,"gps,gps",False,"nearest car position is 5229.4 m away, above the 40 m threshold: routes do not overlap here"
pair_00397,car_2e84f0c3e245,motorcycle_5ab8604a14df,1167118134150,2578248134528,0.0,0.4424590898926693,44.14739990234375,12.210501670837402,44.174015045166016,12.156638145446777,5217.287417707679,12.478632542414687,0.0,"gps,gps",False,"nearest car position is 5217.3 m away, above the 40 m threshold: routes do not overlap here"
pair_00398,car_2e84f0c3e245,motorcycle_5ab8604a14df,1167118134150,2579248134528,0.0,0.4433247654489547,44.14739990234375,12.210501670837402,44.17395782470703,12.156771659851074,5204.908846823604,10.767233003765682,0.0,"gps,gps",False,"nearest car position is 5204.9 m away, above the 40 m threshold: routes do not overlap here"
pair_00399,car_2e84f0c3e245,motorcycle_5ab8604a14df,1167118134150,2580248134476,0.0,0.44416638101476474,44.14739990234375,12.210501670837402,44.17390441894531,12.156903266906738,5192.896278527945,12.126657995580388,0.0,"gps,gps",False,"nearest car position is 5192.9 m away, above the 40 m threshold: routes do not overlap here"
pair_00400,car_2e84f0c3e245,motorcycle_5ab8604a14df,1167118134150,2581248134476,0.0,0.44495647625557083,44.14739990234375,12.210501670837402,44.17385482788086,12.157027244567871,5181.62563251658,12.478696227376474,0.0,"gps,gps",False,"nearest car position is 5181.6 m away, above the 40 m threshold: routes do not overlap here"
pair_00401,car_2e84f0c3e245,motorcycle_5ab8604a14df,1167118134150,2582248134424,0.0,0.4457189151157416,44.14739990234375,12.210501670837402,44.173805236816406,12.157145500183105,5170.730916823879,11.312914189269065,0.0,"gps,gps",False,"nearest car position is 5170.7 m away, above the 40 m threshold: routes do not overlap here"
pair_00402,car_2e84f0c3e245,motorcycle_5ab8604a14df,1167118134150,2583248134372,0.0,0.44642976678898527,44.14739990234375,12.210501670837402,44.17375946044922,12.157256126403809,5160.578036178733,11.645157193755097,0.0,"gps,gps",False,"nearest car position is 5160.6 m away, above the 40 m threshold: routes do not overlap here"
pair_00403,car_2e84f0c3e245,motorcycle_5ab8604a14df,1167118134150,2584248134372,0.0,0.4470983101363013,44.14739990234375,12.210501670837402,44.1737174987793,12.157361030578613,5151.041782205957,12.478747912609379,0.0,"gps,gps",False,"nearest car position is 5151.0 m away, above the 40 m threshold: routes do not overlap here"
pair_00404,car_2e84f0c3e245,motorcycle_5ab8604a14df,1167118134150,2585248134372,0.0,0.44775760252848257,44.14739990234375,12.210501670837402,44.173675537109375,12.157464027404785,5141.630882148326,12.029393976381527,0.0,"gps,gps",False,"nearest car position is 5141.6 m away, above the 40 m threshold: routes do not overlap here"
pair_00405,car_2e84f0c3e245,motorcycle_5ab8604a14df,1167118134150,2586248134320,0.0,0.4484169772571078,44.14739990234375,12.210501670837402,44.17363739013672,12.157569885253906,5132.273338560605,14.950753811159586,0.0,"gps,gps",False,"nearest car position is 5132.3 m away, above the 40 m threshold: routes do not overlap here"
pair_00406,car_2e84f0c3e245,motorcycle_5ab8604a14df,1167118134150,2587248134320,0.0,0.44916024632838797,44.14739990234375,12.210501670837402,44.17359161376953,12.157687187194824,5121.683000941563,13.07670754171346,0.0,"gps,gps",False,"nearest car position is 5121.7 m away, above the 40 m threshold: routes do not overlap here"
pair_00407,car_2e84f0c3e245,motorcycle_5ab8604a14df,1167118134150,2588248134268,0.0,0.44993187082833197,44.14739990234375,12.210501670837402,44.17354202270508,12.157807350158691,5110.664038172755,11.710905022089435,0.0,"gps,gps",False,"nearest car position is 5110.7 m away, above the 40 m threshold: routes do not overlap here"
pair_00408,car_2e84f0c3e245,motorcycle_5ab8604a14df,1167118134150,2589248134268,0.0,0.4507266097929493,44.14739990234375,12.210501670837402,44.173492431640625,12.15793228149414,5099.332423360882,12.665237298301804,0.0,"gps,gps",False,"nearest car position is 5099.3 m away, above the 40 m threshold: routes do not overlap here"
pair_00409,car_2e84f0c3e245,motorcycle_5ab8604a14df,1167118134150,2590248134216,0.0,0.45150745472486664,44.14739990234375,12.210501670837402,44.17344284057617,12.15805435180664,5088.188709769107,12.099448592451779,0.0,"gps,gps",False,"nearest car position is 5088.2 m away, above the 40 m threshold: routes do not overlap here"
pair_00410,car_2e84f0c3e245,motorcycle_5ab8604a14df,1167118134150,2591248134216,0.0,0.45221830967551685,44.14739990234375,12.210501670837402,44.173397064208984,12.158164978027344,5078.0370879493585,11.645309602798477,0.0,"gps,gps",False,"nearest car position is 5078.0 m away, above the 40 m threshold: routes do not overlap here"
pair_00411,car_2e84f0c3e245,motorcycle_5ab8604a14df,1167118134150,2592248134216,0.0,0.45285466275468245,44.14739990234375,12.210501670837402,44.17335510253906,12.158263206481934,5068.9400158283015,10.849196725535023,0.0,"gps,gps",False,"nearest car position is 5068.9 m away, above the 40 m threshold: routes do not overlap here"
pair_00412,car_2e84f0c3e245,motorcycle_5ab8604a14df,1167118134150,2593248134164,0.0,0.4534016555998987,44.14739990234375,12.210501670837402,44.17332077026367,12.15834903717041,5061.138857838853,12.47890680383108,0.0,"gps,gps",False,"nearest car position is 5061.1 m away, above the 40 m threshold: routes do not overlap here"
pair_00413,car_2e84f0c3e245,motorcycle_5ab8604a14df,1167118134150,2594248134164,0.0,0.4538378056587937,44.14739990234375,12.210501670837402,44.17329025268555,12.158414840698242,5054.892416397995,8.740270597148594,0.0,"gps,gps",False,"nearest car position is 5054.9 m away, above the 40 m threshold: routes do not overlap here"
pair_00414,car_2e84f0c3e245,motorcycle_5ab8604a14df,1167118134150,2595248134164,0.0,0.4541603999550217,44.14739990234375,12.210501670837402,44.17327117919922,12.158466339111328,5050.308392822348,14.315992864109944,0.0,"gps,gps",False,"nearest car position is 5050.3 m away, above the 40 m threshold: routes do not overlap here"
pair_00415,car_2e84f0c3e245,motorcycle_5ab8604a14df,1167118134150,2596248134112,0.0,0.4543942936039701,44.14739990234375,12.210501670837402,44.173255920410156,12.158502578735352,5046.966346828216,11.212155456236303,0.0,"gps,gps",False,"nearest car position is 5047.0 m away, above the 40 m threshold: routes do not overlap here"
pair_00416,car_2e84f0c3e245,motorcycle_5ab8604a14df,1167118134150,2597248134059,0.0,0.454580199324854,44.14739990234375,12.210501670837402,44.173240661621094,12.158528327941895,5044.312082306052,2.06308061878309,0.0,"gps,gps",False,"nearest car position is 5044.3 m away, above the 40 m threshold: routes do not overlap here"
pair_00417,car_2e84f0c3e245,motorcycle_5ab8604a14df,1167118134150,2598248134059,0.0,0.45473116829798244,44.14739990234375,12.210501670837402,44.1732292175293,12.158550262451172,5042.149439601326,5.593908227467409,0.0,"gps,gps",False,"nearest car position is 5042.1 m away, above the 40 m threshold: routes do not overlap here"
pair_00418,car_2e84f0c3e245,motorcycle_5ab8604a14df,1167118134150,2599248134007,0.0,0.4548736892093518,44.14739990234375,12.210501670837402,44.1732177734375,12.158570289611816,5040.111852668065,3.0825303034967533,0.0,"gps,gps",False,"nearest car position is 5040.1 m away, above the 40 m threshold: routes do not overlap here"
pair_00419,car_2e84f0c3e245,motorcycle_5ab8604a14df,1167118134150,2600248133955,0.0,0.4551238755757535,44.14739990234375,12.210501670837402,44.17319869995117,12.15860652923584,5036.528293381817,5.35556258704753,0.0,"gps,gps",False,"nearest car position is 5036.5 m away, above the 40 m threshold: routes do not overlap here"
pair_00420,car_2e84f0c3e245,motorcycle_5ab8604a14df,1167118134150,2601248133955,0.0,0.45556329129500006,44.14739990234375,12.210501670837402,44.17317199707031,12.158676147460938,5030.273287751374,13.49035130178288,0.0,"gps,gps",False,"nearest car position is 5030.3 m away, above the 40 m threshold: routes do not overlap here"
pair_00421,car_2e84f0c3e245,motorcycle_5ab8604a14df,1167118134150,2602248133903,0.0,0.4562512878039714,44.14739990234375,12.210501670837402,44.173126220703125,12.158782005310059,5020.434795467689,10.540837519850811,0.0,"gps,gps",False,"nearest car position is 5020.4 m away, above the 40 m threshold: routes do not overlap here"
pair_00422,car_2e84f0c3e245,motorcycle_5ab8604a14df,1167118134150,2603248133851,0.0,0.45706740038465665,44.14739990234375,12.210501670837402,44.17306900024414,12.158905029296875,5008.746279602834,8.664503189480229,0.0,"gps,gps",False,"nearest car position is 5008.7 m away, above the 40 m threshold: routes do not overlap here"
pair_00423,car_2e84f0c3e245,motorcycle_5ab8604a14df,1167118134150,2604248133799,0.0,0.4578924409300552,44.14739990234375,12.210501670837402,44.173011779785156,12.159029960632324,4996.932760571259,9.065663149586044,0.0,"gps,gps",False,"nearest car position is 4996.9 m away, above the 40 m threshold: routes do not overlap here"
pair_00424,car_2e84f0c3e245,motorcycle_5ab8604a14df,1167118134150,2605248133747,0.0,0.4588097715234566,44.14739990234375,12.210501670837402,44.172950744628906,12.159171104431152,4983.815003895455,10.540921923696146,0.0,"gps,gps",False,"nearest car position is 4983.8 m away, above the 40 m threshold: routes do not overlap here"
pair_00425,car_2e84f0c3e245,motorcycle_5ab8604a14df,1167118134150,2606248133695,0.0,0.4597775760821694,44.14739990234375,12.210501670837402,44.172889709472656,12.159322738647461,4970.009948117382,12.32604208604073,0.0,"gps,gps",False,"nearest car position is 4970.0 m away, above the 40 m threshold: routes do not overlap here"
pair_00426,car_2e84f0c3e245,motorcycle_5ab8604a14df,1167118134150,2607248133695,0.0,0.46079691308424575,44.14739990234375,12.210501670837402,44.17282485961914,12.1594820022583,4955.463505066297,12.043160230170713,0.0,"gps,gps",False,"nearest car position is 4955.5 m away, above the 40 m threshold: routes do not overlap here"
pair_00427,car_2e84f0c3e245,motorcycle_5ab8604a14df,1167118134150,2608248133643,0.0,0.4618347681874589,44.14739990234375,12.210501670837402,44.172760009765625,12.159645080566406,4940.6675333418,12.62188862070974,0.0,"gps,gps",False,"nearest car position is 4940.7 m away, above the 40 m threshold: routes do not overlap here"
pair_00428,car_2e84f0c3e245,motorcycle_5ab8604a14df,1167118134150,2609248133591,0.0,0.4628445065546718,44.14739990234375,12.210501670837402,44.172698974609375,12.159805297851562,4926.301473056519,13.652896019748539,0.0,"gps,gps",False,"nearest car position is 4926.3 m away, above the 40 m threshold: routes do not overlap here"
pair_00429,car_2e84f0c3e245,motorcycle_5ab8604a14df,1167118134150,2610248133591,0.0,0.4638169466997646,44.14739990234375,12.210501670837402,44.172637939453125,12.159957885742188,4912.43551205512,12.479206753206313,0.0,"gps,gps",False,"nearest car position is 4912.4 m away, above the 40 m threshold: routes do not overlap here"
pair_00430,car_2e84f0c3e245,motorcycle_5ab8604a14df,1167118134150,2611248133539,0.0,0.46478012968510385,44.14739990234375,12.210501670837402,44.172576904296875,12.16010856628418,4898.694785332455,12.171640417921651,0.0,"gps,gps",False,"nearest car position is 4898.7 m away, above the 40 m threshold: routes do not overlap here"
pair_00431,car_2e84f0c3e245,motorcycle_5ab8604a14df,1167118134150,2612248133487,0.0,0.4657010800727869,44.14739990234375,12.210501670837402,44.17251968383789,12.160253524780273,4885.57129263573,12.800950259768172,0.0,"gps,gps",False,"nearest car position is 4885.6 m away, above the 40 m threshold: routes do not overlap here"
pair_00432,car_2e84f0c3e245,motorcycle_5ab8604a14df,1167118134150,2613248133487,0.0,0.46651447176594835,44.14739990234375,12.210501670837402,44.17247009277344,12.160382270812988,4873.994056133513,13.389893866695786,0.0,"gps,gps",False,"nearest car position is 4874.0 m away, above the 40 m threshold: routes do not overlap here"
pair_00433,car_2e84f0c3e245,motorcycle_5ab8604a14df,1167118134150,2614248133434,0.0,0.46721821571446787,44.14739990234375,12.210501670837402,44.172420501708984,12.16048812866211,4863.914704762629,8.476677971791503,0.0,"gps,gps",False,"nearest car position is 4863.9 m away, above the 40 m threshold: routes do not overlap here"
pair_00434,car_2e84f0c3e245,motorcycle_5ab8604a14df,1167118134150,2615248133434,0.0,0.4677490050403452,44.14739990234375,12.210501670837402,44.17238235473633,12.160567283630371,4856.310165857297,7.729496760604604,0.0,"gps,gps",False,"nearest car position is 4856.3 m away, above the 40 m threshold: routes do not overlap here"
pair_00435,car_2e84f0c3e245,motorcycle_5ab8604a14df,1167118134150,2616248133382,0.0,0.4681113586056589,44.14739990234375,12.210501670837402,44.17235565185547,12.16062068939209,4851.1180281504585,6.7464403819507766,0.0,"gps,gps",False,"nearest car position is 4851.1 m away, above the 40 m threshold: routes do not overlap here"
pair_00436,car_2e84f0c3e245,motorcycle_5ab8604a14df,1167118134150,2617248133330,0.0,0.46836838658641977,44.14739990234375,12.210501670837402,44.172332763671875,12.160654067993164,4847.478857756826,2.0852665090504274,0.0,"gps,gps",False,"nearest car position is 4847.5 m away, above the 40 m threshold: routes do not overlap here"
pair_00437,car_2e84f0c3e245,motorcycle_5ab8604a14df,1167118134150,2618248133278,0.0,0.468603426504775,44.14739990234375,12.210501670837402,44.17230987548828,12.16068172454834,4844.214221220744,7.458205292246646,0.0,"gps,gps",False,"nearest car position is 4844.2 m away, above the 40 m threshold: routes do not overlap here"
pair_00438,car_2e84f0c3e245,motorcycle_5ab8604a14df,1167118134150,2619248133226,0.0,0.46883846646225713,44.14739990234375,12.210501670837402,44.17228698730469,12.160709381103516,4840.949725141729,7.458194275153176,0.0,"gps,gps",False,"nearest car position is 4840.9 m away, above the 40 m threshold: routes do not overlap here"
pair_00439,car_2e84f0c3e245,motorcycle_5ab8604a14df,1167118134150,2620248133174,0.0,0.46921884664559593,44.14739990234375,12.210501670837402,44.17224884033203,12.160752296447754,4835.717321743556,9.472620732504879,0.0,"gps,gps",False,"nearest car position is 4835.7 m away, above the 40 m threshold: routes do not overlap here"
pair_00440,car_2e84f0c3e245,motorcycle_5ab8604a14df,1167118134150,2621248133122,0.0,0.46970497627131697,44.14739990234375,12.210501670837402,44.17220687866211,12.16081714630127,4828.806993792508,0.42770609897479517,0.0,"gps,gps",False,"nearest car position is 4828.8 m away, above the 40 m threshold: routes do not overlap here"
pair_00441,car_2e84f0c3e245,motorcycle_5ab8604a14df,1167118134150,2622248133070,0.0,0.47035253831721346,44.14739990234375,12.210501670837402,44.17216110229492,12.160914421081543,4819.531528911082,8.35825508801372,0.0,"gps,gps",False,"nearest car position is 4819.5 m away, above the 40 m threshold: routes do not overlap here"
pair_00442,car_2e84f0c3e245,motorcycle_5ab8604a14df,1167118134150,2623248133018,0.0,0.4710888048056309,44.14739990234375,12.210501670837402,44.172122955322266,12.161035537719727,4809.179951509186,17.919834757563592,0.0,"gps,gps",False,"nearest car position is 4809.2 m away, above the 40 m threshold: routes do not overlap here"
pair_00443,car_2e84f0c3e245,motorcycle_5ab8604a14df,1167118134150,2624248132966,0.0,0.47182966552966515,44.14739990234375,12.210501670837402,44.172096252441406,12.161163330078125,4799.120155713102,25.384873284167327,0.0,"gps,gps",False,"nearest car position is 4799.1 m away, above the 40 m threshold: routes do not overlap here"
pair_00444,car_2e84f0c3e245,motorcycle_5ab8604a14df,1167118134150,2625248132914,0.0,0.4726421404278553,44.14739990234375,12.210501670837402,44.17206954956055,12.161304473876953,4788.189768577182,26.850851418595255,0.0,"gps,gps",False,"nearest car position is 4788.2 m away, above the 40 m threshold: routes do not overlap here"
pair_00445,car_2e84f0c3e245,motorcycle_5ab8604a14df,1167118134150,2626248132861,0.0,0.4735774531458099,44.14739990234375,12.210501670837402,44.17202377319336,12.161459922790527,4775.112121476573,19.305849201226522,0.0,"gps,gps",False,"nearest car position is 4775.1 m away, above the 40 m threshold: routes do not overlap here"
pair_00446,car_2e84f0c3e245,motorcycle_5ab8604a14df,1167118134150,2627248132810,0.0,0.4746339387554731,44.14739990234375,12.210501670837402,44.171958923339844,12.161626815795898,4760.072158711783,13.180573093465398,0.0,"gps,gps",False,"nearest car position is 4760.1 m away, above the 40 m threshold: routes do not overlap here"
pair_00447,car_2e84f0c3e245,motorcycle_5ab8604a14df,1167118134150,2628248132705,0.0,0.47584591584499275,44.14739990234375,12.210501670837402,44.171878814697266,12.161813735961914,4742.7511423084625,10.768136084376351,0.0,"gps,gps",False,"nearest car position is 4742.8 m away, above the 40 m threshold: routes do not overlap here"
pair_00448,car_2e84f0c3e245,motorcycle_5ab8604a14df,1167118134150,2629248132653,0.0,0.4770351885803426,44.14739990234375,12.210501670837402,44.17179870605469,12.161995887756348,4725.741890897612,10.11229295070791,0.0,"gps,gps",False,"nearest car position is 4725.7 m away, above the 40 m threshold: routes do not overlap here"
pair_00449,car_2e84f0c3e245,motorcycle_5ab8604a14df,1167118134150,2630248132601,0.0,0.478238067011614,44.14739990234375,12.210501670837402,44.17171859741211,12.16218090057373,4708.546015403846,10.508825773390186,0.0,"gps,gps",False,"nearest car position is 4708.5 m away, above the 40 m threshold: routes do not overlap here"
pair_00450,car_2e84f0c3e245,motorcycle_5ab8604a14df,1167118134150,2631248132549,0.0,0.4794959095813018,44.14739990234375,12.210501670837402,44.17163848876953,12.16237735748291,4690.603229237451,12.008555751757058,0.0,"gps,gps",False,"nearest car position is 4690.6 m away, above the 40 m threshold: routes do not overlap here"
pair_00451,car_2e84f0c3e245,motorcycle_5ab8604a14df,1167118134150,2632248132497,0.0,0.4808293990079058,44.14739990234375,12.210501670837402,44.17155075073242,12.162583351135254,4671.551070245168,10.924263154847097,0.0,"gps,gps",False,"nearest car position is 4671.6 m away, above the 40 m threshold: routes do not overlap here"
pair_00452,car_2e84f0c3e245,motorcycle_5ab8604a14df,1167118134150,2633248132445,0.0,0.4822087974423619,44.14739990234375,12.210501670837402,44.17146301269531,12.162798881530762,4651.877007109333,12.05014613506728,0.0,"gps,gps",False,"nearest car position is 4651.9 m away, above the 40 m threshold: routes do not overlap here"
pair_00453,car_2e84f0c3e245,motorcycle_5ab8604a14df,1167118134150,2634248132393,0.0,0.48356517816794,44.14739990234375,12.210501670837402,44.1713752746582,12.163009643554688,4632.514780617179,11.496786424599634,0.0,"gps,gps",False,"nearest car position is 4632.5 m away, above the 40 m threshold: routes do not overlap here"
pair_00454,car_2e84f0c3e245,motorcycle_5ab8604a14df,1167118134150,2635248132341,0.0,0.4849115884410559,44.14739990234375,12.210501670837402,44.17129135131836,12.16322135925293,4613.335105003587,12.699821362949308,0.0,"gps,gps",False,"nearest car position is 4613.3 m away, above the 40 m threshold: routes do not overlap here"
pair_00455,car_2e84f0c3e245,motorcycle_5ab8604a14df,1167118134150,2636248132289,0.0,0.48627256572908,44.14739990234375,12.210501670837402,44.17120361328125,12.163433074951172,4593.912051560329,11.609034686506334,0.0,"gps,gps",False,"nearest car position is 4593.9 m away, above the 40 m threshold: routes do not overlap here"
pair_00456,car_2e84f0c3e245,motorcycle_5ab8604a14df,1167118134150,2637248132237,0.0,0.4876565893152938,44.14739990234375,12.210501670837402,44.17111587524414,12.163649559020996,4574.178838432994,12.158758084845488,0.0,"gps,gps",False,"nearest car position is 4574.2 m away, above the 40 m threshold: routes do not overlap here"
pair_00457,car_2e84f0c3e245,motorcycle_5ab8604a14df,1167118134150,2638248132184,0.0,0.48905084485707173,44.14739990234375,12.210501670837402,44.171024322509766,12.163865089416504,4554.264024849798,10.992285249316012,0.0,"gps,gps",False,"nearest car position is 4554.3 m away, above the 40 m threshold: routes do not overlap here"
pair_00458,car_2e84f0c3e245,motorcycle_5ab8604a14df,1167118134150,2639248132132,0.0,0.4904394955877811,44.14739990234375,12.210501670837402,44.170936584472656,12.164082527160645,4534.470202360877,12.266577736294437,0.0,"gps,gps",False,"nearest car position is 4534.5 m away, above the 40 m threshold: routes do not overlap here"
pair_00459,car_2e84f0c3e245,motorcycle_5ab8604a14df,1167118134150,2640248132132,0.0,0.4918520652603545,44.14739990234375,12.210501670837402,44.17084503173828,12.164301872253418,4514.308192976598,11.431225287545033,0.0,"gps,gps",False,"nearest car position is 4514.3 m away, above the 40 m threshold: routes do not overlap here"
pair_00460,car_2e84f0c3e245,motorcycle_5ab8604a14df,1167118134150,2641248132080,0.0,0.4932738225623063,44.14739990234375,12.210501670837402,44.170753479003906,12.164523124694824,4494.022691270591,11.646450192136228,0.0,"gps,gps",False,"nearest car position is 4494.0 m away, above the 40 m threshold: routes do not overlap here"
pair_00461,car_2e84f0c3e245,motorcycle_5ab8604a14df,1167118134150,2642248132028,0.0,0.49468181005121703,44.14739990234375,12.210501670837402,44.17066192626953,12.164741516113281,4473.9241781605915,11.322657406187659,0.0,"gps,gps",False,"nearest car position is 4473.9 m away, above the 40 m threshold: routes do not overlap here"
pair_00462,car_2e84f0c3e245,motorcycle_5ab8604a14df,1167118134150,2643248131976,0.0,0.49611404495701594,44.14739990234375,12.210501670837402,44.17056655883789,12.164961814880371,4453.456954254334,10.514555917396535,0.0,"gps,gps",False,"nearest car position is 4453.5 m away, above the 40 m threshold: routes do not overlap here"
pair_00463,car_2e84f0c3e245,motorcycle_5ab8604a14df,1167118134150,2644248131976,0.0,0.4975266212499908,44.14739990234375,12.210501670837402,44.170475006103516,12.165181159973145,4433.297654042481,11.431381551535765,0.0,"gps,gps",False,"nearest car position is 4433.3 m away, above the 40 m threshold: routes do not overlap here"
pair_00464,car_2e84f0c3e245,motorcycle_5ab8604a14df,1167118134150,2645248131924,0.0,0.4989529857238948,44.14739990234375,12.210501670837402,44.17038345336914,12.165403366088867,4412.953017226365,11.753158441800963,0.0,"gps,gps",False,"nearest car position is 4413.0 m away, above the 40 m threshold: routes do not overlap here"
pair_00465,car_2e84f0c3e245,motorcycle_5ab8604a14df,1167118134150,2646248131872,0.0,0.5004034459707348,44.14739990234375,12.210501670837402,44.1702880859375,12.165627479553223,4392.23952624086,10.948080724147246,0.0,"gps,gps",False,"nearest car position is 4392.2 m away, above the 40 m threshold: routes do not overlap here"
pair_00466,car_2e84f0c3e245,motorcycle_5ab8604a14df,1167118134150,2647248131872,0.0,0.5018436445558611,44.14739990234375,12.210501670837402,44.170196533203125,12.165852546691895,4371.71053959175,12.068804890768206,0.0,"gps,gps",False,"nearest car position is 4371.7 m away, above the 40 m threshold: routes do not overlap here"
pair_00467,car_2e84f0c3e245,motorcycle_5ab8604a14df,1167118134150,2648248131820,0.0,0.5032792297631884,44.14739990234375,12.210501670837402,44.17010498046875,12.16607666015625,4351.244514617473,11.964329522333571,0.0,"gps,gps",False,"nearest car position is 4351.2 m away, above the 40 m threshold: routes do not overlap here"
pair_00468,car_2e84f0c3e245,motorcycle_5ab8604a14df,1167118134150,2649248131820,0.0,0.504719431731389,44.14739990234375,12.210501670837402,44.170013427734375,12.166301727294922,4330.71752144467,12.068881220533797,0.0,"gps,gps",False,"nearest car position is 4330.7 m away, above the 40 m threshold: routes do not overlap here"
pair_00469,car_2e84f0c3e245,motorcycle_5ab8604a14df,1167118134150,2650248131768,0.0,0.5061366084989077,44.14739990234375,12.210501670837402,44.169921875,12.166522026062012,4310.501154341652,11.53955620845835,0.0,"gps,gps",False,"nearest car position is 4310.5 m away, above the 40 m threshold: routes do not overlap here"
pair_00470,car_2e84f0c3e245,motorcycle_5ab8604a14df,1167118134150,2651248131768,0.0,0.5074746936486793,44.14739990234375,12.210501670837402,44.16983413696289,12.166728973388672,4291.39874316696,11.041049296381743,0.0,"gps,gps",False,"nearest car position is 4291.4 m away, above the 40 m threshold: routes do not overlap here"
pair_00471,car_2e84f0c3e245,motorcycle_5ab8604a14df,1167118134150,2652248131716,0.0,0.5086434434610285,44.14739990234375,12.210501670837402,44.169761657714844,12.166913032531738,4274.768694154743,12.860644139983492,0.0,"gps,gps",False,"nearest car position is 4274.8 m away, above the 40 m threshold: routes do not overlap here"
pair_00472,car_2e84f0c3e245,motorcycle_5ab8604a14df,1167118134150,2653248131716,0.0,0.5097280713295095,44.14739990234375,12.210501670837402,44.16969680786133,12.167085647583008,4259.375506395981,13.98293681349702,0.0,"gps,gps",False,"nearest car position is 4259.4 m away, above the 40 m threshold: routes do not overlap here"
pair_00473,car_2e84f0c3e245,motorcycle_5ab8604a14df,1167118134150,2654248131716,0.0,0.5107659685373873,44.14739990234375,12.210501670837402,44.16963195800781,12.167248725891113,4244.6017998943025,12.623177293052606,0.0,"gps,gps",False,"nearest car position is 4244.6 m away, above the 40 m threshold: routes do not overlap here"
pair_00474,car_2e84f0c3e245,motorcycle_5ab8604a14df,1167118134150,2655248131664,0.0,0.5117623523350138,44.14739990234375,12.210501670837402,44.1695671081543,12.167403221130371,4230.385218906262,11.291015284114224,0.0,"gps,gps",False,"nearest car position is 4230.4 m away, above the 40 m threshold: routes do not overlap here"
pair_00475,car_2e84f0c3e245,motorcycle_5ab8604a14df,1167118134150,2656248131664,0.0,0.5127117388728619,44.14739990234375,12.210501670837402,44.16950607299805,12.167551040649414,4216.848915807903,11.700317348058036,0.0,"gps,gps",False,"nearest car position is 4216.8 m away, above the 40 m threshold: routes do not overlap here"
pair_00476,car_2e84f0c3e245,motorcycle_5ab8604a14df,1167118134150,2657248131612,0.0,0.513670150002712,44.14739990234375,12.210501670837402,44.16944885253906,12.167703628540039,4203.251357707917,14.026336800086199,0.0,"gps,gps",False,"nearest car position is 4203.3 m away, above the 40 m threshold: routes do not overlap here"
pair_00477,car_2e84f0c3e245,motorcycle_5ab8604a14df,1167118134150,2658248131612,0.0,0.5147227225100864,44.14739990234375,12.210501670837402,44.16938018798828,12.167866706848145,4188.232727416202,11.213832139131512,0.0,"gps,gps",False,"nearest car position is 4188.2 m away, above the 40 m threshold: routes do not overlap here"
pair_00478,car_2e84f0c3e245,motorcycle_5ab8604a14df,1167118134150,2659248131559,0.0,0.5158821839380864,44.14739990234375,12.210501670837402,44.169307708740234,12.168048858642578,4171.731713863196,12.608352375318702,0.0,"gps,gps",False,"nearest car position is 4171.7 m away, above the 40 m threshold: routes do not overlap here"
pair_00479,car_2e84f0c3e245,motorcycle_5ab8604a14df,1167118134150,2660248131507,0.0,0.5171493058605743,44.14739990234375,12.210501670837402,44.169227600097656,12.16824722290039,4153.686497297132,12.246814973016455,0.0,"gps,gps",False,"nearest car position is 4153.7 m away, above the 40 m threshold: routes do not overlap here"
pair_00480,car_2e84f0c3e245,motorcycle_5ab8604a14df,1167118134150,2661248131507,0.0,0.5185011364661535,44.14739990234375,12.210501670837402,44.16913986206055,12.16845703125,4134.405767832128,11.3847933465305,0.0,"gps,gps",False,"nearest car position is 4134.4 m away, above the 40 m threshold: routes do not overlap here"
pair_00481,car_2e84f0c3e245,motorcycle_5ab8604a14df,1167118134150,2662248131455,0.0,0.5198290409905619,44.14739990234375,12.210501670837402,44.1690559387207,12.168664932250977,4115.497351309093,12.25759074433563,0.0,"gps,gps",False,"nearest car position is 4115.5 m away, above the 40 m threshold: routes do not overlap here"
pair_00482,car_2e84f0c3e245,motorcycle_5ab8604a14df,1167118134150,2663248131403,0.0,0.5210547601759652,44.14739990234375,12.210501670837402,44.168975830078125,12.168854713439941,4098.010108875467,11.151202164681763,0.0,"gps,gps",False,"nearest car position is 4098.0 m away, above the 40 m threshold: routes do not overlap here"
pair_00483,car_2e84f0c3e245,motorcycle_5ab8604a14df,1167118134150,2664248131403,0.0,0.5222199015934225,44.14739990234375,12.210501670837402,44.16889190673828,12.169028282165527,4081.323489660985,7.643740927630915,0.0,"gps,gps",False,"nearest car position is 4081.3 m away, above the 40 m threshold: routes do not overlap here"
pair_00484,car_2e84f0c3e245,motorcycle_5ab8604a14df,1167118134150,2665248131351,0.0,0.5231970293082226,44.14739990234375,12.210501670837402,44.16883087158203,12.169181823730469,4067.42206957641,12.632382664306647,0.0,"gps,gps",False,"nearest car position is 4067.4 m away, above the 40 m threshold: routes do not overlap here"
pair_00485,car_2e84f0c3e245,motorcycle_5ab8604a14df,1167118134150,2666248131299,0.0,0.5241008064480737,44.14739990234375,12.210501670837402,44.16876983642578,12.169320106506348,4054.507553532767,10.021451470666932,0.0,"gps,gps",False,"nearest car position is 4054.5 m away, above the 40 m threshold: routes do not overlap here"
pair_00486,car_2e84f0c3e245,motorcycle_5ab8604a14df,1167118134150,2667248131299,0.0,0.5249471024424718,44.14739990234375,12.210501670837402,44.16871643066406,12.169452667236328,4042.4602607767492,12.30578267210484,0.0,"gps,gps",False,"nearest car position is 4042.5 m away, above the 40 m threshold: routes do not overlap here"
pair_00487,car_2e84f0c3e245,motorcycle_5ab8604a14df,1167118134150,2668248131247,0.0,0.5257520838119867,44.14739990234375,12.210501670837402,44.168663024902344,12.169576644897461,4030.9679687739313,10.640298229797224,0.0,"gps,gps",False,"nearest car position is 4031.0 m away, above the 40 m threshold: routes do not overlap here"
pair_00488,car_2e84f0c3e245,motorcycle_5ab8604a14df,1167118134150,2669248131195,0.0,0.5265377002501185,44.14739990234375,12.210501670837402,44.168617248535156,12.169702529907227,4019.8503734613055,14.744154995169936,0.0,"gps,gps",False,"nearest car position is 4019.9 m away, above the 40 m threshold: routes do not overlap here"
pair_00489,car_2e84f0c3e245,motorcycle_5ab8604a14df,1167118134150,2670248131143,0.0,0.5273935234187284,44.14739990234375,12.210501670837402,44.1685676574707,12.169839859008789,4007.7456107443536,14.904875465667885,0.0,"gps,gps",False,"nearest car position is 4007.7 m away, above the 40 m threshold: routes do not overlap here"
pair_00490,car_2e84f0c3e245,motorcycle_5ab8604a14df,1167118134150,2671248131091,0.0,0.5283425505577779,44.14739990234375,12.210501670837402,44.16851043701172,12.169990539550781,3994.281656785246,13.729741710598205,0.0,"gps,gps",False,"nearest car position is 3994.3 m away, above the 40 m threshold: routes do not overlap here"
pair_00491,car_2e84f0c3e245,motorcycle_5ab8604a14df,1167118134150,2672248131039,0.0,0.5293677942125976,44.14739990234375,12.210501670837402,44.16844177246094,12.170147895812988,3979.6398585400093,10.313110952723093,0.0,"gps,gps",False,"nearest car position is 3979.6 m away, above the 40 m threshold: routes do not overlap here"
pair_00492,car_2e84f0c3e245,motorcycle_5ab8604a14df,1167118134150,2673248130986,0.0,0.5303080079192507,44.14739990234375,12.210501670837402,44.16838073730469,12.170293807983398,3966.2355513771067,11.37801370231432,0.0,"gps,gps",False,"nearest car position is 3966.2 m away, above the 40 m threshold: routes do not overlap here"
pair_00493,car_2e84f0c3e245,motorcycle_5ab8604a14df,1167118134150,2674248130986,0.0,0.5312589690001718,44.14739990234375,12.210501670837402,44.16831588745117,12.170438766479492,3952.6436908478145,9.675937467229346,0.0,"gps,gps",False,"nearest car position is 3952.6 m away, above the 40 m threshold: routes do not overlap here"
pair_00494,car_2e84f0c3e245,motorcycle_5ab8604a14df,1167118134150,2675248130935,0.0,0.5322462206100844,44.14739990234375,12.210501670837402,44.168251037597656,12.170591354370117,3938.560048669567,10.980368314242867,0.0,"gps,gps",False,"nearest car position is 3938.6 m away, above the 40 m threshold: routes do not overlap here"
pair_00495,car_2e84f0c3e245,motorcycle_5ab8604a14df,1167118134150,2676248130882,0.0,0.5332656182446199,44.14739990234375,12.210501670837402,44.16818618774414,12.170750617980957,3924.0464724430676,12.045094897176682,0.0,"gps,gps",False,"nearest car position is 3924.0 m away, above the 40 m threshold: routes do not overlap here"
pair_00496,car_2e84f0c3e245,motorcycle_5ab8604a14df,1167118134150,2677248130882,0.0,0.5342437523569823,44.14739990234375,12.210501670837402,44.168121337890625,12.17090129852295,3910.08675801049,10.66340747516989,0.0,"gps,gps",False,"nearest car position is 3910.1 m away, above the 40 m threshold: routes do not overlap here"
pair_00497,car_2e84f0c3e245,motorcycle_5ab8604a14df,1167118134150,2678248130830,0.0,0.5351232007861731,44.14739990234375,12.210501670837402,44.16806411743164,12.171037673950195,3897.5491829460675,11.30192201292465,0.0,"gps,gps",False,"nearest car position is 3897.5 m away, above the 40 m threshold: routes do not overlap here"
pair_00498,car_2e84f0c3e245,motorcycle_5ab8604a14df,1167118134150,2679248130778,0.0,0.5359236424471729,44.14739990234375,12.210501670837402,44.16801071166992,12.171160697937012,3886.122241765561,10.444946905388235,0.0,"gps,gps",False,"nearest car position is 3886.1 m away, above the 40 m threshold: routes do not overlap here"
pair_00499,car_2e84f0c3e245,motorcycle_5ab8604a14df,1167118134150,2680248130778,0.0,0.5366391496902967,44.14739990234375,12.210501670837402,44.167964935302734,12.171272277832031,3875.9330169987356,11.860008835998713,0.0,"gps,gps",False,"nearest car position is 3875.9 m away, above the 40 m threshold: routes do not overlap here"
pair_00500,car_2e84f0c3e245,motorcycle_5ab8604a14df,1167118134150,2681248130726,0.0,0.5373226499771355,44.14739990234375,12.210501670837402,44.16791915893555,12.171377182006836,3866.174032344799,10.313323023175087,0.0,"gps,gps",False,"nearest car position is 3866.2 m away, above the 40 m threshold: routes do not overlap here"
pair_00501,car_2e84f0c3e245,motorcycle_5ab8604a14df,1167118134150,2682248130726,0.0,0.5379590466863065,44.14739990234375,12.210501670837402,44.167877197265625,12.171475410461426,3857.0953969549632,10.851536256173347,0.0,"gps,gps",False,"nearest car position is 3857.1 m away, above the 40 m threshold: routes do not overlap here"
pair_00502,car_2e84f0c3e245,motorcycle_5ab8604a14df,1167118134150,2683248130674,0.0,0.5385576091936979,44.14739990234375,12.210501670837402,44.16783905029297,12.171568870544434,3848.574338605738,11.986197671356138,0.0,"gps,gps",False,"nearest car position is 3848.6 m away, above the 40 m threshold: routes do not overlap here"
pair_00503,car_2e84f0c3e245,motorcycle_5ab8604a14df,1167118134150,2684248130674,0.0,0.5391747167988831,44.14739990234375,12.210501670837402,44.16780090332031,12.171666145324707,3839.807990755298,12.961292163408416,0.0,"gps,gps",False,"nearest car position is 3839.8 m away, above the 40 m threshold: routes do not overlap here"
pair_00504,car_2e84f0c3e245,motorcycle_5ab8604a14df,1167118134150,2685248130622,0.0,0.5398105378049607,44.14739990234375,12.210501670837402,44.167762756347656,12.171767234802246,3830.796518350029,13.879243286921678,0.0,"gps,gps",False,"nearest car position is 3830.8 m away, above the 40 m threshold: routes do not overlap here"
pair_00505,car_2e84f0c3e245,motorcycle_5ab8604a14df,1167118134150,2686248130622,0.0,0.5404515024907108,44.14739990234375,12.210501670837402,44.167720794677734,12.171866416931152,3821.657484970011,11.094409911998298,0.0,"gps,gps",False,"nearest car position is 3821.7 m away, above the 40 m threshold: routes do not overlap here"
pair_00506,car_2e84f0c3e245,motorcycle_5ab8604a14df,1167118134150,2687248130570,0.0,0.5410879007797378,44.14739990234375,12.210501670837402,44.16767883300781,12.171964645385742,3812.580011573711,10.851620964145866,0.0,"gps,gps",False,"nearest car position is 3812.6 m away, above the 40 m threshold: routes do not overlap here"
pair_00507,car_2e84f0c3e245,motorcycle_5ab8604a14df,1167118134150,2688248130518,0.0,0.5417061509457465,44.14739990234375,12.210501670837402,44.16763687133789,12.172059059143066,3803.7480798534607,9.844679358874657,0.0,"gps,gps",False,"nearest car position is 3803.7 m away, above the 40 m threshold: routes do not overlap here"
pair_00508,car_2e84f0c3e245,motorcycle_5ab8604a14df,1167118134150,2689248130518,0.0,0.5423139657373007,44.14739990234375,12.210501670837402,44.167598724365234,12.172154426574707,3795.105880160797,12.481273902999362,0.0,"gps,gps",False,"nearest car position is 3795.1 m away, above the 40 m threshold: routes do not overlap here"
pair_00509,car_2e84f0c3e245,motorcycle_5ab8604a14df,1167118134150,2690248130466,0.0,0.543015697011163,44.14739990234375,12.210501670837402,44.16755294799805,12.172263145446777,3785.103510263701,11.2145929468046,0.0,"gps,gps",False,"nearest car position is 3785.1 m away, above the 40 m threshold: routes do not overlap here"
pair_00510,car_2e84f0c3e245,motorcycle_5ab8604a14df,1167118134150,2691248130414,0.0,0.5438291418702704,44.14739990234375,12.210501670837402,44.167503356933594,12.172391891479492,3773.5630126671454,13.391904932331158,0.0,"gps,gps",False,"nearest car position is 3773.6 m away, above the 40 m threshold: routes do not overlap here"
pair_00511,car_2e84f0c3e245,motorcycle_5ab8604a14df,1167118134150,2692248130362,0.0,0.5446332491385837,44.14739990234375,12.210501670837402,44.16745376586914,12.172518730163574,3762.145769941049,13.034021637969317,0.0,"gps,gps",False,"nearest car position is 3762.1 m away, above the 40 m threshold: routes do not overlap here"
pair_00512,car_2e84f0c3e245,motorcycle_5ab8604a14df,1167118134150,2693248130362,0.0,0.5453911715577334,44.14739990234375,12.210501670837402,44.16740417480469,12.172636032104492,3751.3417509586166,11.113083259297582,0.0,"gps,gps",False,"nearest car position is 3751.3 m away, above the 40 m threshold: routes do not overlap here"
pair_00513,car_2e84f0c3e245,motorcycle_5ab8604a14df,1167118134150,2694248130309,0.0,0.5461020811179252,44.14739990234375,12.210501670837402,44.1673583984375,12.172746658325195,3741.218329443451,11.647848774655301,0.0,"gps,gps",False,"nearest car position is 3741.2 m away, above the 40 m threshold: routes do not overlap here"
pair_00514,car_2e84f0c3e245,motorcycle_5ab8604a14df,1167118134150,2695248130257,0.0,0.5467568165093689,44.14739990234375,12.210501670837402,44.16731643676758,12.17284870147705,3731.8980014241133,11.802618393799605,0.0,"gps,gps",False,"nearest car position is 3731.9 m away, above the 40 m threshold: routes do not overlap here"
pair_00515,car_2e84f0c3e245,motorcycle_5ab8604a14df,1167118134150,2696248130257,0.0,0.5473977847933189,44.14739990234375,12.210501670837402,44.167274475097656,12.172947883605957,3722.7616462374676,11.094599616793118,0.0,"gps,gps",False,"nearest car position is 3722.8 m away, above the 40 m threshold: routes do not overlap here"
pair_00516,car_2e84f0c3e245,motorcycle_5ab8604a14df,1167118134150,2697248130205,0.0,0.548047920776653,44.14739990234375,12.210501670837402,44.167232513427734,12.173048973083496,3713.50310156691,11.569974737762607,0.0,"gps,gps",False,"nearest car position is 3713.5 m away, above the 40 m threshold: routes do not overlap here"
pair_00517,car_2e84f0c3e245,motorcycle_5ab8604a14df,1167118134150,2698248130205,0.0,0.5487072679800771,44.14739990234375,12.210501670837402,44.16719055175781,12.173151969909668,3704.122444747018,12.03209943668736,0.0,"gps,gps",False,"nearest car position is 3704.1 m away, above the 40 m threshold: routes do not overlap here"
pair_00518,car_2e84f0c3e245,motorcycle_5ab8604a14df,1167118134150,2699248130153,0.0,0.5493384008472353,44.14739990234375,12.210501670837402,44.167152404785156,12.17325210571289,3695.1777126905395,13.655111768146526,0.0,"gps,gps",False,"nearest car position is 3695.2 m away, above the 40 m threshold: routes do not overlap here"
pair_00519,car_2e84f0c3e245,motorcycle_5ab8604a14df,1167118134150,2700248130153,0.0,0.5499323607854164,44.14739990234375,12.210501670837402,44.1671142578125,12.173344612121582,3686.722794477948,11.733241208175343,0.0,"gps,gps",False,"nearest car position is 3686.7 m away, above the 40 m threshold: routes do not overlap here"
pair_00520,car_2e84f0c3e245,motorcycle_5ab8604a14df,1167118134150,2701248130101,0.0,0.5504793977814122,44.14739990234375,12.210501670837402,44.16707992553711,12.173430442810059,3678.9484608548587,12.481485724645665,0.0,"gps,gps",False,"nearest car position is 3678.9 m away, above the 40 m threshold: routes do not overlap here"
pair_00521,car_2e84f0c3e245,motorcycle_5ab8604a14df,1167118134150,2702248130049,0.0,0.5509889992982211,44.14739990234375,12.210501670837402,44.167049407958984,12.173511505126953,3671.7324472659884,13.935100279573305,0.0,"gps,gps",False,"nearest car position is 3671.7 m away, above the 40 m threshold: routes do not overlap here"
pair_00522,car_2e84f0c3e245,motorcycle_5ab8604a14df,1167118134150,2703248130049,0.0,0.551522183835652,44.14739990234375,12.210501670837402,44.167015075683594,12.17359447479248,3664.142082375704,11.647985890097459,0.0,"gps,gps",False,"nearest car position is 3664.1 m away, above the 40 m threshold: routes do not overlap here"
pair_00523,car_2e84f0c3e245,motorcycle_5ab8604a14df,1167118134150,2704248130049,0.0,0.5520785184628005,44.14739990234375,12.210501670837402,44.1669807434082,12.17368221282959,3656.2463215566654,13.014077075571265,0.0,"gps,gps",False,"nearest car position is 3656.2 m away, above the 40 m threshold: routes do not overlap here"
pair_00524,car_2e84f0c3e245,motorcycle_5ab8604a14df,1167118134150,2705248129997,0.0,0.5526632990527877,44.14739990234375,12.210501670837402,44.16694259643555,12.173772811889648,3647.9149564739455,11.214847079944263,0.0,"gps,gps",False,"nearest car position is 3647.9 m away, above the 40 m threshold: routes do not overlap here"
pair_00525,car_2e84f0c3e245,motorcycle_5ab8604a14df,1167118134150,2706248129997,0.0,0.5532344023242415,44.14739990234375,12.210501670837402,44.16690444946289,12.173860549926758,3639.7671003154633,10.406021256301415,0.0,"gps,gps",False,"nearest car position is 3639.8 m away, above the 40 m threshold: routes do not overlap here"
pair_00526,car_2e84f0c3e245,motorcycle_5ab8604a14df,1167118134150,2707248129997,0.0,0.5538055058658232,44.14739990234375,12.210501670837402,44.166866302490234,12.173948287963867,3631.619400711626,10.406037678956864,0.0,"gps,gps",False,"nearest car position is 3631.6 m away, above the 40 m threshold: routes do not overlap here"
pair_00527,car_2e84f0c3e245,motorcycle_5ab8604a14df,1167118134150,2708248129945,0.0,0.5543857153469453,44.14739990234375,12.210501670837402,44.16682815551758,12.17403793334961,3623.3497018638645,10.949520887747212,0.0,"gps,gps",False,"nearest car position is 3623.3 m away, above the 40 m threshold: routes do not overlap here"
pair_00528,car_2e84f0c3e245,motorcycle_5ab8604a14df,1167118134150,2709248129945,0.0,0.5549842858959224,44.14739990234375,12.210501670837402,44.16679000854492,12.174131393432617,3614.8359385014405,11.986635673489616,0.0,"gps,gps",False,"nearest car position is 3614.8 m away, above the 40 m threshold: routes do not overlap here"
pair_00529,car_2e84f0c3e245,motorcycle_5ab8604a14df,1167118134150,2710248129945,0.0,0.5555828567372934,44.14739990234375,12.210501670837402,44.166751861572266,12.174224853515625,3606.3224715390415,11.986651600537186,0.0,"gps,gps",False,"nearest car position is 3606.3 m away, above the 40 m threshold: routes do not overlap here"
pair_00530,car_2e84f0c3e245,motorcycle_5ab8604a14df,1167118134150,2711248129945,0.0,0.5561966076578307,44.14739990234375,12.210501670837402,44.166709899902344,12.174318313598633,3597.5561956103115,9.584064699829298,0.0,"gps,gps",False,"nearest car position is 3597.6 m away, above the 40 m threshold: routes do not overlap here"
pair_00531,car_2e84f0c3e245,motorcycle_5ab8604a14df,1167118134150,2712248129893,0.0,0.5567677125769335,44.14739990234375,12.210501670837402,44.16667175292969,12.174406051635742,3589.4094168706383,10.406121446999919,0.0,"gps,gps",False,"nearest car position is 3589.4 m away, above the 40 m threshold: routes do not overlap here"
pair_00532,car_2e84f0c3e245,motorcycle_5ab8604a14df,1167118134150,2713248129893,0.0,0.5572024919244769,44.14739990234375,12.210501670837402,44.16664505004883,12.174474716186523,3583.2429861999585,13.163107729854744,0.0,"gps,gps",False,"nearest car position is 3583.2 m away, above the 40 m threshold: routes do not overlap here"
pair_00533,car_2e84f0c3e245,motorcycle_5ab8604a14df,1167118134150,2714248129893,0.0,0.5575397235190482,44.14739990234375,12.210501670837402,44.166622161865234,12.17452621459961,3578.4283311116483,9.845109844639069,0.0,"gps,gps",False,"nearest car position is 3578.4 m away, above the 40 m threshold: routes do not overlap here"
pair_00534,car_2e84f0c3e245,motorcycle_5ab8604a14df,1167118134150,2715248129893,0.0,0.5578196180296426,44.14739990234375,12.210501670837402,44.16661071777344,12.17457389831543,3574.6178505267308,23.127960198365656,0.0,"gps,gps",False,"nearest car position is 3574.6 m away, above the 40 m threshold: routes do not overlap here"
pair_00535,car_2e84f0c3e245,motorcycle_5ab8604a14df,1167118134150,2716248129893,0.0,0.558174405340474,44.14739990234375,12.210501670837402,44.166595458984375,12.174633979797363,3569.7614873372936,22.130521674910426,0.0,"gps,gps",False,"nearest car position is 3569.8 m away, above the 40 m threshold: routes do not overlap here"
pair_00536,car_2e84f0c3e245,motorcycle_5ab8604a14df,1167118134150,2717248129841,0.0,0.5586055321166672,44.14739990234375,12.210501670837402,44.16657257080078,12.174704551696777,3563.727786302525,17.29779015861544,0.0,"gps,gps",False,"nearest car position is 3563.7 m away, above the 40 m threshold: routes do not overlap here"
pair_00537,car_2e84f0c3e245,motorcycle_5ab8604a14df,1167118134150,2718248129841,0.0,0.5590845979044131,44.14739990234375,12.210501670837402,44.16653823852539,12.174776077270508,3556.8723493714206,7.838344477707324,0.0,"gps,gps",False,"nearest car position is 3556.9 m away, above the 40 m threshold: routes do not overlap here"
pair_00538,car_2e84f0c3e245,motorcycle_5ab8604a14df,1167118134150,2719248129789,0.0,0.5595387619017722,44.14739990234375,12.210501670837402,44.166507720947266,12.174845695495605,3550.3926110861,10.197900984244484,0.0,"gps,gps",False,"nearest car position is 3550.4 m away, above the 40 m threshold: routes do not overlap here"
pair_00539,car_2e84f0c3e245,motorcycle_5ab8604a14df,1167118134150,2720248129737,0.0,0.559954016481584,44.14739990234375,12.210501670837402,44.166473388671875,12.17490291595459,3544.451549341906,1.7164297005580806,0.0,"gps,gps",False,"nearest car position is 3544.5 m away, above the 40 m threshold: routes do not overlap here"
pair_00540,car_2e84f0c3e245,motorcycle_5ab8604a14df,1167118134150,2721248129737,0.0,0.5602824530592523,44.14739990234375,12.210501670837402,44.166446685791016,12.174948692321777,3539.7494635710677,2.508700241597978,0.0,"gps,gps",False,"nearest car position is 3539.7 m away, above the 40 m threshold: routes do not overlap here"
pair_00541,car_2e84f0c3e245,motorcycle_5ab8604a14df,1167118134150,2722248129684,0.0,0.5605725592916315,44.14739990234375,12.210501670837402,44.16642761230469,12.174993515014648,3535.615808439316,10.949680063887456,0.0,"gps,gps",False,"nearest car position is 3535.6 m away, above the 40 m threshold: routes do not overlap here"
pair_00542,car_2e84f0c3e245,motorcycle_5ab8604a14df,1167118134150,2723248129684,0.0,0.5607726315287477,44.14739990234375,12.210501670837402,44.166419982910156,12.175027847290039,3532.914086240473,24.41443235932593,0.0,"gps,gps",False,"nearest car position is 3532.9 m away, above the 40 m threshold: routes do not overlap here"
pair_00543,car_2e84f0c3e245,motorcycle_5ab8604a14df,1167118134150,2724248129632,0.0,0.5609797047824291,44.14739990234375,12.210501670837402,44.166404724121094,12.175058364868164,3529.9485507563477,6.749146927043796,0.0,"gps,gps",False,"nearest car position is 3529.9 m away, above the 40 m threshold: routes do not overlap here"
pair_00544,car_2e84f0c3e245,motorcycle_5ab8604a14df,1167118134150,2725248129632,0.0,0.5610899275100021,44.14739990234375,12.210501670837402,44.16640090942383,12.175077438354492,3528.4759341976664,26.0478601292254,0.0,"gps,gps",False,"nearest car position is 3528.5 m away, above the 40 m threshold: routes do not overlap here"
pair_00545,car_2e84f0c3e245,motorcycle_5ab8604a14df,1167118134150,2726248129580,0.0,0.5611978619206334,44.14739990234375,12.210501670837402,44.1663932800293,12.175093650817871,3526.932243518312,8.360805164786768,0.0,"gps,gps",False,"nearest car position is 3526.9 m away, above the 40 m threshold: routes do not overlap here"
pair_00546,car_2e84f0c3e245,motorcycle_5ab8604a14df,1167118134150,2727248129580,0.0,0.5612376220543541,44.14739990234375,12.210501670837402,44.16638946533203,12.175098419189453,3526.3736602287177,6.491862756682792,0.0,"gps,gps",False,"nearest car position is 3526.4 m away, above the 40 m threshold: routes do not overlap here | at least one vehicle is stopped at this point"
pair_00547,car_2e84f0c3e245,motorcycle_5ab8604a14df,1167118134150,2728248129528,0.0,0.5612376220543541,44.14739990234375,12.210501670837402,44.16638946533203,12.175098419189453,3526.3736602287177,131.6271672508256,0.0,"gps,gps",False,"nearest car position is 3526.4 m away, above the 40 m threshold: routes do not overlap here | heading differs by 132deg: the two vehicles are not travelling in a comparable direction at this point | at least one vehicle is stopped at this point"
pair_00548,car_2e84f0c3e245,motorcycle_5ab8604a14df,1167118134150,2729248129528,0.0,0.5612376220543541,44.14739990234375,12.210501670837402,44.16638946533203,12.175098419189453,3526.3736602287177,131.6271672508256,0.0,"gps,gps",False,"nearest car position is 3526.4 m away, above the 40 m threshold: routes do not overlap here | heading differs by 132deg: the two vehicles are not travelling in a comparable direction at this point | at least one vehicle is stopped at this point"
pair_00549,car_2e84f0c3e245,motorcycle_5ab8604a14df,1167118134150,2730248129476,0.0,0.5612376220543541,44.14739990234375,12.210501670837402,44.16638946533203,12.175098419189453,3526.3736602287177,131.6271672508256,0.0,"gps,gps",False,"nearest car position is 3526.4 m away, above the 40 m threshold: routes do not overlap here | heading differs by 132deg: the two vehicles are not travelling in a comparable direction at this point | at least one vehicle is stopped at this point"
pair_00550,car_2e84f0c3e245,motorcycle_5ab8604a14df,1167118134150,2731248129476,0.0,0.5612376220543541,44.14739990234375,12.210501670837402,44.16638946533203,12.175098419189453,3526.3736602287177,131.6271672508256,0.0,"gps,gps",False,"nearest car position is 3526.4 m away, above the 40 m threshold: routes do not overlap here | heading differs by 132deg: the two vehicles are not travelling in a comparable direction at this point | at least one vehicle is stopped at this point"
pair_00551,car_2e84f0c3e245,motorcycle_5ab8604a14df,1167118134150,2732248129476,0.0,0.5612376220543541,44.14739990234375,12.210501670837402,44.16638946533203,12.175098419189453,3526.3736602287177,131.6271672508256,0.0,"gps,gps",False,"nearest car position is 3526.4 m away, above the 40 m threshold: routes do not overlap here | heading differs by 132deg: the two vehicles are not travelling in a comparable direction at this point | at least one vehicle is stopped at this point"
pair_00552,car_2e84f0c3e245,motorcycle_5ab8604a14df,1167118134150,2733248129424,0.0,0.5612376220543541,44.14739990234375,12.210501670837402,44.16638946533203,12.175098419189453,3526.3736602287177,131.6271672508256,0.0,"gps,gps",False,"nearest car position is 3526.4 m away, above the 40 m threshold: routes do not overlap here | heading differs by 132deg: the two vehicles are not travelling in a comparable direction at this point | at least one vehicle is stopped at this point"
pair_00553,car_2e84f0c3e245,motorcycle_5ab8604a14df,1167118134150,2734248129424,0.0,0.5612376220543541,44.14739990234375,12.210501670837402,44.16638946533203,12.175098419189453,3526.3736602287177,131.6271672508256,0.0,"gps,gps",False,"nearest car position is 3526.4 m away, above the 40 m threshold: routes do not overlap here | heading differs by 132deg: the two vehicles are not travelling in a comparable direction at this point | at least one vehicle is stopped at this point"
pair_00554,car_2e84f0c3e245,motorcycle_5ab8604a14df,1167118134150,2735248129424,0.0,0.5613030920798622,44.14739990234375,12.210501670837402,44.166385650634766,12.175108909606934,3525.449485667931,14.744997225927648,0.0,"gps,gps",False,"nearest car position is 3525.4 m away, above the 40 m threshold: routes do not overlap here"
pair_00555,car_2e84f0c3e245,motorcycle_5ab8604a14df,1167118134150,2736248129372,0.0,0.5615279138468164,44.14739990234375,12.210501670837402,44.1663703918457,12.175143241882324,3522.2402586504577,9.845215011197581,0.0,"gps,gps",False,"nearest car position is 3522.2 m away, above the 40 m threshold: routes do not overlap here"
pair_00556,car_2e84f0c3e245,motorcycle_5ab8604a14df,1167118134150,2737248129372,0.0,0.5620292581010755,44.14739990234375,12.210501670837402,44.16633605957031,12.175219535827637,3515.080497191443,9.525698969111033,0.0,"gps,gps",False,"nearest car position is 3515.1 m away, above the 40 m threshold: routes do not overlap here"
pair_00557,car_2e84f0c3e245,motorcycle_5ab8604a14df,1167118134150,2738248129372,0.0,0.5628755806408711,44.14739990234375,12.210501670837402,44.166282653808594,12.175352096557617,3503.056799834179,12.306792041881351,0.0,"gps,gps",False,"nearest car position is 3503.1 m away, above the 40 m threshold: routes do not overlap here"
pair_00558,car_2e84f0c3e245,motorcycle_5ab8604a14df,1167118134150,2739248129320,0.0,0.5637827053154997,44.14739990234375,12.210501670837402,44.166229248046875,12.175497055053711,3490.2424439302195,14.44187276300164,0.0,"gps,gps",False,"nearest car position is 3490.2 m away, above the 40 m threshold: routes do not overlap here"
pair_00559,car_2e84f0c3e245,motorcycle_5ab8604a14df,1167118134150,2740248129320,0.0,0.5654063924814048,44.14739990234375,12.210501670837402,44.16612243652344,12.175747871398926,3467.1116645517086,10.93074794372319,0.0,"gps,gps",False,"nearest car position is 3467.1 m away, above the 40 m threshold: routes do not overlap here"
pair_00560,car_2e84f0c3e245,motorcycle_5ab8604a14df,1167118134150,2741248129320,0.0,0.5672767626757537,44.14739990234375,12.210501670837402,44.1660041809082,12.176040649414062,3440.5428055791363,12.244379408515158,0.0,"gps,gps",False,"nearest car position is 3440.5 m away, above the 40 m threshold: routes do not overlap here"
pair_00561,car_2e84f0c3e245,motorcycle_5ab8604a14df,1167118134150,2742248129320,0.0,0.5694279505487604,44.14739990234375,12.210501670837402,44.16586685180664,12.176376342773438,3409.967462069023,11.931143288302508,0.0,"gps,gps",False,"nearest car position is 3410.0 m away, above the 40 m threshold: routes do not overlap here"
pair_00562,car_2e84f0c3e245,motorcycle_5ab8604a14df,1167118134150,2743248129268,0.0,0.5715515318753703,44.14739990234375,12.210501670837402,44.16572952270508,12.176706314086914,3379.760731278077,11.505450009658091,0.0,"gps,gps",False,"nearest car position is 3379.8 m away, above the 40 m threshold: routes do not overlap here"
pair_00563,car_2e84f0c3e245,motorcycle_5ab8604a14df,1167118134150,2744248129268,0.0,0.5736097541540371,44.14739990234375,12.210501670837402,44.16559600830078,12.17702579498291,3350.48111725138,11.402499734637729,0.0,"gps,gps",False,"nearest car position is 3350.5 m away, above the 40 m threshold: routes do not overlap here"
pair_00564,car_2e84f0c3e245,motorcycle_5ab8604a14df,1167118134150,2745248129268,0.0,0.5756295217089268,44.14739990234375,12.210501670837402,44.165470123291016,12.177343368530273,3321.839363814467,12.702243450893604,0.0,"gps,gps",False,"nearest car position is 3321.8 m away, above the 40 m threshold: routes do not overlap here"
pair_00565,car_2e84f0c3e245,motorcycle_5ab8604a14df,1167118134150,2746248129268,0.0,0.5776969317822389,44.14739990234375,12.210501670837402,44.16533660888672,12.177664756774902,3292.446878930436,11.550733729631872,0.0,"gps,gps",False,"nearest car position is 3292.4 m away, above the 40 m threshold: routes do not overlap here"
pair_00566,car_2e84f0c3e245,motorcycle_5ab8604a14df,1167118134150,2747248129216,0.0,0.5796427956864614,44.14739990234375,12.210501670837402,44.16521072387695,12.177967071533203,3264.7826954251286,11.492587336750319,0.0,"gps,gps",False,"nearest car position is 3264.8 m away, above the 40 m threshold: routes do not overlap here"
pair_00567,car_2e84f0c3e245,motorcycle_5ab8604a14df,1167118134150,2748248129216,0.0,0.5815703270657007,44.14739990234375,12.210501670837402,44.16508483886719,12.178265571594238,3237.3639632838986,11.17574810490504,0.0,"gps,gps",False,"nearest car position is 3237.4 m away, above the 40 m threshold: routes do not overlap here"
pair_00568,car_2e84f0c3e245,motorcycle_5ab8604a14df,1167118134150,2749248129164,0.0,0.5835130320842228,44.14739990234375,12.210501670837402,44.164955139160156,12.178564071655273,3209.690719107391,10.423145324274742,0.0,"gps,gps",False,"nearest car position is 3209.7 m away, above the 40 m threshold: routes do not overlap here"
pair_00569,car_2e84f0c3e245,motorcycle_5ab8604a14df,1167118134150,2750248129111,0.0,0.585408627788008,44.14739990234375,12.210501670837402,44.16482925415039,12.178855895996094,3182.700970266707,10.606580960150893,0.0,"gps,gps",False,"nearest car position is 3182.7 m away, above the 40 m threshold: routes do not overlap here"
pair_00570,car_2e84f0c3e245,motorcycle_5ab8604a14df,1167118134150,2751248129111,0.0,0.587315139803885,44.14739990234375,12.210501670837402,44.16469955444336,12.179146766662598,3155.51591446045,9.761977919248977,0.0,"gps,gps",False,"nearest car position is 3155.5 m away, above the 40 m threshold: routes do not overlap here"
pair_00571,car_2e84f0c3e245,motorcycle_5ab8604a14df,1167118134150,2752248129060,0.0,0.5891440612443808,44.14739990234375,12.210501670837402,44.164581298828125,12.179430961608887,3129.5315364228923,11.510558903592027,0.0,"gps,gps",False,"nearest car position is 3129.5 m away, above the 40 m threshold: routes do not overlap here"
pair_00572,car_2e84f0c3e245,motorcycle_5ab8604a14df,1167118134150,2753248129060,0.0,0.5909398254380238,44.14739990234375,12.210501670837402,44.164466857910156,12.17971134185791,3104.050958110334,11.987654771325992,0.0,"gps,gps",False,"nearest car position is 3104.1 m away, above the 40 m threshold: routes do not overlap here"
pair_00573,car_2e84f0c3e245,motorcycle_5ab8604a14df,1167118134150,2754248129007,0.0,0.5927025614176556,44.14739990234375,12.210501670837402,44.16435623168945,12.179987907409668,3079.0748014632118,12.482661703862334,0.0,"gps,gps",False,"nearest car position is 3079.1 m away, above the 40 m threshold: routes do not overlap here"
pair_00574,car_2e84f0c3e245,motorcycle_5ab8604a14df,1167118134150,2755248129007,0.0,0.594404515790636,44.14739990234375,12.210501670837402,44.164249420166016,12.180254936218262,3054.964272066318,12.482703297270405,0.0,"gps,gps",False,"nearest car position is 3055.0 m away, above the 40 m threshold: routes do not overlap here"
pair_00575,car_2e84f0c3e245,motorcycle_5ab8604a14df,1167118134150,2756248128955,0.0,0.5960549106482735,44.14739990234375,12.210501670837402,44.16415023803711,12.180517196655273,3031.6793424625794,13.829250058529624,0.0,"gps,gps",False,"nearest car position is 3031.7 m away, above the 40 m threshold: routes do not overlap here"
pair_00576,car_2e84f0c3e245,motorcycle_5ab8604a14df,1167118134150,2757248128955,0.0,0.5977154311724566,44.14739990234375,12.210501670837402,44.16405487060547,12.180784225463867,3008.3612959644142,15.16010498873527,0.0,"gps,gps",False,"nearest car position is 3008.4 m away, above the 40 m threshold: routes do not overlap here"
pair_00577,car_2e84f0c3e245,motorcycle_5ab8604a14df,1167118134150,2758248128903,0.0,0.5993708532987064,44.14739990234375,12.210501670837402,44.16397476196289,12.181059837341309,2985.5587057919693,19.57030241407284,0.0,"gps,gps",False,"nearest car position is 2985.6 m away, above the 40 m threshold: routes do not overlap here"
pair_00578,car_2e84f0c3e245,motorcycle_5ab8604a14df,1167118134150,2759248128903,0.0,0.6010461953815611,44.14739990234375,12.210501670837402,44.163909912109375,12.181346893310547,2963.104262089813,24.146573328919942,0.0,"gps,gps",False,"nearest car position is 2963.1 m away, above the 40 m threshold: routes do not overlap here"
pair_00579,car_2e84f0c3e245,motorcycle_5ab8604a14df,1167118134150,2760248128903,0.0,0.6027466845954395,44.14739990234375,12.210501670837402,44.16386032104492,12.181644439697266,2941.0743505785467,28.54741825618504,0.0,"gps,gps",False,"nearest car position is 2941.1 m away, above the 40 m threshold: routes do not overlap here"
pair_00580,car_2e84f0c3e245,motorcycle_5ab8604a14df,1167118134150,2761248128851,0.0,0.6044764545221907,44.14739990234375,12.210501670837402,44.163818359375,12.181949615478516,2919.136930873231,30.77656583672183,0.0,"gps,gps",False,"nearest car position is 2919.1 m away, above the 40 m threshold: routes do not overlap here"
pair_00581,car_2e84f0c3e245,motorcycle_5ab8604a14df,1167118134150,2762248128851,0.0,0.6062218220814912,44.14739990234375,12.210501670837402,44.163780212402344,12.182258605957031,2897.275368715752,31.86227509821805,0.0,"gps,gps",False,"nearest car position is 2897.3 m away, above the 40 m threshold: routes do not overlap here"
pair_00582,car_2e84f0c3e245,motorcycle_5ab8604a14df,1167118134150,2763248128851,0.0,0.6079359549691301,44.14739990234375,12.210501670837402,44.16373825073242,12.182560920715332,2875.609964438589,30.676362699780327,0.0,"gps,gps",False,"nearest car position is 2875.6 m away, above the 40 m threshold: routes do not overlap here"
pair_00583,car_2e84f0c3e245,motorcycle_5ab8604a14df,1167118134150,2764248128851,0.0,0.6096081246305078,44.14739990234375,12.210501670837402,44.163700103759766,12.182856559753418,2854.672215991953,31.430343660503638,0.0,"gps,gps",False,"nearest car position is 2854.7 m away, above the 40 m threshold: routes do not overlap here"
pair_00584,car_2e84f0c3e245,motorcycle_5ab8604a14df,1167118134150,2765248128799,0.0,0.6112229248144273,44.14739990234375,12.210501670837402,44.163665771484375,12.18314266204834,2834.6387948605156,32.130655723925486,0.0,"gps,gps",False,"nearest car position is 2834.6 m away, above the 40 m threshold: routes do not overlap here"
pair_00585,car_2e84f0c3e245,motorcycle_5ab8604a14df,1167118134150,2766248128799,0.0,0.6128220196325168,44.14739990234375,12.210501670837402,44.163631439208984,12.183425903320312,2814.82817358142,32.036508030473215,0.0,"gps,gps",False,"nearest car position is 2814.8 m away, above the 40 m threshold: routes do not overlap here"
pair_00586,car_2e84f0c3e245,motorcycle_5ab8604a14df,1167118134150,2767248128799,0.0,0.6143954534930001,44.14739990234375,12.210501670837402,44.16360092163086,12.18370532989502,2795.571006557059,32.97061847687462,0.0,"gps,gps",False,"nearest car position is 2795.6 m away, above the 40 m threshold: routes do not overlap here"
pair_00587,car_2e84f0c3e245,motorcycle_5ab8604a14df,1167118134150,2768248128799,0.0,0.6159374050236336,44.14739990234375,12.210501670837402,44.163570404052734,12.183979034423828,2776.711220577686,32.79247231248996,0.0,"gps,gps",False,"nearest car position is 2776.7 m away, above the 40 m threshold: routes do not overlap here"
pair_00588,car_2e84f0c3e245,motorcycle_5ab8604a14df,1167118134150,2769248128799,0.0,0.617453089814738,44.14739990234375,12.210501670837402,44.16353225708008,12.184246063232422,2757.7521003675815,30.364463263635514,0.0,"gps,gps",False,"nearest car position is 2757.8 m away, above the 40 m threshold: routes do not overlap here"
pair_00589,car_2e84f0c3e245,motorcycle_5ab8604a14df,1167118134150,2770248128799,0.0,0.6189271454930806,44.14739990234375,12.210501670837402,44.16349411010742,12.184505462646484,2739.294759594258,30.042042023101942,0.0,"gps,gps",False,"nearest car position is 2739.3 m away, above the 40 m threshold: routes do not overlap here"
pair_00590,car_2e84f0c3e245,motorcycle_5ab8604a14df,1167118134150,2771248128799,0.0,0.6203700117034289,44.14739990234375,12.210501670837402,44.163455963134766,12.184759140014648,2721.220686957089,29.788024268674462,0.0,"gps,gps",False,"nearest car position is 2721.2 m away, above the 40 m threshold: routes do not overlap here"
pair_00591,car_2e84f0c3e245,motorcycle_5ab8604a14df,1167118134150,2772248128799,0.0,0.6217552996183605,44.14739990234375,12.210501670837402,44.163429260253906,12.185005187988281,2704.4801343621075,33.02433691096252,0.0,"gps,gps",False,"nearest car position is 2704.5 m away, above the 40 m threshold: routes do not overlap here"
pair_00592,car_2e84f0c3e245,motorcycle_5ab8604a14df,1167118134150,2773248128799,0.0,0.6231358773591508,44.14739990234375,12.210501670837402,44.16339111328125,12.185247421264648,2687.167949551927,29.245580700305254,0.0,"gps,gps",False,"nearest car position is 2687.2 m away, above the 40 m threshold: routes do not overlap here"
pair_00593,car_2e84f0c3e245,motorcycle_5ab8604a14df,1167118134150,2774248128799,0.0,0.6245127859283767,44.14739990234375,12.210501670837402,44.16334915161133,12.185487747192383,2669.7220776818385,27.94756363149719,0.0,"gps,gps",False,"nearest car position is 2669.7 m away, above the 40 m threshold: routes do not overlap here"
pair_00594,car_2e84f0c3e245,motorcycle_5ab8604a14df,1167118134150,2775248128799,0.0,0.6259123945536718,44.14739990234375,12.210501670837402,44.16330337524414,12.185730934143066,2651.8553277906776,26.924241473569566,0.0,"gps,gps",False,"nearest car position is 2651.9 m away, above the 40 m threshold: routes do not overlap here"
pair_00595,car_2e84f0c3e245,motorcycle_5ab8604a14df,1167118134150,2776248128799,0.0,0.6272914743592874,44.14739990234375,12.210501670837402,44.16325759887695,12.185970306396484,2634.246180287861,26.700323203339053,0.0,"gps,gps",False,"nearest car position is 2634.2 m away, above the 40 m threshold: routes do not overlap here"
pair_00596,car_2e84f0c3e245,motorcycle_5ab8604a14df,1167118134150,2777248128799,0.0,0.6286500470126877,44.14739990234375,12.210501670837402,44.163211822509766,12.186205863952637,2616.893173910036,26.46964107798584,0.0,"gps,gps",False,"nearest car position is 2616.9 m away, above the 40 m threshold: routes do not overlap here"
pair_00597,car_2e84f0c3e245,motorcycle_5ab8604a14df,1167118134150,2778248128799,0.0,0.6299697231026591,44.14739990234375,12.210501670837402,44.16315841674805,12.186430931091309,2599.616317155267,23.32404030183551,0.0,"gps,gps",False,"nearest car position is 2599.6 m away, above the 40 m threshold: routes do not overlap here"
pair_00598,car_2e84f0c3e245,motorcycle_5ab8604a14df,1167118134150,2779248128799,0.0,0.6312744780127577,44.14739990234375,12.210501670837402,44.1630973815918,12.186649322509766,2582.181256214733,20.3418493130892,0.0,"gps,gps",False,"nearest car position is 2582.2 m away, above the 40 m threshold: routes do not overlap here"
pair_00599,car_2e84f0c3e245,motorcycle_5ab8604a14df,1167118134150,2780248128799,0.0,0.6325756069628833,44.14739990234375,12.210501670837402,44.16302490234375,12.186860084533691,2564.349227201018,16.014892280230924,0.0,"gps,gps",False,"nearest car position is 2564.3 m away, above the 40 m threshold: routes do not overlap here"
pair_00600,car_2e84f0c3e245,motorcycle_5ab8604a14df,1167118134150,2781248128799,0.0,0.633866161955958,44.14739990234375,12.210501670837402,44.16294860839844,12.187066078186035,2546.520107677219,14.320122960462243,0.0,"gps,gps",False,"nearest car position is 2546.5 m away, above the 40 m threshold: routes do not overlap here"
pair_00601,car_2e84f0c3e245,motorcycle_5ab8604a14df,1167118134150,2782248128799,0.0,0.6351619132974152,44.14739990234375,12.210501670837402,44.162864685058594,12.187267303466797,2528.402346902869,11.454266747537872,0.0,"gps,gps",False,"nearest car position is 2528.4 m away, above the 40 m threshold: routes do not overlap here"
pair_00602,car_2e84f0c3e245,motorcycle_5ab8604a14df,1167118134150,2783248128799,0.0,0.6364794569736308,44.14739990234375,12.210501670837402,44.16277313232422,12.187466621398926,2509.8247293042623,8.995648390351562,0.0,"gps,gps",False,"nearest car position is 2509.8 m away, above the 40 m threshold: routes do not overlap here"
pair_00603,car_2e84f0c3e245,motorcycle_5ab8604a14df,1167118134150,2784248128799,0.0,0.6377614387512259,44.14739990234375,12.210501670837402,44.162681579589844,12.187658309936523,2491.6967607130555,7.972055747504385,0.0,"gps,gps",False,"nearest car position is 2491.7 m away, above the 40 m threshold: routes do not overlap here"
pair_00604,car_2e84f0c3e245,motorcycle_5ab8604a14df,1167118134150,2785248128799,0.0,0.6390340157167121,44.14739990234375,12.210501670837402,44.1625862121582,12.187844276428223,2473.6163153102616,6.067514143558185,0.0,"gps,gps",False,"nearest car position is 2473.6 m away, above the 40 m threshold: routes do not overlap here"
pair_00605,car_2e84f0c3e245,motorcycle_5ab8604a14df,1167118134150,2786248128799,0.0,0.6402722889816598,44.14739990234375,12.210501670837402,44.16249084472656,12.18802261352539,2455.982537771593,4.924610260554516,0.0,"gps,gps",False,"nearest car position is 2456.0 m away, above the 40 m threshold: routes do not overlap here"
pair_00606,car_2e84f0c3e245,motorcycle_5ab8604a14df,1167118134150,2787248128799,0.0,0.6414559480701759,44.14739990234375,12.210501670837402,44.16239547729492,12.188188552856445,2439.0720865779276,2.927567908556739,0.0,"gps,gps",False,"nearest car position is 2439.1 m away, above the 40 m threshold: routes do not overlap here"
pair_00607,car_2e84f0c3e245,motorcycle_5ab8604a14df,1167118134150,2788248128799,0.0,0.6426775528001161,44.14739990234375,12.210501670837402,44.16228103637695,12.188339233398438,2421.6009352820456,5.006600733364678,0.0,"gps,gps",False,"nearest car position is 2421.6 m away, above the 40 m threshold: routes do not overlap here"
pair_00608,car_2e84f0c3e245,motorcycle_5ab8604a14df,1167118134150,2789248128851,0.0,0.6439082751213698,44.14739990234375,12.210501670837402,44.16215515136719,12.18847370147705,2404.2066804461074,10.910497822041975,0.0,"gps,gps",False,"nearest car position is 2404.2 m away, above the 40 m threshold: routes do not overlap here"
pair_00609,car_2e84f0c3e245,motorcycle_5ab8604a14df,1167118134150,2790248128851,0.0,0.6451561509163322,44.14739990234375,12.210501670837402,44.16202163696289,12.1885986328125,2386.794860273347,14.501104794831178,0.0,"gps,gps",False,"nearest car position is 2386.8 m away, above the 40 m threshold: routes do not overlap here"
pair_00610,car_2e84f0c3e245,motorcycle_5ab8604a14df,1167118134150,2791248128851,0.0,0.6464596818035675,44.14739990234375,12.210501670837402,44.16187286376953,12.18870735168457,2369.1859024942587,20.707717873803574,0.0,"gps,gps",False,"nearest car position is 2369.2 m away, above the 40 m threshold: routes do not overlap here"
pair_00611,car_2e84f0c3e245,motorcycle_5ab8604a14df,1167118134150,2792248128851,0.0,0.6478348257326458,44.14739990234375,12.210501670837402,44.16170883178711,12.188800811767578,2351.3408596009726,26.141142778405708,0.0,"gps,gps",False,"nearest car position is 2351.3 m away, above the 40 m threshold: routes do not overlap here"
pair_00612,car_2e84f0c3e245,motorcycle_5ab8604a14df,1167118134150,2793248128903,0.0,0.649185368930643,44.14739990234375,12.210501670837402,44.16154479980469,12.188881874084473,2334.2564484011486,28.85247753311438,0.0,"gps,gps",False,"nearest car position is 2334.3 m away, above the 40 m threshold: routes do not overlap here"
pair_00613,car_2e84f0c3e245,motorcycle_5ab8604a14df,1167118134150,2794248128903,0.0,0.6505521341963889,44.14739990234375,12.210501670837402,44.161376953125,12.188956260681152,2317.3181654347486,30.73581133679869,0.0,"gps,gps",False,"nearest car position is 2317.3 m away, above the 40 m threshold: routes do not overlap here"
pair_00614,car_2e84f0c3e245,motorcycle_5ab8604a14df,1167118134150,2795248128955,0.0,0.6518528850357506,44.14739990234375,12.210501670837402,44.161216735839844,12.189024925231934,2301.3279949934845,31.282807105673612,0.0,"gps,gps",False,"nearest car position is 2301.3 m away, above the 40 m threshold: routes do not overlap here"
pair_00615,car_2e84f0c3e245,motorcycle_5ab8604a14df,1167118134150,2796248128955,0.0,0.6531475544544902,44.14739990234375,12.210501670837402,44.16105651855469,12.18908977508545,2285.6053745266304,32.18112773005868,0.0,"gps,gps",False,"nearest car position is 2285.6 m away, above the 40 m threshold: routes do not overlap here"
pair_00616,car_2e84f0c3e245,motorcycle_5ab8604a14df,1167118134150,2797248129007,0.0,0.6544123190925293,44.14739990234375,12.210501670837402,44.1609001159668,12.189153671264648,2270.262940876156,32.03810397345745,0.0,"gps,gps",False,"nearest car position is 2270.3 m away, above the 40 m threshold: routes do not overlap here"
pair_00617,car_2e84f0c3e245,motorcycle_5ab8604a14df,1167118134150,2798248129060,0.0,0.6556658012874095,44.14739990234375,12.210501670837402,44.160743713378906,12.189209938049316,2255.4201227065196,33.90145080381643,0.0,"gps,gps",False,"nearest car position is 2255.4 m away, above the 40 m threshold: routes do not overlap here"
pair_00618,car_2e84f0c3e245,motorcycle_5ab8604a14df,1167118134150,2799248129060,0.0,0.6569561207286138,44.14739990234375,12.210501670837402,44.16058349609375,12.189271926879883,2240.000219376158,32.860218234963384,0.0,"gps,gps",False,"nearest car position is 2240.0 m away, above the 40 m threshold: routes do not overlap here"
pair_00619,car_2e84f0c3e245,motorcycle_5ab8604a14df,1167118134150,2800248129111,0.0,0.6582464404204541,44.14739990234375,12.210501670837402,44.160423278808594,12.18933391571045,2224.6270775327503,32.86017813882012,0.0,"gps,gps",False,"nearest car position is 2224.6 m away, above the 40 m threshold: routes do not overlap here"
pair_00620,car_2e84f0c3e245,motorcycle_5ab8604a14df,1167118134150,2801248129111,0.0,0.659487502578292,44.14739990234375,12.210501670837402,44.16027069091797,12.189400672912598,2209.561067529221,30.947853702417376,0.0,"gps,gps",False,"nearest car position is 2209.6 m away, above the 40 m threshold: routes do not overlap here"
pair_00621,car_2e84f0c3e245,motorcycle_5ab8604a14df,1167118134150,2802248129164,0.0,0.660660364561927,44.14739990234375,12.210501670837402,44.16012954711914,12.189476013183594,2194.832471322151,27.419281281951896,0.0,"gps,gps",False,"nearest car position is 2194.8 m away, above the 40 m threshold: routes do not overlap here"
pair_00622,car_2e84f0c3e245,motorcycle_5ab8604a14df,1167118134150,2803248129164,0.0,0.6617861640052647,44.14739990234375,12.210501670837402,44.15999984741211,12.189566612243652,2180.018249914224,21.75632348399853,0.0,"gps,gps",False,"nearest car position is 2180.0 m away, above the 40 m threshold: routes do not overlap here"
pair_00623,car_2e84f0c3e245,motorcycle_5ab8604a14df,1167118134150,2804248129164,0.0,0.662893475622493,44.14739990234375,12.210501670837402,44.15987777709961,12.189669609069824,2165.006773659641,17.18608989082776,0.0,"gps,gps",False,"nearest car position is 2165.0 m away, above the 40 m threshold: routes do not overlap here"
pair_00624,car_2e84f0c3e245,motorcycle_5ab8604a14df,1167118134150,2805248129216,0.0,0.6639785684207125,44.14739990234375,12.210501670837402,44.159767150878906,12.189788818359375,2149.8264808898534,10.666630688415921,0.0,"gps,gps",False,"nearest car position is 2149.8 m away, above the 40 m threshold: routes do not overlap here"
pair_00625,car_2e84f0c3e245,motorcycle_5ab8604a14df,1167118134150,2806248129216,0.0,0.6650919083297405,44.14739990234375,12.210501670837402,44.15966033935547,12.189922332763672,2134.04412059304,6.488594448729998,0.0,"gps,gps",False,"nearest car position is 2134.0 m away, above the 40 m threshold: routes do not overlap here"
pair_00626,car_2e84f0c3e245,motorcycle_5ab8604a14df,1167118134150,2807248129216,0.0,0.6661394869003435,44.14739990234375,12.210501670837402,44.159568786621094,12.19006061553955,2119.0542327061667,1.0757870016909692,0.0,"gps,gps",False,"nearest car position is 2119.1 m away, above the 40 m threshold: routes do not overlap here"
pair_00627,car_2e84f0c3e245,motorcycle_5ab8604a14df,1167118134150,2808248129216,0.0,0.6671997349975096,44.14739990234375,12.210501670837402,44.15947341918945,12.190196990966797,2103.911117674278,2.640714574584365,0.0,"gps,gps",False,"nearest car position is 2103.9 m away, above the 40 m threshold: routes do not overlap here"
pair_00628,car_2e84f0c3e245,motorcycle_5ab8604a14df,1167118134150,2809248129216,0.0,0.6681999329977106,44.14739990234375,12.210501670837402,44.159385681152344,12.190328598022461,2089.602661478248,1.2733720903593735,0.0,"gps,gps",False,"nearest car position is 2089.6 m away, above the 40 m threshold: routes do not overlap here"
pair_00629,car_2e84f0c3e245,motorcycle_5ab8604a14df,1167118134150,2810248129216,0.0,0.6691808520212864,44.14739990234375,12.210501670837402,44.159297943115234,12.190455436706543,2075.587622594174,2.328918233525826,0.0,"gps,gps",False,"nearest car position is 2075.6 m away, above the 40 m threshold: routes do not overlap here"
pair_00630,car_2e84f0c3e245,motorcycle_5ab8604a14df,1167118134150,2811248129216,0.0,0.6701182925685354,44.14739990234375,12.210501670837402,44.15921401977539,12.190576553344727,2062.195186137984,2.377843453268042,0.0,"gps,gps",False,"nearest car position is 2062.2 m away, above the 40 m threshold: routes do not overlap here"
pair_00631,car_2e84f0c3e245,motorcycle_5ab8604a14df,1167118134150,2812248129216,0.0,0.6710160782961516,44.14739990234375,12.210501670837402,44.15913391113281,12.190692901611328,2049.36663742333,2.195908436274351,0.0,"gps,gps",False,"nearest car position is 2049.4 m away, above the 40 m threshold: routes do not overlap here"
pair_00632,car_2e84f0c3e245,motorcycle_5ab8604a14df,1167118134150,2813248129216,0.0,0.671866563970898,44.14739990234375,12.210501670837402,44.1590576171875,12.190802574157715,2037.2192547467039,2.4907185473235245,0.0,"gps,gps",False,"nearest car position is 2037.2 m away, above the 40 m threshold: routes do not overlap here"
pair_00633,car_2e84f0c3e245,motorcycle_5ab8604a14df,1167118134150,2814248129216,0.0,0.6726812218780176,44.14739990234375,12.210501670837402,44.15898513793945,12.190908432006836,2025.5769148564468,2.0357758551160714,0.0,"gps,gps",False,"nearest car position is 2025.6 m away, above the 40 m threshold: routes do not overlap here"
pair_00634,car_2e84f0c3e245,motorcycle_5ab8604a14df,1167118134150,2815248129268,0.0,0.6734768872340872,44.14739990234375,12.210501670837402,44.158912658691406,12.191009521484375,2014.228613904951,3.3556696456720374,0.0,"gps,gps",False,"nearest car position is 2014.2 m away, above the 40 m threshold: routes do not overlap here"
pair_00635,car_2e84f0c3e245,motorcycle_5ab8604a14df,1167118134150,2816248129268,0.0,0.6741856433707185,44.14739990234375,12.210501670837402,44.15884780883789,12.191099166870117,2004.1248572678319,3.611138811237822,0.0,"gps,gps",False,"nearest car position is 2004.1 m away, above the 40 m threshold: routes do not overlap here"
pair_00636,car_2e84f0c3e245,motorcycle_5ab8604a14df,1167118134150,2817248129268,0.0,0.674818761490373,44.14739990234375,12.210501670837402,44.158790588378906,12.191180229187012,1995.0891788265085,2.9086999197887167,0.0,"gps,gps",False,"nearest car position is 1995.1 m away, above the 40 m threshold: routes do not overlap here"
pair_00637,car_2e84f0c3e245,motorcycle_5ab8604a14df,1167118134150,2818248129320,0.0,0.6753802165360169,44.14739990234375,12.210501670837402,44.15874099731445,12.191253662109375,1987.0625181705402,1.6418978359784546,0.0,"gps,gps",False,"nearest car position is 1987.1 m away, above the 40 m threshold: routes do not overlap here"
pair_00638,car_2e84f0c3e245,motorcycle_5ab8604a14df,1167118134150,2819248129320,0.0,0.6759006879535746,44.14739990234375,12.210501670837402,44.15869140625,12.191316604614258,1979.6830042630247,6.052996577666761,0.0,"gps,gps",False,"nearest car position is 1979.7 m away, above the 40 m threshold: routes do not overlap here"
pair_00639,car_2e84f0c3e245,motorcycle_5ab8604a14df,1167118134150,2820248129320,0.0,0.6765083069800741,44.14739990234375,12.210501670837402,44.15862274169922,12.19136905670166,1971.6086134459738,19.649007670258413,0.0,"gps,gps",False,"nearest car position is 1971.6 m away, above the 40 m threshold: routes do not overlap here"
pair_00640,car_2e84f0c3e245,motorcycle_5ab8604a14df,1167118134150,2821248129372,0.0,0.6772353026756417,44.14739990234375,12.210501670837402,44.15853500366211,12.191414833068848,1962.614025866959,27.851782281403132,0.0,"gps,gps",False,"nearest car position is 1962.6 m away, above the 40 m threshold: routes do not overlap here"
pair_00641,car_2e84f0c3e245,motorcycle_5ab8604a14df,1167118134150,2822248129372,0.0,0.6780084677520415,44.14739990234375,12.210501670837402,44.158447265625,12.19148063659668,1952.3914220431102,20.089820393856883,0.0,"gps,gps",False,"nearest car position is 1952.4 m away, above the 40 m threshold: routes do not overlap here"
pair_00642,car_2e84f0c3e245,motorcycle_5ab8604a14df,1167118134150,2823248129424,0.0,0.6788116826796075,44.14739990234375,12.210501670837402,44.15837478637695,12.191583633422852,1940.9348156034696,2.819951982482337,0.0,"gps,gps",False,"nearest car position is 1940.9 m away, above the 40 m threshold: routes do not overlap here"
pair_00643,car_2e84f0c3e245,motorcycle_5ab8604a14df,1167118134150,2824248129424,0.0,0.679672370197837,44.14739990234375,12.210501670837402,44.1583251953125,12.19172191619873,1928.8912098148683,15.067781476249024,0.0,"gps,gps",False,"nearest car position is 1928.9 m away, above the 40 m threshold: routes do not overlap here"
pair_00644,car_2e84f0c3e245,motorcycle_5ab8604a14df,1167118134150,2825248129476,0.0,0.6806982453120269,44.14739990234375,12.210501670837402,44.158287048339844,12.191898345947266,1915.2949178542362,24.855409682068114,0.0,"gps,gps",False,"nearest car position is 1915.3 m away, above the 40 m threshold: routes do not overlap here"
pair_00645,car_2e84f0c3e245,motorcycle_5ab8604a14df,1167118134150,2826248129528,0.0,0.6818688481295709,44.14739990234375,12.210501670837402,44.15822982788086,12.192092895507812,1899.2524652045433,19.335237522357602,0.0,"gps,gps",False,"nearest car position is 1899.3 m away, above the 40 m threshold: routes do not overlap here"
pair_00646,car_2e84f0c3e245,motorcycle_5ab8604a14df,1167118134150,2827248129528,0.0,0.683211703463426,44.14739990234375,12.210501670837402,44.15814208984375,12.192300796508789,1880.2436535782692,11.161276276684873,0.0,"gps,gps",False,"nearest car position is 1880.2 m away, above the 40 m threshold: routes do not overlap here"
pair_00647,car_2e84f0c3e245,motorcycle_5ab8604a14df,1167118134150,2828248129528,0.0,0.6847691170214389,44.14739990234375,12.210501670837402,44.158023834228516,12.192526817321777,1857.9657555871029,5.524391109656904,0.0,"gps,gps",False,"nearest car position is 1858.0 m away, above the 40 m threshold: routes do not overlap here"
pair_00648,car_2e84f0c3e245,motorcycle_5ab8604a14df,1167118134150,2829248129580,0.0,0.6864796387932129,44.14739990234375,12.210501670837402,44.15788650512695,12.192767143249512,1833.4591363239506,3.0898343570532347,0.0,"gps,gps",False,"nearest car position is 1833.5 m away, above the 40 m threshold: routes do not overlap here"
pair_00649,car_2e84f0c3e245,motorcycle_5ab8604a14df,1167118134150,2830248129632,0.0,0.6882169910968011,44.14739990234375,12.210501670837402,44.157745361328125,12.193009376525879,1808.5653708830237,2.54443920200157,0.0,"gps,gps",False,"nearest car position is 1808.6 m away, above the 40 m threshold: routes do not overlap here"
pair_00650,car_2e84f0c3e245,motorcycle_5ab8604a14df,1167118134150,2831248129632,0.0,0.6899192245451272,44.14739990234375,12.210501670837402,44.15760803222656,12.19324779510498,1784.1762155503084,2.8672820065404494,0.0,"gps,gps",False,"nearest car position is 1784.2 m away, above the 40 m threshold: routes do not overlap here"
pair_00651,car_2e84f0c3e245,motorcycle_5ab8604a14df,1167118134150,2832248129684,0.0,0.6915947275673753,44.14739990234375,12.210501670837402,44.157474517822266,12.19348430633545,1760.1743700760305,3.429384439400394,0.0,"gps,gps",False,"nearest car position is 1760.2 m away, above the 40 m threshold: routes do not overlap here"
pair_00652,car_2e84f0c3e245,motorcycle_5ab8604a14df,1167118134150,2833248129737,0.0,0.6932845745956531,44.14739990234375,12.210501670837402,44.1573371887207,12.193719863891602,1735.961345179471,2.5292948186465196,0.0,"gps,gps",False,"nearest car position is 1736.0 m away, above the 40 m threshold: routes do not overlap here"
pair_00653,car_2e84f0c3e245,motorcycle_5ab8604a14df,1167118134150,2834248129789,0.0,0.6949351642160636,44.14739990234375,12.210501670837402,44.157203674316406,12.193950653076172,1712.3116894184639,2.7456767188165827,0.0,"gps,gps",False,"nearest car position is 1712.3 m away, above the 40 m threshold: routes do not overlap here"
pair_00654,car_2e84f0c3e245,motorcycle_5ab8604a14df,1167118134150,2835248129789,0.0,0.6965922681444646,44.14739990234375,12.210501670837402,44.157066345214844,12.194178581237793,1688.568041022707,1.6031875431743288,0.0,"gps,gps",False,"nearest car position is 1688.6 m away, above the 40 m threshold: routes do not overlap here"
pair_00655,car_2e84f0c3e245,motorcycle_5ab8604a14df,1167118134150,2836248129841,0.0,0.6982100167880831,44.14739990234375,12.210501670837402,44.15693283081055,12.194401741027832,1665.3877531425007,1.8014489015836261,0.0,"gps,gps",False,"nearest car position is 1665.4 m away, above the 40 m threshold: routes do not overlap here"
pair_00656,car_2e84f0c3e245,motorcycle_5ab8604a14df,1167118134150,2837248129893,0.0,0.6998509184318736,44.14739990234375,12.210501670837402,44.156795501708984,12.194625854492188,1641.8788482591922,1.1263981012164095,0.0,"gps,gps",False,"nearest car position is 1641.9 m away, above the 40 m threshold: routes do not overlap here"
pair_00657,car_2e84f0c3e245,motorcycle_5ab8604a14df,1167118134150,2838248129893,0.0,0.7014293341527521,44.14739990234375,12.210501670837402,44.15666580200195,12.194844245910645,1619.2618839128825,2.0096553654618106,0.0,"gps,gps",False,"nearest car position is 1619.3 m away, above the 40 m threshold: routes do not overlap here"
pair_00658,car_2e84f0c3e245,motorcycle_5ab8604a14df,1167118134150,2839248129893,0.0,0.7029955147684976,44.14739990234375,12.210501670837402,44.15653610229492,12.195059776306152,1596.8209904897742,1.6381376424457699,0.0,"gps,gps",False,"nearest car position is 1596.8 m away, above the 40 m threshold: routes do not overlap here"
pair_00659,car_2e84f0c3e245,motorcycle_5ab8604a14df,1167118134150,2840248129945,0.0,0.7045535763443254,44.14739990234375,12.210501670837402,44.15640640258789,12.195273399353027,1574.4975087511011,1.387244185374925,0.0,"gps,gps",False,"nearest car position is 1574.5 m away, above the 40 m threshold: routes do not overlap here"
pair_00660,car_2e84f0c3e245,motorcycle_5ab8604a14df,1167118134150,2841248129945,0.0,0.7060641462530114,44.14739990234375,12.210501670837402,44.156280517578125,12.195480346679688,1552.8548018113675,1.3337338334642368,0.0,"gps,gps",False,"nearest car position is 1552.9 m away, above the 40 m threshold: routes do not overlap here"
pair_00661,car_2e84f0c3e245,motorcycle_5ab8604a14df,1167118134150,2842248129945,0.0,0.7076060606253538,44.14739990234375,12.210501670837402,44.156150817871094,12.195690155029297,1530.7663041546014,0.877550033898217,0.0,"gps,gps",False,"nearest car position is 1530.8 m away, above the 40 m threshold: routes do not overlap here"
pair_00662,car_2e84f0c3e245,motorcycle_5ab8604a14df,1167118134150,2843248129997,0.0,0.7091410716897851,44.14739990234375,12.210501670837402,44.15602493286133,12.195902824401855,1508.7712550559797,2.1028821518333416,0.0,"gps,gps",False,"nearest car position is 1508.8 m away, above the 40 m threshold: routes do not overlap here"
pair_00663,car_2e84f0c3e245,motorcycle_5ab8604a14df,1167118134150,2844248129997,0.0,0.7107154131865754,44.14739990234375,12.210501670837402,44.1558952331543,12.196120262145996,1486.2128979557751,1.886805293875284,0.0,"gps,gps",False,"nearest car position is 1486.2 m away, above the 40 m threshold: routes do not overlap here"
pair_00664,car_2e84f0c3e245,motorcycle_5ab8604a14df,1167118134150,2845248130049,0.0,0.7123061459496632,44.14739990234375,12.210501670837402,44.155765533447266,12.196341514587402,1463.4195575712665,2.3759310640449485,0.0,"gps,gps",False,"nearest car position is 1463.4 m away, above the 40 m threshold: routes do not overlap here"
pair_00665,car_2e84f0c3e245,motorcycle_5ab8604a14df,1167118134150,2846248130049,0.0,0.7139258331301452,44.14739990234375,12.210501670837402,44.155635833740234,12.196569442749023,1440.2150911687008,3.2079143376499246,0.0,"gps,gps",False,"nearest car position is 1440.2 m away, above the 40 m threshold: routes do not overlap here"
pair_00666,car_2e84f0c3e245,motorcycle_5ab8604a14df,1167118134150,2847248130101,0.0,0.7155681985122202,44.14739990234375,12.210501670837402,44.15550231933594,12.196798324584961,1416.6822478051693,2.5139411567981256,0.0,"gps,gps",False,"nearest car position is 1416.7 m away, above the 40 m threshold: routes do not overlap here"
pair_00667,car_2e84f0c3e245,motorcycle_5ab8604a14df,1167118134150,2848248130153,0.0,0.7172525745226946,44.14739990234375,12.210501670837402,44.15536117553711,12.197028160095215,1392.5512748644755,1.0651790796985665,0.0,"gps,gps",False,"nearest car position is 1392.6 m away, above the 40 m threshold: routes do not overlap here"
pair_00668,car_2e84f0c3e245,motorcycle_5ab8604a14df,1167118134150,2849248130153,0.0,0.7189603425453976,44.14739990234375,12.210501670837402,44.155216217041016,12.197258949279785,1368.0921828277974,0.4265559041947995,0.0,"gps,gps",False,"nearest car position is 1368.1 m away, above the 40 m threshold: routes do not overlap here"
pair_00669,car_2e84f0c3e245,motorcycle_5ab8604a14df,1167118134150,2850248130205,0.0,0.7206246439402567,44.14739990234375,12.210501670837402,44.15507507324219,12.197484016418457,1344.2554559130967,0.47098244829402347,0.0,"gps,gps",False,"nearest car position is 1344.3 m away, above the 40 m threshold: routes do not overlap here"
pair_00670,car_2e84f0c3e245,motorcycle_5ab8604a14df,1167118134150,2851248130205,0.0,0.7222424247833925,44.14739990234375,12.210501670837402,44.15494155883789,12.197707176208496,1321.0750208154736,1.8023998994871135,0.0,"gps,gps",False,"nearest car position is 1321.1 m away, above the 40 m threshold: routes do not overlap here"
pair_00671,car_2e84f0c3e245,motorcycle_5ab8604a14df,1167118134150,2852248130257,0.0,0.7239036355654419,44.14739990234375,12.210501670837402,44.15480422973633,12.197936058044434,1297.272597286472,1.7220416944395538,0.0,"gps,gps",False,"nearest car position is 1297.3 m away, above the 40 m threshold: routes do not overlap here"
pair_00672,car_2e84f0c3e245,motorcycle_5ab8604a14df,1167118134150,2853248130309,0.0,0.7255694953959265,44.14739990234375,12.210501670837402,44.1546745300293,12.198174476623535,1273.4208628101458,4.456781714732358,0.0,"gps,gps",False,"nearest car position is 1273.4 m away, above the 40 m threshold: routes do not overlap here"
pair_00673,car_2e84f0c3e245,motorcycle_5ab8604a14df,1167118134150,2854248130362,0.0,0.7272311296427646,44.14739990234375,12.210501670837402,44.154544830322266,12.19841194152832,1249.6285247293074,4.34622278312753,0.0,"gps,gps",False,"nearest car position is 1249.6 m away, above the 40 m threshold: routes do not overlap here"
pair_00674,car_2e84f0c3e245,motorcycle_5ab8604a14df,1167118134150,2855248130414,0.0,0.7289025167175539,44.14739990234375,12.210501670837402,44.15441131591797,12.198647499084473,1225.6843825987335,3.31827599175449,0.0,"gps,gps",False,"nearest car position is 1225.7 m away, above the 40 m threshold: routes do not overlap here"
pair_00675,car_2e84f0c3e245,motorcycle_5ab8604a14df,1167118134150,2856248130466,0.0,0.7306112393986832,44.14739990234375,12.210501670837402,44.15427017211914,12.198883056640625,1201.200743170117,1.7603707083960103,0.0,"gps,gps",False,"nearest car position is 1201.2 m away, above the 40 m threshold: routes do not overlap here"
pair_00676,car_2e84f0c3e245,motorcycle_5ab8604a14df,1167118134150,2857248130466,0.0,0.7323093965477332,44.14739990234375,12.210501670837402,44.15413284301758,12.19912052154541,1176.8694196566826,2.75677379765915,0.0,"gps,gps",False,"nearest car position is 1176.9 m away, above the 40 m threshold: routes do not overlap here"
pair_00677,car_2e84f0c3e245,motorcycle_5ab8604a14df,1167118134150,2858248130518,0.0,0.7340412826789585,44.14739990234375,12.210501670837402,44.153987884521484,12.199357032775879,1152.0572427748457,1.1214089177566962,0.0,"gps,gps",False,"nearest car position is 1152.1 m away, above the 40 m threshold: routes do not overlap here"
pair_00678,car_2e84f0c3e245,motorcycle_5ab8604a14df,1167118134150,2859248130570,0.0,0.735735314005228,44.14739990234375,12.210501670837402,44.15385055541992,12.199593544006348,1127.7845254512872,2.644204964596838,0.0,"gps,gps",False,"nearest car position is 1127.8 m away, above the 40 m threshold: routes do not overlap here"
pair_00679,car_2e84f0c3e245,motorcycle_5ab8604a14df,1167118134150,2860248130622,0.0,0.7374169951463173,44.14739990234375,12.210501670837402,44.15371322631836,12.199827194213867,1103.6879435943465,2.3028462712130136,0.0,"gps,gps",False,"nearest car position is 1103.7 m away, above the 40 m threshold: routes do not overlap here"
pair_00680,car_2e84f0c3e245,motorcycle_5ab8604a14df,1167118134150,2861248130622,0.0,0.7391094825570077,44.14739990234375,12.210501670837402,44.15357208251953,12.200058937072754,1079.4390327083058,1.2998106108169623,0.0,"gps,gps",False,"nearest car position is 1079.4 m away, above the 40 m threshold: routes do not overlap here"
pair_00681,car_2e84f0c3e245,motorcycle_5ab8604a14df,1167118134150,2862248130674,0.0,0.7407707160246817,44.14739990234375,12.210501670837402,44.15343475341797,12.200287818908691,1055.636019447652,1.7226960212457243,0.0,"gps,gps",False,"nearest car position is 1055.6 m away, above the 40 m threshold: routes do not overlap here"
pair_00682,car_2e84f0c3e245,motorcycle_5ab8604a14df,1167118134150,2863248130674,0.0,0.7424319517672532,44.14739990234375,12.210501670837402,44.153297424316406,12.200516700744629,1031.8330042170376,1.722761632225513,0.0,"gps,gps",False,"nearest car position is 1031.8 m away, above the 40 m threshold: routes do not overlap here"
pair_00683,car_2e84f0c3e245,motorcycle_5ab8604a14df,1167118134150,2864248130726,0.0,0.7440375596485758,44.14739990234375,12.210501670837402,44.15316390991211,12.200736999511719,1008.8282819095245,1.4391975090011897,0.0,"gps,gps",False,"nearest car position is 1008.8 m away, above the 40 m threshold: routes do not overlap here"
pair_00684,car_2e84f0c3e245,motorcycle_5ab8604a14df,1167118134150,2865248130778,0.0,0.7455890592602085,44.14739990234375,12.210501670837402,44.153038024902344,12.200953483581543,986.5975584928736,2.603467562799665,0.0,"gps,gps",False,"nearest car position is 986.6 m away, above the 40 m threshold: routes do not overlap here"
pair_00685,car_2e84f0c3e245,motorcycle_5ab8604a14df,1167118134150,2866248130830,0.0,0.747151231779927,44.14739990234375,12.210501670837402,44.15290832519531,12.201168060302734,964.2148339980691,1.5147216084318984,0.0,"gps,gps",False,"nearest car position is 964.2 m away, above the 40 m threshold: routes do not overlap here"
pair_00686,car_2e84f0c3e245,motorcycle_5ab8604a14df,1167118134150,2867248130830,0.0,0.74870273544698,44.14739990234375,12.210501670837402,44.15278244018555,12.201384544372559,941.9840371194756,2.603588940591692,0.0,"gps,gps",False,"nearest car position is 942.0 m away, above the 40 m threshold: routes do not overlap here"
pair_00687,car_2e84f0c3e245,motorcycle_5ab8604a14df,1167118134150,2868248130882,0.0,0.7502916526706276,44.14739990234375,12.210501670837402,44.15265655517578,12.20160961151123,919.224618589372,3.6887463351820315,0.0,"gps,gps",False,"nearest car position is 919.2 m away, above the 40 m threshold: routes do not overlap here"
pair_00688,car_2e84f0c3e245,motorcycle_5ab8604a14df,1167118134150,2869248130882,0.0,0.7519464585799069,44.14739990234375,12.210501670837402,44.152523040771484,12.201841354370117,895.5149373467125,2.863296687711056,0.0,"gps,gps",False,"nearest car position is 895.5 m away, above the 40 m threshold: routes do not overlap here"
pair_00689,car_2e84f0c3e245,motorcycle_5ab8604a14df,1167118134150,2870248130935,0.0,0.7536363910110983,44.14739990234375,12.210501670837402,44.15238571166992,12.20207691192627,871.3006428034583,2.5316477227721066,0.0,"gps,gps",False,"nearest car position is 871.3 m away, above the 40 m threshold: routes do not overlap here"
pair_00690,car_2e84f0c3e245,motorcycle_5ab8604a14df,1167118134150,2871248130935,0.0,0.7553451482443071,44.14739990234375,12.210501670837402,44.152244567871094,12.202312469482422,846.8164641405651,1.7613382619068148,0.0,"gps,gps",False,"nearest car position is 846.8 m away, above the 40 m threshold: routes do not overlap here"
pair_00691,car_2e84f0c3e245,motorcycle_5ab8604a14df,1167118134150,2872248130986,0.0,0.7570489755926222,44.14739990234375,12.210501670837402,44.152099609375,12.202542304992676,822.4150473415893,0.31044086212665434,0.0,"gps,gps",False,"nearest car position is 822.4 m away, above the 40 m threshold: routes do not overlap here"
pair_00692,car_2e84f0c3e245,motorcycle_5ab8604a14df,1167118134150,2873248131039,0.0,0.7586738622768799,44.14739990234375,12.210501670837402,44.15196228027344,12.202762603759766,799.1407744897706,0.6423221975344973,0.0,"gps,gps",False,"nearest car position is 799.1 m away, above the 40 m threshold: routes do not overlap here"
pair_00693,car_2e84f0c3e245,motorcycle_5ab8604a14df,1167118134150,2874248131039,0.0,0.760227944543088,44.14739990234375,12.210501670837402,44.151832580566406,12.202975273132324,776.875658154588,1.262975445009772,0.0,"gps,gps",False,"nearest car position is 776.9 m away, above the 40 m threshold: routes do not overlap here"
pair_00694,car_2e84f0c3e245,motorcycle_5ab8604a14df,1167118134150,2875248131091,0.0,0.7617196101199099,44.14739990234375,12.210501670837402,44.151710510253906,12.203182220458984,755.5016985733865,2.20326712909781,0.0,"gps,gps",False,"nearest car position is 755.5 m away, above the 40 m threshold: routes do not overlap here"
pair_00695,car_2e84f0c3e245,motorcycle_5ab8604a14df,1167118134150,2876248131143,0.0,0.7631039968823399,44.14739990234375,12.210501670837402,44.15159606933594,12.203372955322266,735.6657865331383,1.7235666576561357,0.0,"gps,gps",False,"nearest car position is 735.7 m away, above the 40 m threshold: routes do not overlap here"
pair_00696,car_2e84f0c3e245,motorcycle_5ab8604a14df,1167118134150,2877248131195,0.0,0.7643771825375276,44.14739990234375,12.210501670837402,44.1514892578125,12.203546524047852,717.4269065566249,1.0082312755826592,0.0,"gps,gps",False,"nearest car position is 717.4 m away, above the 40 m threshold: routes do not overlap here"
pair_00697,car_2e84f0c3e245,motorcycle_5ab8604a14df,1167118134150,2878248131247,0.0,0.765540372447601,44.14739990234375,12.210501670837402,44.15139389038086,12.203707695007324,700.7597297074141,2.1151664439767615,0.0,"gps,gps",False,"nearest car position is 700.8 m away, above the 40 m threshold: routes do not overlap here"
pair_00698,car_2e84f0c3e245,motorcycle_5ab8604a14df,1167118134150,2879248131299,0.0,0.7666044568947321,44.14739990234375,12.210501670837402,44.15130615234375,12.20385456085205,685.5130343576457,1.8459734385988327,0.0,"gps,gps",False,"nearest car position is 685.5 m away, above the 40 m threshold: routes do not overlap here"
pair_00699,car_2e84f0c3e245,motorcycle_5ab8604a14df,1167118134150,2880248131351,0.0,0.7675769066597281,44.14739990234375,12.210501670837402,44.151222229003906,12.203984260559082,671.5950057792521,0.4175579168355057,0.0,"gps,gps",False,"nearest car position is 671.6 m away, above the 40 m threshold: routes do not overlap here"
pair_00700,car_2e84f0c3e245,motorcycle_5ab8604a14df,1167118134150,2881248131403,0.0,0.768452045771946,44.14739990234375,12.210501670837402,44.15114212036133,12.204094886779785,659.1253066763101,3.636433317860508,0.0,"gps,gps",False,"nearest car position is 659.1 m away, above the 40 m threshold: routes do not overlap here"
pair_00701,car_2e84f0c3e245,motorcycle_5ab8604a14df,1167118134150,2882248131455,0.0,0.7693388130929689,44.14739990234375,12.210501670837402,44.15104675292969,12.204182624816895,647.013235117874,14.943801101988981,0.0,"gps,gps",False,"nearest car position is 647.0 m away, above the 40 m threshold: routes do not overlap here"
pair_00702,car_2e84f0c3e245,motorcycle_5ab8604a14df,1167118134150,2883248131559,0.0,0.7701792338723581,44.14739990234375,12.210501670837402,44.15095138549805,12.204254150390625,635.937767705706,20.086783058522542,0.0,"gps,gps",False,"nearest car position is 635.9 m away, above the 40 m threshold: routes do not overlap here"
pair_00703,car_2e84f0c3e245,motorcycle_5ab8604a14df,1167118134150,2884248131612,0.0,0.7710050239564913,44.14739990234375,12.210501670837402,44.15086364746094,12.204338073730469,624.6410679462662,13.910538425405264,0.0,"gps,gps",False,"nearest car position is 624.6 m away, above the 40 m threshold: routes do not overlap here"
pair_00704,car_2e84f0c3e245,motorcycle_5ab8604a14df,1167118134150,2885248131664,0.0,0.7717840981306981,44.14739990234375,12.210501670837402,44.15079879760742,12.204444885253906,613.4859326362921,1.3899071585361753,0.0,"gps,gps",False,"nearest car position is 613.5 m away, above the 40 m threshold: routes do not overlap here"
pair_00705,car_2e84f0c3e245,motorcycle_5ab8604a14df,1167118134150,2886248131716,0.0,0.7725841457553966,44.14739990234375,12.210501670837402,44.150753021240234,12.204573631286621,602.2633847445104,15.26689260078615,0.0,"gps,gps",False,"nearest car position is 602.3 m away, above the 40 m threshold: routes do not overlap here"
pair_00706,car_2e84f0c3e245,motorcycle_5ab8604a14df,1167118134150,2887248131820,0.0,0.7734290700608979,44.14739990234375,12.210501670837402,44.150718688964844,12.204717636108398,590.8913832356269,23.24685769447285,0.0,"gps,gps",False,"nearest car position is 590.9 m away, above the 40 m threshold: routes do not overlap here"
pair_00707,car_2e84f0c3e245,motorcycle_5ab8604a14df,1167118134150,2888248131872,0.0,0.7743303959736015,44.14739990234375,12.210501670837402,44.150672912597656,12.204866409301758,578.4523621358917,18.415953036794235,0.0,"gps,gps",False,"nearest car position is 578.5 m away, above the 40 m threshold: routes do not overlap here"
pair_00708,car_2e84f0c3e245,motorcycle_5ab8604a14df,1167118134150,2889248131976,0.0,0.775306431688844,44.14739990234375,12.210501670837402,44.150604248046875,12.205013275146484,564.5426890090481,8.538822510699731,0.0,"gps,gps",False,"nearest car position is 564.5 m away, above the 40 m threshold: routes do not overlap here"
pair_00709,car_2e84f0c3e245,motorcycle_5ab8604a14df,1167118134150,2890248132028,0.0,0.7764371814165858,44.14739990234375,12.210501670837402,44.150508880615234,12.205166816711426,548.3480265118852,0.7459464968847556,0.0,"gps,gps",False,"nearest car position is 548.3 m away, above the 40 m threshold: routes do not overlap here"
pair_00710,car_2e84f0c3e245,motorcycle_5ab8604a14df,1167118134150,2891248132132,0.0,0.7777388203357225,44.14739990234375,12.210501670837402,44.1504020690918,12.205347061157227,529.6975930008628,2.074003132821929,0.0,"gps,gps",False,"nearest car position is 529.7 m away, above the 40 m threshold: routes do not overlap here"
pair_00711,car_2e84f0c3e245,motorcycle_5ab8604a14df,1167118134150,2892248132184,0.0,0.7792535339632561,44.14739990234375,12.210501670837402,44.15027618408203,12.205554962158203,507.9975132640594,1.4664992787261895,0.0,"gps,gps",False,"nearest car position is 508.0 m away, above the 40 m threshold: routes do not overlap here"
pair_00712,car_2e84f0c3e245,motorcycle_5ab8604a14df,1167118134150,2893248132289,0.0,0.7808510912246353,44.14739990234375,12.210501670837402,44.150142669677734,12.20577335357666,485.11353577642717,1.1948614671550786,0.0,"gps,gps",False,"nearest car position is 485.1 m away, above the 40 m threshold: routes do not overlap here"
pair_00713,car_2e84f0c3e245,motorcycle_5ab8604a14df,1167118134150,2894248132341,0.0,0.7824214458026655,44.14739990234375,12.210501670837402,44.1500129699707,12.205989837646484,462.6150164859171,1.7657565983543577,0.0,"gps,gps",False,"nearest car position is 462.6 m away, above the 40 m threshold: routes do not overlap here"
pair_00714,car_2e84f0c3e245,motorcycle_5ab8604a14df,1167118134150,2895248132445,0.0,0.7839877300683037,44.14739990234375,12.210501670837402,44.14988327026367,12.206205368041992,440.17602352559345,1.641317848951303,0.0,"gps,gps",False,"nearest car position is 440.2 m away, above the 40 m threshold: routes do not overlap here"
pair_00715,car_2e84f0c3e245,motorcycle_5ab8604a14df,1167118134150,2896248132549,0.0,0.7855852934915656,44.14739990234375,12.210501670837402,44.149749755859375,12.20642375946045,417.2938318771482,1.195049757704794,0.0,"gps,gps",False,"nearest car position is 417.3 m away, above the 40 m threshold: routes do not overlap here"
pair_00716,car_2e84f0c3e245,motorcycle_5ab8604a14df,1167118134150,2897248132601,0.0,0.7871720169082672,44.14739990234375,12.210501670837402,44.149620056152344,12.206644058227539,394.55912313721507,2.2575386414660557,0.0,"gps,gps",False,"nearest car position is 394.6 m away, above the 40 m threshold: routes do not overlap here"
pair_00717,car_2e84f0c3e245,motorcycle_5ab8604a14df,1167118134150,2898248132653,0.0,0.7887817435311475,44.14739990234375,12.210501670837402,44.14948654174805,12.206865310668945,371.50009791543715,1.5629195919937615,0.0,"gps,gps",False,"nearest car position is 371.5 m away, above the 40 m threshold: routes do not overlap here"
pair_00718,car_2e84f0c3e245,motorcycle_5ab8604a14df,1167118134150,2899248132757,0.0,0.7903874119190828,44.14739990234375,12.210501670837402,44.14935302734375,12.207085609436035,348.50142323572567,1.4410212735460846,0.0,"gps,gps",False,"nearest car position is 348.5 m away, above the 40 m threshold: routes do not overlap here"
pair_00719,car_2e84f0c3e245,motorcycle_5ab8604a14df,1167118134150,2900248132810,0.0,0.791957778876032,44.14739990234375,12.210501670837402,44.14922332763672,12.20730209350586,326.0060730440323,1.7661337220312703,0.0,"gps,gps",False,"nearest car position is 326.0 m away, above the 40 m threshold: routes do not overlap here"
pair_00720,car_2e84f0c3e245,motorcycle_5ab8604a14df,1167118134150,2901248132861,0.0,0.7934290702331733,44.14739990234375,12.210501670837402,44.14910125732422,12.207504272460938,304.93308356018673,1.547888368767019,0.0,"gps,gps",False,"nearest car position is 304.9 m away, above the 40 m threshold: routes do not overlap here"
pair_00721,car_2e84f0c3e245,motorcycle_5ab8604a14df,1167118134150,2902248132966,0.0,0.7948569264923887,44.14739990234375,12.210501670837402,44.148983001708984,12.207700729370117,284.48251489253335,1.6336897411579798,0.0,"gps,gps",False,"nearest car position is 284.5 m away, above the 40 m threshold: routes do not overlap here"
pair_00722,car_2e84f0c3e245,motorcycle_5ab8604a14df,1167118134150,2903248133018,0.0,0.7962536093342056,44.14739990234375,12.210501670837402,44.148868560791016,12.207894325256348,264.4747269503321,2.1440955659384713,0.0,"gps,gps",False,"nearest car position is 264.5 m away, above the 40 m threshold: routes do not overlap here"
pair_00723,car_2e84f0c3e245,motorcycle_5ab8604a14df,1167118134150,2904248133070,0.0,0.7976151088658876,44.14739990234375,12.210501670837402,44.14875793457031,12.208084106445312,244.9688470595804,2.537276135004902,0.0,"gps,gps",False,"nearest car position is 245.0 m away, above the 40 m threshold: routes do not overlap here"
pair_00724,car_2e84f0c3e245,motorcycle_5ab8604a14df,1167118134150,2905248133174,0.0,0.7989807356282655,44.14739990234375,12.210501670837402,44.14864730834961,12.208274841308594,225.40347090148208,2.6778100982924684,0.0,"gps,gps",False,"nearest car position is 225.4 m away, above the 40 m threshold: routes do not overlap here"
pair_00725,car_2e84f0c3e245,motorcycle_5ab8604a14df,1167118134150,2906248133226,0.0,0.8003340116046846,44.14739990234375,12.210501670837402,44.148536682128906,12.208462715148926,206.01877216923924,2.253853119837572,0.0,"gps,gps",False,"nearest car position is 206.0 m away, above the 40 m threshold: routes do not overlap here"
pair_00726,car_2e84f0c3e245,motorcycle_5ab8604a14df,1167118134150,2907248133330,0.0,0.8016046057888182,44.14739990234375,12.210501670837402,44.148433685302734,12.208640098571777,187.81643207933635,2.64676406000558,0.0,"gps,gps",False,"nearest car position is 187.8 m away, above the 40 m threshold: routes do not overlap here"
pair_00727,car_2e84f0c3e245,motorcycle_5ab8604a14df,1167118134150,2908248133382,0.0,0.8027967445468309,44.14739990234375,12.210501670837402,44.148338317871094,12.208807945251465,170.73552493633122,3.2533288944151764,0.0,"gps,gps",False,"nearest car position is 170.7 m away, above the 40 m threshold: routes do not overlap here"
pair_00728,car_2e84f0c3e245,motorcycle_5ab8604a14df,1167118134150,2909248133487,0.0,0.8039952292820419,44.14739990234375,12.210501670837402,44.14823913574219,12.208972930908203,153.5776826759058,1.670881480827859,0.0,"gps,gps",False,"nearest car position is 153.6 m away, above the 40 m threshold: routes do not overlap here"
pair_00729,car_2e84f0c3e245,motorcycle_5ab8604a14df,1167118134150,2910248133539,0.0,0.8052928078876201,44.14739990234375,12.210501670837402,44.14813232421875,12.209152221679688,135.00157065530342,1.9257716159028178,0.0,"gps,gps",False,"nearest car position is 135.0 m away, above the 40 m threshold: routes do not overlap here"
pair_00730,car_2e84f0c3e245,motorcycle_5ab8604a14df,1167118134150,2911248133643,0.0,0.8067763403126124,44.14739990234375,12.210501670837402,44.14801025390625,12.209357261657715,113.76969502655886,1.9445507431473175,0.0,"gps,gps",False,"nearest car position is 113.8 m away, above the 40 m threshold: routes do not overlap here"
pair_00731,car_2e84f0c3e245,motorcycle_5ab8604a14df,1167118134150,2912248133695,0.0,0.8083237996620153,44.14739990234375,12.210501670837402,44.147884368896484,12.209572792053223,91.6229568458632,2.482121687411677,0.0,"gps,gps",False,"nearest car position is 91.6 m away, above the 40 m threshold: routes do not overlap here"
pair_00732,car_2e84f0c3e245,motorcycle_5ab8604a14df,1167118134150,2913248133799,0.0,0.8098507608720383,44.14739990234375,12.210501670837402,44.14775848388672,12.209783554077148,69.80515579954313,1.8532231736290328,0.0,"gps,gps",False,"nearest car position is 69.8 m away, above the 40 m threshold: routes do not overlap here"
pair_00733,car_2e84f0c3e245,motorcycle_5ab8604a14df,1167118134150,2914248133903,0.0,0.8113695764243578,44.14739990234375,12.210501670837402,44.14763259887695,12.209992408752441,48.171960897911084,1.5969589883653157,0.0,"gps,gps",False,"nearest car position is 48.2 m away, above the 40 m threshold: routes do not overlap here"
pair_00734,car_2e84f0c3e245,motorcycle_5ab8604a14df,1167118134150,2915248134007,0.0,0.8128802769948967,44.14739990234375,12.210501670837402,44.14750671386719,12.210199356079102,26.88657723926576,1.3379353505025051,0.3180883957529836,"gps,gps",True,
pair_00735,car_2e84f0c3e245,motorcycle_5ab8604a14df,1167118134150,2916248134059,0.0,0.8143679094288163,44.14739990234375,12.210501670837402,44.14738464355469,12.210405349731445,7.870340747121154,2.075446608860261,0.7661951522440694,"gps,gps",True,
pair_00736,car_2e84f0c3e245,motorcycle_5ab8604a14df,1168118134618,2917248134164,0.006288317897454781,0.8158285925762282,44.147315979003906,12.210633277893066,44.14726638793945,12.210609436035156,5.83318547246783,2.705559988301445,0.8028146041253,"gps,gps",True,
pair_00737,car_2e84f0c3e245,motorcycle_5ab8604a14df,1170118135452,2918248134268,0.0189470437618051,0.8172130406835805,44.147151947021484,12.210904121398926,44.147151947021484,12.210800170898438,8.294044337908817,0.7153852180903186,0.7800477959933423,"gps,gps",True,
pair_00738,car_2e84f0c3e245,motorcycle_5ab8604a14df,1171118135920,2919248134372,0.02551426907169059,0.8185188225766202,44.147064208984375,12.211041450500488,44.14704513549805,12.210981369018555,5.242019571986321,2.2776937928441043,0.8249672683266288,"gps,gps",True,
pair_00739,car_2e84f0c3e245,motorcycle_5ab8604a14df,1172118136337,2920248134424,0.03225933036511036,0.8197295778864973,44.14697265625,12.211180686950684,44.14694595336914,12.211149215698242,3.88866153344344,3.0291484286050263,0.8420131260134729,"gps,gps",True,
pair_00740,car_2e84f0c3e245,motorcycle_5ab8604a14df,1173118136754,2921248134528,0.039054777739837836,0.8208887289553302,44.146881103515625,12.211321830749512,44.1468505859375,12.211309432983398,3.5346451722326524,2.4357284433160657,0.8622895918332916,"gps,gps",True,
pair_00741,car_2e84f0c3e245,motorcycle_5ab8604a14df,1174118137222,2922248134632,0.046003188179045605,0.8219734005705831,44.14678955078125,12.211468696594238,44.14676284790039,12.211461067199707,3.030987698189065,2.100788845535135,0.8810785916152202,"gps,gps",True,
pair_00742,car_2e84f0c3e245,motorcycle_5ab8604a14df,1175118137639,2923248134736,0.05293384091714695,0.8230687904736478,44.14670181274414,12.21161937713623,44.146671295166016,12.211610794067383,3.461819327927582,1.3774920390229681,0.8854928206928312,"gps,gps",True,
pair_00743,car_2e84f0c3e245,motorcycle_5ab8604a14df,1176118138056,2924248134841,0.06019577217557601,0.8240876169679727,44.146610260009766,12.211777687072754,44.14659118652344,12.211755752563477,2.749745098839509,1.2650764225032276,0.9050761396358492,"gps,gps",True,
pair_00744,car_2e84f0c3e245,motorcycle_5ab8604a14df,1177118138524,2925248134945,0.06710002211145963,0.8250670854318849,44.146522521972656,12.21192741394043,44.14651870727539,12.211899757385254,2.247094106039365,4.189803013204369,0.8559464035313842,"gps,gps",True,
pair_00745,car_2e84f0c3e245,motorcycle_5ab8604a14df,1178118138941,2926248134997,0.07390786128986226,0.8260584625188508,44.14644241333008,12.212081909179688,44.14645767211914,12.212056159973145,2.6645487655570874,7.31288370480155,0.7817030514478669,"gps,gps",True,
pair_00746,car_2e84f0c3e245,motorcycle_5ab8604a14df,1179118139358,2927248135101,0.08085446194778512,0.8271100735973772,44.1463623046875,12.212241172790527,44.14640426635742,12.21222972869873,4.754439859522086,11.819769384858319,0.6496976742338347,"gps,gps",True,
pair_00747,car_2e84f0c3e245,motorcycle_5ab8604a14df,1179118139358,2928248135205,0.08085446194778512,0.8281741942742865,44.1463623046875,12.212241172790527,44.14636993408203,12.212414741516113,13.874915212152242,20.530086801504524,0.35515475392331625,"gps,gps",True,
pair_00748,car_2e84f0c3e245,motorcycle_5ab8604a14df,1182118140608,2929248135257,0.10048080147406668,0.8292929589466105,44.14618682861328,12.212733268737793,44.14634704589844,12.212613105773926,20.23147511481386,17.289700363417126,0.30432874885652944,"gps,gps",True,
pair_00749,car_2e84f0c3e245,motorcycle_5ab8604a14df,1182118140608,2930248135362,0.10048080147406668,0.8304337300877822,44.14618682861328,12.212733268737793,44.14632797241211,12.21281623840332,17.033589161376828,18.969625062117302,0.332124602837119,"gps,gps",True,
pair_00750,car_2e84f0c3e245,motorcycle_5ab8604a14df,1183118141077,2931248135414,0.10688699779684917,0.8315797673707922,44.14616775512695,12.212910652160645,44.14630889892578,12.213020324707031,17.969210560978578,1.1017203484269658,0.5372854198550467,"gps,gps",True,
pair_00751,car_2e84f0c3e245,motorcycle_5ab8604a14df,1184118141493,2932248135518,0.11398198492434403,0.832706514456739,44.14616012573242,12.213109016418457,44.14629364013672,12.213221549987793,17.35023682636756,2.964287951365691,0.5289438459647638,"gps,gps",True,car GPS accuracy 21 m is degraded here
pair_00752,car_2e84f0c3e245,motorcycle_5ab8604a14df,1186118142379,2933248135570,0.12811376776521016,0.8338543882373791,44.14613342285156,12.213502883911133,44.146278381347656,12.21342658996582,17.229882757822505,1.3893669749131163,0.5516773483260035,"gps,gps",True,car GPS accuracy 21 m is degraded here
pair_00753,car_2e84f0c3e245,motorcycle_5ab8604a14df,1187118142795,2934248135674,0.13558292691912005,0.8350162262594265,44.14612579345703,12.213711738586426,44.14625930786133,12.21363353729248,16.104078570633707,4.404868824553034,0.5389211472129437,"gps,gps",True,
pair_00754,car_2e84f0c3e245,motorcycle_5ab8604a14df,1188118143264,2935248135726,0.14291158016372138,0.8362044054570329,44.14611053466797,12.213915824890137,44.146240234375,12.213845252990723,15.48225991565493,1.2075954327629006,0.5964948849155584,"gps,gps",True,
pair_00755,car_2e84f0c3e245,motorcycle_5ab8604a14df,1189118143681,2936248135830,0.15010473612539327,0.837408393982222,44.146095275878906,12.214116096496582,44.14622116088867,12.214059829711914,14.700134419969896,1.000680359018645,0.6184315958497816,"gps,gps",True,
pair_00756,car_2e84f0c3e245,motorcycle_5ab8604a14df,1190118144149,2937248135882,0.1567711411731224,0.8386176532564593,44.14608383178711,12.214302062988281,44.146202087402344,12.214275360107422,13.320937222521502,2.128951137733509,0.6354218910737532,"gps,gps",True,
pair_00757,car_2e84f0c3e245,motorcycle_5ab8604a14df,1191118144566,2938248135987,0.16352413562535703,0.8398409626124158,44.14606857299805,12.214489936828613,44.14617156982422,12.21449089050293,11.452993135031635,4.704847417705821,0.6390588874398332,"gps,gps",True,
pair_00758,car_2e84f0c3e245,motorcycle_5ab8604a14df,1192118145035,2939248136091,0.17020944504592467,0.8410667905023952,44.146053314208984,12.214675903320312,44.14613342285156,12.214704513549805,9.195547142315188,7.451354251123121,0.6425919376895473,"gps,gps",True,
pair_00759,car_2e84f0c3e245,motorcycle_5ab8604a14df,1193118145504,2940248136195,0.17715029485818695,0.8422918034387199,44.14601516723633,12.214862823486328,44.14608383178711,12.214913368225098,8.634838286059798,2.433229794528472,0.7417297950748589,"gps,gps",True,
pair_00760,car_2e84f0c3e245,motorcycle_5ab8604a14df,1194118145920,2941248136247,0.18417226771779702,0.8435328097403237,44.14596939086914,12.215048789978027,44.14602279663086,12.215119361877441,8.183681830437042,3.5026267766904198,0.7334964609299556,"gps,gps",True,
pair_00761,car_2e84f0c3e245,motorcycle_5ab8604a14df,1195118146389,2942248136351,0.19122621354931965,0.8447854142626957,44.14591979980469,12.21523380279541,44.145957946777344,12.215325355529785,8.447216423485706,3.205524168003876,0.7326289170115727,"gps,gps",True,
pair_00762,car_2e84f0c3e245,motorcycle_5ab8604a14df,1197118147327,2943248136455,0.20489648521315493,0.846042884810956,44.145816802978516,12.215588569641113,44.14589309692383,12.215532302856445,9.598223485025338,0.7188313231978327,0.7479034410744643,"gps,gps",True,
pair_00763,car_2e84f0c3e245,motorcycle_5ab8604a14df,1198118147795,2944248136560,0.21178064805824612,0.8472906303972787,44.14575958251953,12.215764045715332,44.14582824707031,12.215737342834473,7.926869031394394,0.652402717297889,0.7902034976617127,"gps,gps",True,
pair_00764,car_2e84f0c3e245,motorcycle_5ab8604a14df,1199118148212,2945248136611,0.21852579396422647,0.8484996232101192,44.14570617675781,12.215937614440918,44.1457633972168,12.215934753417969,6.3667274208324915,1.3887078181717811,0.8148835986006364,"gps,gps",True,
pair_00765,car_2e84f0c3e245,motorcycle_5ab8604a14df,1200118148681,2946248136716,0.22527094502488218,0.8496625511047236,44.145652770996094,12.216111183166504,44.14570236206055,12.21612548828125,5.63117472633964,0.8249331025571109,0.8434695309169291,"gps,gps",True,
pair_00766,car_2e84f0c3e245,motorcycle_5ab8604a14df,1201118149149,2947248136820,0.23185991657720606,0.8507746649726187,44.145599365234375,12.216279983520508,44.14564514160156,12.21630859375,5.57857251428323,0.2601669763876089,0.8555605100807502,"gps,gps",True,
pair_00767,car_2e84f0c3e245,motorcycle_5ab8604a14df,1202118149618,2948248136924,0.23840614346078146,0.8518819129247657,44.14554977416992,12.216449737548828,44.14558792114258,12.216490745544434,5.3571264488459684,1.4906708957449268,0.8373823258079192,"gps,gps",True,
pair_00768,car_2e84f0c3e245,motorcycle_5ab8604a14df,1203118150087,2949248137028,0.24463822095505164,0.852957991724737,44.14550018310547,12.216609954833984,44.14553451538086,12.216669082641602,6.068934778329423,0.6805825961845926,0.8354472458418347,"gps,gps",True,
pair_00769,car_2e84f0c3e245,motorcycle_5ab8604a14df,1204118150556,2950248137132,0.2508390411301172,0.8540340713538432,44.145450592041016,12.216769218444824,44.14548110961914,12.21684741973877,7.102779828573219,0.8052412995391478,0.8077137263289667,"gps,gps",True,
pair_00770,car_2e84f0c3e245,motorcycle_5ab8604a14df,1205118151024,2951248137237,0.2572278657671259,0.8550842616897578,44.14540100097656,12.216934204101562,44.14543151855469,12.217022895812988,7.848310747626553,1.2314120009408498,0.7817966890893953,"gps,gps",True,
pair_00771,car_2e84f0c3e245,motorcycle_5ab8604a14df,1206118151493,2952248137341,0.26335558809839826,0.8560840533015253,44.145355224609375,12.217093467712402,44.145389556884766,12.217192649841309,8.786495272502522,2.820737293585978,0.7314236754938956,"gps,gps",True,
pair_00772,car_2e84f0c3e245,motorcycle_5ab8604a14df,1207118151962,2953248137445,0.26944726374632616,0.8570225290406668,44.14531326293945,12.217253684997559,44.14535903930664,12.217355728149414,9.602247171845377,5.434893350202174,0.6681612958667396,"gps,gps",True,
pair_00773,car_2e84f0c3e245,motorcycle_5ab8604a14df,1208118152431,2954248137549,0.2757334123490707,0.8579487988791853,44.145267486572266,12.21741771697998,44.14533233642578,12.217517852783203,10.762770274841646,8.324119595171851,0.5957228559824413,"gps,gps",True,
pair_00774,car_2e84f0c3e245,motorcycle_5ab8604a14df,1209118152899,2955248137601,0.28176263438444116,0.8588382674387834,44.14522933959961,12.217577934265137,44.14531707763672,12.217676162719727,12.514410140658049,10.705842541141294,0.523663970269935,"gps,gps",True,
pair_00775,car_2e84f0c3e245,motorcycle_5ab8604a14df,1210118153316,2956248137705,0.28771617849139747,0.8596698764542527,44.145198822021484,12.21773910522461,44.145301818847656,12.21782398223877,13.305296973337402,6.595824219941903,0.5695489263513329,"gps,gps",True,
pair_00776,car_2e84f0c3e245,motorcycle_5ab8604a14df,1211118153785,2957248137809,0.29371805013912444,0.8604344608534442,44.14517593383789,12.217904090881348,44.14529037475586,12.217960357666016,13.494027388780152,4.271831154821143,0.5997442932863601,"gps,gps",True,
pair_00777,car_2e84f0c3e245,motorcycle_5ab8604a14df,1212118154254,2958248137914,0.29921651841133357,0.8611220760669902,44.14515686035156,12.218055725097656,44.14528274536133,12.218083381652832,14.170672242284304,5.003077827353536,0.5739408956095177,"gps,gps",True,
pair_00778,car_2e84f0c3e245,motorcycle_5ab8604a14df,1213118154670,2959248137966,0.30424726151129095,0.8617122905747124,44.1451416015625,12.218194961547852,44.14527893066406,12.218189239501953,15.277144413582233,5.808224822114028,0.5382958877212375,"gps,gps",True,
pair_00779,car_2e84f0c3e245,motorcycle_5ab8604a14df,1213118154670,2960248138070,0.30424726151129095,0.8622805200349114,44.1451416015625,12.218194961547852,44.14527893066406,12.218291282653809,17.09533616959902,8.68315161064561,0.46212511318766764,"gps,gps",True,
pair_00780,car_2e84f0c3e245,motorcycle_5ab8604a14df,1214118155139,2961248138122,0.309008809167254,0.8628254227376513,44.14512634277344,12.218326568603516,44.14527130126953,12.218388557434082,16.860486578475424,2.9404921997947895,0.5406869695808701,"gps,gps",True,
pair_00781,car_2e84f0c3e245,motorcycle_5ab8604a14df,1215118155608,2962248138226,0.3133045209141753,0.8633281383903104,44.14511489868164,12.218445777893066,44.14525604248047,12.218476295471191,15.882272396753729,6.003647588198191,0.5225018916600177,"gps,gps",True,car GPS accuracy 22 m is degraded here
pair_00782,car_2e84f0c3e245,motorcycle_5ab8604a14df,1216118156076,2963248138278,0.3169261314867071,0.8637725676276565,44.145103454589844,12.218545913696289,44.14524459838867,12.218554496765137,15.709431194919292,2.4774950513368026,0.573831017899938,"gps,gps",True,car GPS accuracy 22 m is degraded here
pair_00783,car_2e84f0c3e245,motorcycle_5ab8604a14df,1217118156545,2964248138382,0.319963610644839,0.8641962043999523,44.14509963989258,12.21863079071045,44.145233154296875,12.218628883361816,14.846924932924418,8.516943562586846,0.5098116984703378,"gps,gps",True,car GPS accuracy 22 m is degraded here
pair_00784,car_2e84f0c3e245,motorcycle_5ab8604a14df,1217118156545,2965248138434,0.319963610644839,0.8645474913251621,44.14509963989258,12.21863079071045,44.14522171020508,12.218689918518066,14.37015766141241,11.05985672128395,0.48326695621253646,"gps,gps",True,car GPS accuracy 22 m is degraded here
pair_00785,car_2e84f0c3e245,motorcycle_5ab8604a14df,1220118157951,2966248138539,0.32523210960120696,0.8649169334769444,44.14509963989258,12.218777656555176,44.145198822021484,12.218748092651367,11.278023913446715,39.995017349433965,0.07986277333509542,"gps,gps",True,car GPS accuracy 37 m is degraded here
pair_00786,car_2e84f0c3e245,motorcycle_5ab8604a14df,1221118158420,2967248138643,0.32613785308683396,0.8654131884968083,44.145103454589844,12.218802452087402,44.14516067504883,12.218819618225098,6.508394483223351,48.72206833589718,0.0,"gps,gps",False,heading differs by 49deg: the two vehicles are not travelling in a comparable direction at this point | car GPS accuracy 37 m is degraded here
pair_00787,car_2e84f0c3e245,motorcycle_5ab8604a14df,1229118162170,2968248138695,0.33166393797893395,0.8660785725710862,44.145076751708984,12.218904495239258,44.14509963989258,12.218903541564941,2.54619074029971,134.61558677158814,0.0,"gps,gps",False,heading differs by 135deg: the two vehicles are not travelling in a comparable direction at this point | car GPS accuracy 34 m is degraded here
pair_00788,car_2e84f0c3e245,motorcycle_5ab8604a14df,1233118164045,2969248138799,0.33463364365201587,0.8666740792642164,44.14503479003906,12.218939781188965,44.14505386352539,12.218989372253418,4.489481279815599,3.994679837019362,0.8089556607081549,"gps,gps",True,car GPS accuracy 27 m is degraded here
pair_00789,car_2e84f0c3e245,motorcycle_5ab8604a14df,1235118164931,2970248138851,0.3383614338495232,0.8672390912435508,44.14498519897461,12.219017028808594,44.1450309753418,12.219085693359375,7.478422758305433,17.11402575631297,0.5038310362922073,"gps,gps",True,car GPS accuracy 25 m is degraded here
pair_00790,car_2e84f0c3e245,motorcycle_5ab8604a14df,1238118166337,2971248138955,0.3459849865788282,0.8679619362459572,44.144927978515625,12.219206809997559,44.14503479003906,12.219215393066406,11.896644798543564,6.654970399346553,0.5986799928208473,"gps,gps",True,car GPS accuracy 24 m is degraded here
pair_00791,car_2e84f0c3e245,motorcycle_5ab8604a14df,1241118167639,2972248139007,0.35549596138732314,0.8688210616051272,44.144935607910156,12.219472885131836,44.14506149291992,12.219365119934082,16.427913121702282,11.668942405379482,0.43649032520329983,"gps,gps",True,car GPS accuracy 23 m is degraded here
pair_00792,car_2e84f0c3e245,motorcycle_5ab8604a14df,1241118167639,2973248139112,0.35549596138732314,0.8696904979410762,44.144935607910156,12.219472885131836,44.14508819580078,12.21951675415039,17.324330329235835,11.500126519469177,0.4220178139205053,"gps,gps",True,car GPS accuracy 23 m is degraded here
pair_00793,car_2e84f0c3e245,motorcycle_5ab8604a14df,1242118168056,2974248139216,0.36139748265347404,0.8705422497301403,44.14491653442383,12.219635963439941,44.14509582519531,12.219669342041016,20.113364140788807,13.243141207245799,0.35085393713549556,"gps,gps",True,car GPS accuracy 32 m is degraded here
pair_00794,car_2e84f0c3e245,motorcycle_5ab8604a14df,1242118168056,2975248139268,0.36139748265347404,0.8713675149456486,44.14491653442383,12.219635963439941,44.14508819580078,12.219817161560059,23.94541132824617,5.143280506148017,0.35549068737737005,"gps,gps",True,car GPS accuracy 32 m is degraded here
pair_00795,car_2e84f0c3e245,motorcycle_5ab8604a14df,1244118168941,2976248139372,0.3725330316181016,0.8721672954801154,44.14487075805664,12.219941139221191,44.14506912231445,12.219958305358887,22.099616923849958,1.1417020042723607,0.43615574177303795,"gps,gps",True,car GPS accuracy 35 m is degraded here
pair_00796,car_2e84f0c3e245,motorcycle_5ab8604a14df,1244118168941,2977248139424,0.3725330316181016,0.872957548062891,44.14487075805664,12.219941139221191,44.14504623413086,12.220096588134766,23.12071505238838,1.1819199104703557,0.4108988109380212,"gps,gps",True,car GPS accuracy 35 m is degraded here
pair_00797,car_2e84f0c3e245,motorcycle_5ab8604a14df,1245118169358,2978248139528,0.3800078000763835,0.8737313843715587,44.14482498168945,12.22014045715332,44.1450309753418,12.220233917236328,24.08884685941309,8.945605475152433,0.31870388481999334,"gps,gps",True,car GPS accuracy 34 m is degraded here
pair_00798,car_2e84f0c3e245,motorcycle_5ab8604a14df,1246118169826,2979248139632,0.3871538976600021,0.8745994426665075,44.14479446411133,12.220335960388184,44.1450080871582,12.220386505126953,24.09377347203213,0.4656218923440747,0.39354105914586013,"gps,gps",True,car GPS accuracy 33 m is degraded here
pair_00799,car_2e84f0c3e245,motorcycle_5ab8604a14df,1247118170243,2980248139685,0.39383479157945817,0.8755050262625432,44.1447639465332,12.220518112182617,44.144981384277344,12.220544815063477,24.271707080786378,0.08599743993710263,0.39245588246609986,"gps,gps",True,car GPS accuracy 32 m is degraded here
pair_00800,car_2e84f0c3e245,motorcycle_5ab8604a14df,1248118170660,2981248139789,0.3996027810718019,0.8763744640822811,44.14474105834961,12.22067642211914,44.144954681396484,12.220696449279785,23.807522403858457,2.3969835067065333,0.38324910560872394,"gps,gps",True,car GPS accuracy 30 m is degraded here
pair_00801,car_2e84f0c3e245,motorcycle_5ab8604a14df,1248118170660,2982248139841,0.3996027810718019,0.8771924247220079,44.14474105834961,12.22067642211914,44.144927978515625,12.22083854675293,24.481509273049692,3.2836085861334823,0.35965301850995385,"gps,gps",True,car GPS accuracy 30 m is degraded here
pair_00802,car_2e84f0c3e245,motorcycle_5ab8604a14df,1250118171545,2983248139945,0.4108075940140193,0.8779847275251537,44.144683837890625,12.220979690551758,44.144901275634766,12.220975875854492,24.17992327859241,2.2588257259064903,0.3756492534328954,"gps,gps",True,car GPS accuracy 27 m is degraded here
pair_00803,car_2e84f0c3e245,motorcycle_5ab8604a14df,1251118172014,2984248140049,0.41567741011111514,0.8788146233232628,44.14466094970703,12.221112251281738,44.144866943359375,12.22111701965332,22.90864047024465,5.196375186263197,0.3779433679328151,"gps,gps",True,car GPS accuracy 25 m is degraded here
pair_00804,car_2e84f0c3e245,motorcycle_5ab8604a14df,1252118172431,2985248140101,0.4202354948935874,0.8796394918235377,44.14463424682617,12.221234321594238,44.144832611083984,12.221257209777832,22.13260686473168,1.8904224876267222,0.42791987183827546,"gps,gps",True,car GPS accuracy 24 m is degraded here
pair_00805,car_2e84f0c3e245,motorcycle_5ab8604a14df,1253118172847,2986248140153,0.42466632552948375,0.8804923422618205,44.144622802734375,12.221357345581055,44.1447868347168,12.221396446228027,18.50445856198919,17.229053669413588,0.33163973756771914,"gps,gps",True,car GPS accuracy 23 m is degraded here
pair_00806,car_2e84f0c3e245,motorcycle_5ab8604a14df,1254118173264,2987248140257,0.42875959263487595,0.881321127049076,44.14461135864258,12.221470832824707,44.14474105834961,12.22153091430664,15.197884644905333,17.3806925809846,0.3805651381301344,"gps,gps",True,car GPS accuracy 22 m is degraded here
pair_00807,car_2e84f0c3e245,motorcycle_5ab8604a14df,1255118173733,2988248140309,0.43274973135766165,0.8821164855897172,44.144596099853516,12.221580505371094,44.14469528198242,12.221658706665039,12.671409151903301,15.555049494628463,0.44704944716875383,"gps,gps",True,car GPS accuracy 21 m is degraded here
pair_00808,car_2e84f0c3e245,motorcycle_5ab8604a14df,1256118174149,2989248140362,0.43662920481846296,0.8829080907354062,44.144569396972656,12.22168254852295,44.1446418762207,12.221779823303223,11.189164832863971,11.534683968875925,0.5356465022160171,"gps,gps",True,
pair_00809,car_2e84f0c3e245,motorcycle_5ab8604a14df,1258118175035,2990248140414,0.44464406341350393,0.8836979326651987,44.144493103027344,12.221879959106445,44.14458465576172,12.22189712524414,10.271946304431482,3.6844512381578625,0.6823504733632902,"gps,gps",True,
pair_00810,car_2e84f0c3e245,motorcycle_5ab8604a14df,1259118175451,2991248140466,0.4486979042856827,0.8845134114589409,44.14445114135742,12.221977233886719,44.14452362060547,12.222016334533691,8.642151813015795,4.496084141571828,0.7056198024816515,"gps,gps",True,
pair_00811,car_2e84f0c3e245,motorcycle_5ab8604a14df,1260118175920,2992248140518,0.45298765808143976,0.8853634580719372,44.14440155029297,12.222075462341309,44.14445877075195,12.222139358520508,8.15333557088098,1.172538885139545,0.7754213593917908,"gps,gps",True,
pair_00812,car_2e84f0c3e245,motorcycle_5ab8604a14df,1261118176337,2993248140570,0.4572496006112991,0.8862263967028557,44.144351959228516,12.222172737121582,44.14439392089844,12.222265243530273,8.732370688697381,0.28277390236922884,0.7767786941391258,"gps,gps",True,
pair_00813,car_2e84f0c3e245,motorcycle_5ab8604a14df,1263118177222,2994248140622,0.4663348775201627,0.8870942979788012,44.14424133300781,12.22237491607666,44.144325256347656,12.22238826751709,9.392476305620821,2.274793894517245,0.726507087900443,"gps,gps",True,
pair_00814,car_2e84f0c3e245,motorcycle_5ab8604a14df,1264118177639,2995248140726,0.4711822229333073,0.887889757607835,44.144187927246094,12.222488403320312,44.14426040649414,12.222498893737793,8.102688128712023,5.9893363316710975,0.6912973918525611,"gps,gps",True,
pair_00815,car_2e84f0c3e245,motorcycle_5ab8604a14df,1265118178108,2996248140778,0.47602957141292523,0.8886235347498423,44.144134521484375,12.222601890563965,44.144203186035156,12.222603797912598,7.636676907831476,3.9827745609224507,0.7374742884606559,"gps,gps",True,
pair_00816,car_2e84f0c3e245,motorcycle_5ab8604a14df,1266118178524,2997248140830,0.48087274234624655,0.8893157797468401,44.14407730102539,12.222711563110352,44.14414596557617,12.222699165344238,7.6989794891312195,3.880287687096086,0.737893706011185,"gps,gps",True,
pair_00817,car_2e84f0c3e245,motorcycle_5ab8604a14df,1266118178524,2998248140882,0.48087274234624655,0.8899419004911323,44.14407730102539,12.222711563110352,44.14409637451172,12.222787857055664,6.446554815936656,1.905594457251084,0.8033143189546785,"gps,gps",True,
pair_00818,car_2e84f0c3e245,motorcycle_5ab8604a14df,1267118178941,2999248140934,0.4860012922564634,0.8905374137037204,44.144012451171875,12.222823143005371,44.14405059814453,12.22287368774414,5.853064477331169,2.3841920248911492,0.8084440262069322,"gps,gps",True,
pair_00819,car_2e84f0c3e245,motorcycle_5ab8604a14df,1268118179410,3000248140987,0.4911563601367688,0.891190324954762,44.14394760131836,12.222935676574707,44.14399719238281,12.2229642868042,5.968155948488126,0.6351515832528776,0.8387875570487231,"gps,gps",True,
pair_00820,car_2e84f0c3e245,motorcycle_5ab8604a14df,1269118179826,3001248141039,0.49633803431434015,0.8918597868923549,44.143882751464844,12.22304916381836,44.143943786621094,12.223058700561523,6.829336920949793,0.28310054047500444,0.8240495588398143,"gps,gps",True,
pair_00821,car_2e84f0c3e245,motorcycle_5ab8604a14df,1270118180243,3002248141143,0.5016661585332451,0.8925545534927493,44.14381408691406,12.223163604736328,44.143890380859375,12.223158836364746,8.492039315582597,3.279252898928803,0.7302975885472626,"gps,gps",True,
pair_00822,car_2e84f0c3e245,motorcycle_5ab8604a14df,1270118180243,3003248141195,0.5016661585332451,0.8932968172344615,44.14381408691406,12.223163604736328,44.14383316040039,12.223265647888184,8.414005190487774,3.157014856207468,0.7342512842035156,"gps,gps",True,
pair_00823,car_2e84f0c3e245,motorcycle_5ab8604a14df,1271118180660,3004248141247,0.5070364206294021,0.8941172054498479,44.14374923706055,12.223283767700195,44.143768310546875,12.223381996154785,8.119818779118795,0.8917722110654722,0.7812101640239673,"gps,gps",True,
pair_00824,car_2e84f0c3e245,motorcycle_5ab8604a14df,1272118181076,3005248141299,0.512211679667681,0.8949715449340776,44.1436882019043,12.223401069641113,44.14370346069336,12.223505973815918,8.540854026060535,0.14374255370159972,0.7839664171376169,"gps,gps",True,
pair_00825,car_2e84f0c3e245,motorcycle_5ab8604a14df,1273118181493,3006248141403,0.5175137271836605,0.8958045740393832,44.143619537353516,12.223514556884766,44.143638610839844,12.223625183105469,9.078428721273118,2.9706678801618978,0.722007216078255,"gps,gps",True,
pair_00826,car_2e84f0c3e245,motorcycle_5ab8604a14df,1275118182326,3007248141455,0.5275950370134906,0.8966166017779855,44.143497467041016,12.223739624023438,44.14357376098633,12.223739624023438,8.483511370420958,2.9766119643376214,0.7357942395568562,"gps,gps",True,
pair_00827,car_2e84f0c3e245,motorcycle_5ab8604a14df,1276118182743,3008248141507,0.532579239442208,0.8973894743228018,44.143436431884766,12.22385025024414,44.14351272583008,12.223849296569824,8.48385265718138,0.24000628472333574,0.783701420552386,"gps,gps",True,
pair_00828,car_2e84f0c3e245,motorcycle_5ab8604a14df,1277118183160,3009248141560,0.5374500399357673,0.8981274923170758,44.14337921142578,12.223960876464844,44.143455505371094,12.223955154418945,8.495789080329638,1.2055334939304885,0.7665056166231407,"gps,gps",True,
pair_00829,car_2e84f0c3e245,motorcycle_5ab8604a14df,1278118183576,3010248141611,0.5420998813303404,0.8988655107677307,44.14332580566406,12.224067687988281,44.14339828491211,12.224061012268066,8.076920251181939,2.121836381495598,0.7604461314868807,"gps,gps",True,
pair_00830,car_2e84f0c3e245,motorcycle_5ab8604a14df,1279118183993,3011248141716,0.5464455854688907,0.8995861067237547,44.14327621459961,12.224167823791504,44.14334487915039,12.224166870117188,7.6355394407134645,0.49817767927487466,0.8001541518419365,"gps,gps",True,
pair_00831,car_2e84f0c3e245,motorcycle_5ab8604a14df,1280118184410,3012248141768,0.5505154320342567,0.9003241260567154,44.14323043823242,12.224262237548828,44.143287658691406,12.224272727966309,6.4174597520105765,2.9442968904137388,0.7846318568528746,"gps,gps",True,
pair_00832,car_2e84f0c3e245,motorcycle_5ab8604a14df,1281118184826,3013248141820,0.5543351153933821,0.9010494833660966,44.143184661865234,12.224348068237305,44.14323043823242,12.22437572479248,5.547904206639005,1.126135980997617,0.8397480922264247,"gps,gps",True,car GPS accuracy 21 m is degraded here
pair_00833,car_2e84f0c3e245,motorcycle_5ab8604a14df,1282118185243,3014248141872,0.5574637713635648,0.9016906457974263,44.14314651489258,12.224417686462402,44.1431884765625,12.224474906921387,6.528229734555503,6.842210382350174,0.7095604266217433,"gps,gps",True,car GPS accuracy 28 m is degraded here
pair_00834,car_2e84f0c3e245,motorcycle_5ab8604a14df,1283118185712,3015248141976,0.5598525185254591,0.9022506348264558,44.14311218261719,12.224464416503906,44.143165588378906,12.224570274353027,10.32539399988661,27.181905438553827,0.29374718654648796,"gps,gps",True,car GPS accuracy 31 m is degraded here
pair_00835,car_2e84f0c3e245,motorcycle_5ab8604a14df,1284118186076,3016248142028,0.5617221391364006,0.9027551556792826,44.14308166503906,12.224494934082031,44.143165588378906,12.224660873413086,16.198953260504414,54.33669924934492,0.0,"gps,gps",False,heading differs by 54deg: the two vehicles are not travelling in a comparable direction at this point | car GPS accuracy 31 m is degraded here
pair_00836,car_2e84f0c3e245,motorcycle_5ab8604a14df,1299118192431,3017248142080,0.5793415136551976,0.9033050819694213,44.14299774169922,12.224834442138672,44.1431884765625,12.224754333496094,22.151122963103436,6.2041184616555825,0.38470162173106387,"gps,gps",True,car GPS accuracy 32 m is degraded here
pair_00837,car_2e84f0c3e245,motorcycle_5ab8604a14df,1299118192431,3018248142132,0.5793415136551976,0.9038720528089217,44.14299774169922,12.224834442138672,44.143218994140625,12.224846839904785,24.62206436748952,12.050006923468175,0.28150159590142904,"gps,gps",True,car GPS accuracy 32 m is degraded here
pair_00838,car_2e84f0c3e245,motorcycle_5ab8604a14df,1302118193628,3019248142184,0.5879999990248586,0.9045029935859267,44.143035888671875,12.22507095336914,44.14324188232422,12.224955558776855,24.686923387801478,3.6829075859819795,0.3514954452939691,"gps,gps",True,car GPS accuracy 33 m is degraded here
pair_00839,car_2e84f0c3e245,motorcycle_5ab8604a14df,1302118193628,3020248142237,0.5879999990248586,0.9052046358631651,44.143035888671875,12.22507095336914,44.143245697021484,12.225081443786621,23.344668528086427,10.249400732659751,0.3215459720251049,"gps,gps",True,car GPS accuracy 33 m is degraded here
pair_00840,car_2e84f0c3e245,motorcycle_5ab8604a14df,1303118193993,3021248142237,0.5916157111963258,0.9059221964389161,44.14303207397461,12.22517204284668,44.14324951171875,12.225210189819336,24.36885975109473,5.374580477606401,0.3441058277645796,"gps,gps",True,car GPS accuracy 33 m is degraded here
pair_00841,car_2e84f0c3e245,motorcycle_5ab8604a14df,1303118193993,3022248142289,0.5916157111963258,0.9065760876936303,44.14303207397461,12.22517204284668,44.143245697021484,12.225327491760254,26.79739465140844,0.41542328667060247,0.32701809498894086,"gps,gps",True,car GPS accuracy 33 m is degraded here
pair_00842,car_2e84f0c3e245,motorcycle_5ab8604a14df,1305118194826,3023248142341,0.5998973673846895,0.9072451804559966,44.143001556396484,12.2253999710083,44.14323043823242,12.225445747375488,25.71131474639088,0.37528060123253226,0.3542380944553409,"gps,gps",True,car GPS accuracy 32 m is degraded here
pair_00843,car_2e84f0c3e245,motorcycle_5ab8604a14df,1306118195191,3024248142393,0.6044595517444858,0.9079508924574529,44.142982482910156,12.22552490234375,44.14321517944336,12.225570678710938,26.131257684768965,2.351406187587372,0.32860130982850416,"gps,gps",True,car GPS accuracy 31 m is degraded here
pair_00844,car_2e84f0c3e245,motorcycle_5ab8604a14df,1307118195608,3025248142445,0.6096926052653721,0.9087141954421961,44.142967224121094,12.225669860839844,44.14319610595703,12.22570514678955,25.605806188878,2.836156180397893,0.3371747443117951,"gps,gps",True,car GPS accuracy 30 m is degraded here
pair_00845,car_2e84f0c3e245,motorcycle_5ab8604a14df,1308118196024,3026248142497,0.6152605548679942,0.9095511146401769,44.1429443359375,12.225822448730469,44.14317321777344,12.225852012634277,25.55962955274844,0.4463923588118064,0.3574281106112529,"gps,gps",True,car GPS accuracy 29 m is degraded here
pair_00846,car_2e84f0c3e245,motorcycle_5ab8604a14df,1309118196441,3027248142549,0.6209270607936295,0.9104400033066904,44.14292526245117,12.22597885131836,44.143150329589844,12.226008415222168,25.13729504639574,1.8815303425193974,0.3560317180944845,"gps,gps",True,car GPS accuracy 27 m is degraded here
pair_00847,car_2e84f0c3e245,motorcycle_5ab8604a14df,1310118196805,3028248142601,0.6268287778327624,0.9113497167910655,44.142906188964844,12.226141929626465,44.14312744140625,12.226168632507324,24.694278995105364,2.002026239930217,0.36561943897078253,"gps,gps",True,car GPS accuracy 26 m is degraded here
pair_00848,car_2e84f0c3e245,motorcycle_5ab8604a14df,1311118197222,3029248142653,0.6328718711098386,0.9122398256319055,44.14289093017578,12.226309776306152,44.14310073852539,12.226324081420898,23.357564052762324,6.242104999475941,0.35834765833110277,"gps,gps",True,car GPS accuracy 26 m is degraded here
pair_00849,car_2e84f0c3e245,motorcycle_5ab8604a14df,1312118197639,3030248142757,0.6389381482698308,0.9130572095150012,44.142887115478516,12.226479530334473,44.143089294433594,12.226469993591309,22.494180661192274,4.443831685441353,0.3944271975494122,"gps,gps",True,car GPS accuracy 24 m is degraded here
pair_00850,car_2e84f0c3e245,motorcycle_5ab8604a14df,1313118198003,3031248142809,0.6445714422480449,0.9138278374656535,44.142879486083984,12.22663688659668,44.14308547973633,12.226608276367188,23.018966006712127,1.66380616572809,0.40882965591082426,"gps,gps",True,car GPS accuracy 23 m is degraded here
pair_00851,car_2e84f0c3e245,motorcycle_5ab8604a14df,1314118198420,3032248142862,0.6496504566916403,0.9145666254318197,44.14287567138672,12.226778984069824,44.143089294433594,12.226740837097168,23.94806589521245,4.438853307088721,0.3617138077384629,"gps,gps",True,car GPS accuracy 22 m is degraded here
pair_00852,car_2e84f0c3e245,motorcycle_5ab8604a14df,1315118198837,3033248142914,0.6543890914882171,0.9152679793131459,44.14287185668945,12.226911544799805,44.14310073852539,12.226865768432617,25.71131588643467,9.570957309336563,0.2812413330293948,"gps,gps",True,car GPS accuracy 22 m is degraded here
pair_00853,car_2e84f0c3e245,motorcycle_5ab8604a14df,1315118198837,3034248143018,0.6543890914882171,0.9158860779167588,44.14287185668945,12.226911544799805,44.14311981201172,12.226973533630371,28.01158718276598,16.151439149356634,0.19213803147811587,"gps,gps",True,car GPS accuracy 22 m is degraded here
pair_00854,car_2e84f0c3e245,motorcycle_5ab8604a14df,1316118199201,3035248143070,0.6586852930778234,0.9163424975844264,44.14286804199219,12.227031707763672,44.14313507080078,12.227052688598633,29.739449134347435,17.56953940212952,0.15636202012929365,"gps,gps",True,car GPS accuracy 24 m is degraded here
pair_00855,car_2e84f0c3e245,motorcycle_5ab8604a14df,1316118199201,3036248143122,0.6586852930778234,0.9165990283411403,44.14286804199219,12.227031707763672,44.14314270019531,12.227097511291504,30.988721888435066,15.87678157793846,0.1457985670583599,"gps,gps",True,car GPS accuracy 24 m is degraded here
pair_00856,car_2e84f0c3e245,motorcycle_5ab8604a14df,1317118199618,3037248143226,0.6624030689464243,0.9167820042798419,44.14286422729492,12.22713565826416,44.14314651489258,12.227129936218262,31.392312642367063,12.237957443812093,0.15666967751173938,"gps,gps",True,car GPS accuracy 24 m is degraded here
pair_00857,car_2e84f0c3e245,motorcycle_5ab8604a14df,1318118199982,3038248143278,0.6654406626762606,0.9170122771352945,44.14286804199219,12.22722053527832,44.143150329589844,12.227170944213867,31.637433873817038,3.8023195475439593,0.19139907057167715,"gps,gps",True,car GPS accuracy 33 m is degraded here
pair_00858,car_2e84f0c3e245,motorcycle_5ab8604a14df,1320118200764,3039248143382,0.6707379397614158,0.9173217197064761,44.142887115478516,12.227360725402832,44.14314651489258,12.227226257324219,30.774993406081467,33.45190249936036,0.05918404199478602,"gps,gps",True,car GPS accuracy 32 m is degraded here
pair_00859,car_2e84f0c3e245,motorcycle_5ab8604a14df,1320118200764,3040248143435,0.6707379397614158,0.917650986053649,44.142887115478516,12.227360725402832,44.14314651489258,12.227285385131836,29.463763262762303,27.962319946184834,0.09972946138906072,"gps,gps",True,car GPS accuracy 32 m is degraded here
pair_00860,car_2e84f0c3e245,motorcycle_5ab8604a14df,1322118201545,3041248143486,0.676022042110226,0.9180538907474851,44.14292526245117,12.227493286132812,44.143157958984375,12.22735595703125,28.099449791485846,25.30341550141543,0.13022232931202624,"gps,gps",True,car GPS accuracy 31 m is degraded here
pair_00861,car_2e84f0c3e245,motorcycle_5ab8604a14df,1322118201545,3042248143591,0.676022042110226,0.9185419519227973,44.14292526245117,12.227493286132812,44.143192291259766,12.227429389953613,30.12684943053404,4.952032357267626,0.2196664525209986,"gps,gps",True,car GPS accuracy 31 m is degraded here
pair_00862,car_2e84f0c3e245,motorcycle_5ab8604a14df,1325118202691,3043248143695,0.6855200043312296,0.9191779803352134,44.142982482910156,12.227746963500977,44.14323043823242,12.227530479431152,32.53578568163294,10.288628609801435,0.14394061963382052,"gps,gps",True,car GPS accuracy 43 m is degraded here
pair_00863,car_2e84f0c3e245,motorcycle_5ab8604a14df,1326118203056,3044248143747,0.6895631680570576,0.9198951481496591,44.14301300048828,12.227851867675781,44.14326858520508,12.22764778137207,32.75482423977397,2.3120301138597483,0.17182324704017904,"gps,gps",True,car GPS accuracy 43 m is degraded here
pair_00864,car_2e84f0c3e245,motorcycle_5ab8604a14df,1327118203472,3045248143851,0.6937334095501789,0.9206153893179433,44.14305114746094,12.22795581817627,44.14330291748047,12.227767944335938,31.756698297111367,5.374477103398021,0.18146952242856199,"gps,gps",True,car GPS accuracy 46 m is degraded here
pair_00865,car_2e84f0c3e245,motorcycle_5ab8604a14df,1328118203837,3046248143903,0.6982898572116707,0.9213568233914423,44.14308547973633,12.228074073791504,44.143341064453125,12.227890014648438,31.99037347436856,1.505224304313117,0.19354272729920188,"gps,gps",True,car GPS accuracy 45 m is degraded here
pair_00866,car_2e84f0c3e245,motorcycle_5ab8604a14df,1329118204201,3047248144007,0.7031491385756496,0.9221371309483607,44.143131256103516,12.228194236755371,44.14337158203125,12.228023529052734,29.994405758809965,10.294572048609837,0.1929157944713695,"gps,gps",True,car GPS accuracy 43 m is degraded here
pair_00867,car_2e84f0c3e245,motorcycle_5ab8604a14df,1330118204566,3048248144059,0.7076562092508797,0.9230023353224431,44.14316940307617,12.22830867767334,44.14340591430664,12.228171348571777,28.490504416929426,6.980641660389324,0.24310202048940355,"gps,gps",True,car GPS accuracy 42 m is degraded here
pair_00868,car_2e84f0c3e245,motorcycle_5ab8604a14df,1331118204931,3049248144164,0.712051762652842,0.9239441690115048,44.14319610595703,12.228425979614258,44.1434326171875,12.228336334228516,27.254331628533027,4.890374076332364,0.284013328070368,"gps,gps",True,car GPS accuracy 41 m is degraded here
pair_00869,car_2e84f0c3e245,motorcycle_5ab8604a14df,1332118205295,3050248144216,0.7162852836540133,0.9248705228612835,44.14322280883789,12.228538513183594,44.14344787597656,12.228501319885254,25.201713710931323,10.953492605215104,0.2799055353171782,"gps,gps",True,car GPS accuracy 39 m is degraded here
pair_00870,car_2e84f0c3e245,motorcycle_5ab8604a14df,1333118205660,3051248144268,0.720677488032663,0.925775284487965,44.14323806762695,12.228659629821777,44.143455505371094,12.228663444519043,24.179923372432665,6.20554909615737,0.3409617700128829,"gps,gps",True,car GPS accuracy 37 m is degraded here
pair_00871,car_2e84f0c3e245,motorcycle_5ab8604a14df,1334118206024,3052248144320,0.7257224320056083,0.9266727961238052,44.14324188232422,12.228800773620605,44.143455505371094,12.228824615478516,23.829892001628235,2.156906432144069,0.3848763610980984,"gps,gps",True,car GPS accuracy 35 m is degraded here
pair_00872,car_2e84f0c3e245,motorcycle_5ab8604a14df,1335118206389,3053248144424,0.7312099102026837,0.9276064056430486,44.143245697021484,12.228954315185547,44.1434440612793,12.228991508483887,22.25589166406925,7.441323176841195,0.37024735028018957,"gps,gps",True,car GPS accuracy 33 m is degraded here
pair_00873,car_2e84f0c3e245,motorcycle_5ab8604a14df,1336118206753,3054248144476,0.7359112191621596,0.9285947247732907,44.14323425292969,12.229084968566895,44.14342498779297,12.229166984558105,22.19551263847165,1.6540142775649542,0.4287516972044906,"gps,gps",True,car GPS accuracy 31 m is degraded here
pair_00874,car_2e84f0c3e245,motorcycle_5ab8604a14df,1338118207430,3055248144580,0.7459112686030084,0.9296349701142862,44.14320373535156,12.229361534118652,44.143402099609375,12.229351043701172,22.07300722044824,0.7637027788204023,0.4405687671545513,"gps,gps",True,car GPS accuracy 27 m is degraded here
pair_00875,car_2e84f0c3e245,motorcycle_5ab8604a14df,1339118207795,3056248144632,0.7511106026056115,0.9307609537160264,44.1431884765625,12.22950553894043,44.143367767333984,12.229547500610352,20.21546619589141,5.287288040423505,0.4364986067872604,"gps,gps",True,car GPS accuracy 26 m is degraded here
pair_00876,car_2e84f0c3e245,motorcycle_5ab8604a14df,1340118208108,3057248144684,0.7564120837899091,0.9319179220410646,44.143165588378906,12.229650497436523,44.143333435058594,12.22974967956543,20.27233871996084,0.904315185267194,0.48328040774245284,"gps,gps",True,car GPS accuracy 24 m is degraded here
pair_00877,car_2e84f0c3e245,motorcycle_5ab8604a14df,1342118208785,3058248144789,0.7667942201234779,0.9331283508517102,44.14311599731445,12.22993278503418,44.14329528808594,12.229960441589355,20.058020505137925,1.422356402466221,0.4827913750313479,"gps,gps",True,
pair_00878,car_2e84f0c3e245,motorcycle_5ab8604a14df,1343118209097,3059248144841,0.7721289801400226,0.9343697016524768,44.14309310913086,12.23007869720459,44.14325714111328,12.23017692565918,19.85234779375714,1.4658605000294642,0.4872837231908143,"gps,gps",True,
pair_00879,car_2e84f0c3e245,motorcycle_5ab8604a14df,1345118209774,3060248144945,0.783039641822403,0.9356213708152015,44.143043518066406,12.230376243591309,44.143218994140625,12.230395317077637,19.571342247912604,0.6050509606461674,0.5038495665812892,"gps,gps",True,
pair_00880,car_2e84f0c3e245,motorcycle_5ab8604a14df,1346118210139,3061248145049,0.788274620603528,0.9368649873260482,44.14302062988281,12.23051929473877,44.1431770324707,12.230610847473145,18.863241699498282,2.610000205446397,0.4977706555643317,"gps,gps",True,
pair_00881,car_2e84f0c3e245,motorcycle_5ab8604a14df,1348118210816,3062248145101,0.7985392137122708,0.9380116257597083,44.14297866821289,12.23080062866211,44.14314270019531,12.23081111907959,18.25874730026701,2.555453560750891,0.512665338811815,"gps,gps",True,
pair_00882,car_2e84f0c3e245,motorcycle_5ab8604a14df,1349118211180,3063248145205,0.8033429526103073,0.9390809439925967,44.1429557800293,12.230931282043457,44.14310836791992,12.230997085571289,17.76091133379669,0.7086283615839761,0.5472220783413869,"gps,gps",True,
pair_00883,car_2e84f0c3e245,motorcycle_5ab8604a14df,1350118211545,3064248145310,0.8081052369796405,0.940045171427005,44.14293670654297,12.231061935424805,44.1430778503418,12.231164932250977,17.716134679652704,2.7187411920149316,0.5234388204732706,"gps,gps",True,
pair_00884,car_2e84f0c3e245,motorcycle_5ab8604a14df,1352118212222,3065248145361,0.8169633039408656,0.9409146356895286,44.14289855957031,12.231304168701172,44.14305114746094,12.231316566467285,16.99583807168564,1.218674555875623,0.5595292777515927,"gps,gps",True,
pair_00885,car_2e84f0c3e245,motorcycle_5ab8604a14df,1353118212587,3066248145466,0.8212067124746044,0.9416584175194115,44.14287567138672,12.23141860961914,44.143028259277344,12.231446266174316,17.1099373604673,1.7575785595591924,0.5499009641426456,"gps,gps",True,
pair_00886,car_2e84f0c3e245,motorcycle_5ab8604a14df,1354118212951,3067248145570,0.8251381748816544,0.9422336766768039,44.14285659790039,12.231525421142578,44.14301300048828,12.231547355651855,17.479048439568196,2.0952189614108647,0.5368091641561105,"gps,gps",True,
pair_00887,car_2e84f0c3e245,motorcycle_5ab8604a14df,1354118212951,3068248145674,0.8251381748816544,0.9426187756689438,44.14285659790039,12.231525421142578,44.14299774169922,12.231613159179688,17.185194505719675,3.9336992295947653,0.5205109246924499,"gps,gps",True,
pair_00888,car_2e84f0c3e245,motorcycle_5ab8604a14df,1355118213316,3069248145778,0.828674350886004,0.9429227798455784,44.14283752441406,12.231620788574219,44.14297866821289,12.231660842895508,16.016624530714324,13.562374086646173,0.41887799230161654,"gps,gps",True,
pair_00889,car_2e84f0c3e245,motorcycle_5ab8604a14df,1355118213316,3070248145882,0.828674350886004,0.9432195399221996,44.14283752441406,12.231620788574219,44.14295196533203,12.231698989868164,14.172864921336704,28.715142077901362,0.23366179182826755,"gps,gps",True,
pair_00890,car_2e84f0c3e245,motorcycle_5ab8604a14df,1356118213680,3071248145934,0.8319162560761454,0.9435079648088336,44.142818450927734,12.231707572937012,44.142921447753906,12.231728553771973,11.57445616464549,38.16560104257559,0.10792861508476047,"gps,gps",True,
pair_00891,car_2e84f0c3e245,motorcycle_5ab8604a14df,1356118213680,3072248146039,0.8319162560761454,0.9437821011372979,44.142818450927734,12.231707572937012,44.14289093017578,12.2317533493042,8.848447950058336,42.7273396753979,0.03933160910759977,"gps,gps",True,
pair_00892,car_2e84f0c3e245,motorcycle_5ab8604a14df,1357118214045,3073248146143,0.8349013466684011,0.9441069586305589,44.14279556274414,12.23178482055664,44.14285659790039,12.231786727905273,6.788515387886886,32.66211179024043,0.22764421356911207,"gps,gps",True,
pair_00893,car_2e84f0c3e245,motorcycle_5ab8604a14df,1357118214045,3074248146247,0.8349013466684011,0.9444564808239322,44.14279556274414,12.23178482055664,44.14282989501953,12.231837272644043,5.664917408254139,13.925032281091035,0.592756435091431,"gps,gps",True,
pair_00894,car_2e84f0c3e245,motorcycle_5ab8604a14df,1358118214357,3075248146351,0.8374826677543055,0.9448214253889571,44.14277267456055,12.231849670410156,44.14281463623047,12.23189926147461,6.117959440465946,7.256354463512594,0.7104620716288571,"gps,gps",True,
pair_00895,car_2e84f0c3e245,motorcycle_5ab8604a14df,1359118214722,3076248146507,0.8401118616794474,0.945286706253334,44.14274215698242,12.23190975189209,44.142826080322266,12.23198127746582,10.938798551326423,46.29520601443204,0.0,"gps,gps",False,heading differs by 46deg: the two vehicles are not travelling in a comparable direction at this point
pair_00896,car_2e84f0c3e245,motorcycle_5ab8604a14df,1362118215764,3077248146559,0.8479272536368467,0.9459176508968041,44.142696380615234,12.232109069824219,44.14284896850586,12.23208999633789,17.03514632895163,12.641854180537791,0.41283337989466395,"gps,gps",True,car GPS accuracy 37 m is degraded here
pair_00897,car_2e84f0c3e245,motorcycle_5ab8604a14df,1364118216493,3078248146664,0.8538791640843425,0.9467324991550805,44.14271926879883,12.232272148132324,44.14288330078125,12.23222827911377,18.572416168610342,3.511163661978003,0.4938919548332065,"gps,gps",True,car GPS accuracy 38 m is degraded here
pair_00898,car_2e84f0c3e245,motorcycle_5ab8604a14df,1366118217170,3079248146768,0.8623367951150746,0.9477382985523909,44.142765045166016,12.232500076293945,44.142921447753906,12.232400894165039,19.107268942061122,0.08943279656404002,0.5212802234671543,"gps,gps",True,car GPS accuracy 36 m is degraded here
pair_00899,car_2e84f0c3e245,motorcycle_5ab8604a14df,1367118217535,3080248146872,0.8670082932421778,0.9487632700784191,44.14278793334961,12.232626914978027,44.14296340942383,12.232575416564941,19.940091439031946,4.408630188522864,0.45236620376815023,"gps,gps",True,car GPS accuracy 36 m is degraded here
pair_00900,car_2e84f0c3e245,motorcycle_5ab8604a14df,1369118218160,3081248146924,0.8772504420832354,0.949823556095374,44.14284896850586,12.232900619506836,44.14300537109375,12.232756614685059,20.84444325889328,1.0776543227917728,0.4674205471234809,"gps,gps",True,car GPS accuracy 35 m is degraded here
pair_00901,car_2e84f0c3e245,motorcycle_5ab8604a14df,1370118218524,3082248147028,0.8829297328367435,0.9509650053983829,44.14288330078125,12.233052253723145,44.14304733276367,12.232953071594238,19.88252631761219,0.9357805498249832,0.49247820840214274,"gps,gps",True,car GPS accuracy 35 m is degraded here
pair_00902,car_2e84f0c3e245,motorcycle_5ab8604a14df,1372118219201,3083248147132,0.8946128108061009,0.9522102606787715,44.14297866821289,12.233349800109863,44.143096923828125,12.233165740966797,19.71319823175192,10.972612946960226,0.38350380879803836,"gps,gps",True,car GPS accuracy 40 m is degraded here
pair_00903,car_2e84f0c3e245,motorcycle_5ab8604a14df,1373118219514,3084248147184,0.9005829751819142,0.9535499484436417,44.14302444458008,12.233504295349121,44.14315414428711,12.233392715454102,16.948853316411363,3.078663680042382,0.5368527070463306,"gps,gps",True,car GPS accuracy 39 m is degraded here
pair_00904,car_2e84f0c3e245,motorcycle_5ab8604a14df,1374118219878,3085248147289,0.9064832823454114,0.9549398519199711,44.14306640625,12.233658790588379,44.143211364746094,12.23362922668457,16.290381687866986,2.099819411589692,0.5650816151515479,"gps,gps",True,car GPS accuracy 38 m is degraded here
pair_00905,car_2e84f0c3e245,motorcycle_5ab8604a14df,1376118220555,3086248147393,0.9180496011182758,0.9562700187756143,44.14315414428711,12.23395824432373,44.14326477050781,12.233856201171875,14.751799610778047,1.2786288652307007,0.6132699665012221,"gps,gps",True,car GPS accuracy 36 m is degraded here
pair_00906,car_2e84f0c3e245,motorcycle_5ab8604a14df,1377118220868,3087248147497,0.9237288651718363,0.9575647053150054,44.1431884765625,12.234109878540039,44.1433219909668,12.234074592590332,15.110777471697363,2.5467302844609208,0.5870160427800575,"gps,gps",True,car GPS accuracy 35 m is degraded here
pair_00907,car_2e84f0c3e245,motorcycle_5ab8604a14df,1379118221597,3088248147601,0.9346982570136254,0.9587998581985481,44.14325714111328,12.23440170288086,44.14337158203125,12.234285354614258,15.751895585112969,5.327224761231264e-05,0.6062018927327188,"gps,gps",True,car GPS accuracy 33 m is degraded here
pair_00908,car_2e84f0c3e245,motorcycle_5ab8604a14df,1380118221962,3089248147653,0.9400940950608686,0.959989685967747,44.143287658691406,12.234546661376953,44.1434211730957,12.234487533569336,15.577795120700921,2.5206078270848025,0.5763557882194603,"gps,gps",True,car GPS accuracy 32 m is degraded here
pair_00909,car_2e84f0c3e245,motorcycle_5ab8604a14df,1381118222274,3090248147757,0.9453290512847458,0.9610845093455105,44.143310546875,12.234689712524414,44.14346694946289,12.234673500061035,17.439246153222925,6.36386207199854,0.4842557763243159,"gps,gps",True,car GPS accuracy 31 m is degraded here
pair_00910,car_2e84f0c3e245,motorcycle_5ab8604a14df,1383118223003,3091248147862,0.9552631893082283,0.9621094723565242,44.14336395263672,12.234957695007324,44.14350891113281,12.234848022460938,18.341051390507847,2.735820846733077,0.5085542690572099,"gps,gps",True,car GPS accuracy 29 m is degraded here
pair_00911,car_2e84f0c3e245,motorcycle_5ab8604a14df,1384118223316,3092248147966,0.9598865724469898,0.9630747391781538,44.14339065551758,12.235081672668457,44.14354705810547,12.235013008117676,18.233841162138823,1.1523195141735414,0.5302197656257136,"gps,gps",True,car GPS accuracy 28 m is degraded here
pair_00912,car_2e84f0c3e245,motorcycle_5ab8604a14df,1385118223680,3093248148070,0.964149346378112,0.96397955891885,44.143409729003906,12.235198020935059,44.143585205078125,12.235166549682617,19.673007475764678,6.228636781246962,0.43783622794555854,"gps,gps",True,car GPS accuracy 28 m is degraded here
pair_00913,car_2e84f0c3e245,motorcycle_5ab8604a14df,1387118224410,3094248148174,0.9715513401959447,0.964794646465245,44.14344787597656,12.235398292541504,44.14362335205078,12.235302925109863,20.94345632991655,5.420430524368442,0.41902766341970815,"gps,gps",True,car GPS accuracy 27 m is degraded here
pair_00914,car_2e84f0c3e245,motorcycle_5ab8604a14df,1388118224722,3095248148278,0.9745117303948746,0.9655002208411027,44.143463134765625,12.235478401184082,44.14365005493164,12.235424041748047,21.23237544925395,2.2133871078718244,0.4461128258653179,"gps,gps",True,car GPS accuracy 26 m is degraded here
pair_00915,car_2e84f0c3e245,motorcycle_5ab8604a14df,1394118226805,3096248148382,0.9853263573082444,0.9661209727303217,44.143558502197266,12.235737800598145,44.143672943115234,12.235530853271484,20.84732880512555,37.710380033108095,0.07756427464526233,"gps,gps",True,car GPS accuracy 41 m is degraded here
pair_00916,car_2e84f0c3e245,motorcycle_5ab8604a14df,1394118226805,3097248148486,0.9853263573082444,0.9666711695758793,44.143558502197266,12.235737800598145,44.143680572509766,12.235629081726074,16.10897747913855,48.15942361367871,0.0,"gps,gps",False,heading differs by 48deg: the two vehicles are not travelling in a comparable direction at this point | car GPS accuracy 41 m is degraded here
pair_00917,car_2e84f0c3e245,motorcycle_5ab8604a14df,1396118227483,3098248148591,0.9883486635870535,0.9671468743052667,44.143592834472656,12.235807418823242,44.14369201660156,12.235713005065918,13.356044655093749,20.31411059512925,0.36540540830703916,"gps,gps",True,car GPS accuracy 36 m is degraded here
pair_00918,car_2e84f0c3e245,motorcycle_5ab8604a14df,1397118227847,3099248148695,0.9903135956159018,0.9675876484064435,44.14361572265625,12.235852241516113,44.14372253417969,12.235779762268066,13.210155429557641,2.9363620708542726,0.6260435123273211,"gps,gps",True,car GPS accuracy 35 m is degraded here
pair_00919,car_2e84f0c3e245,motorcycle_5ab8604a14df,1398118228160,3100248148851,0.9923835505256435,0.9679823456868,44.14363479614258,12.2359037399292,44.14376449584961,12.235819816589355,15.90082772810187,28.29030174404795,0.2237166093786801,"gps,gps",True,car GPS accuracy 33 m is degraded here
pair_00920,car_2e84f0c3e245,motorcycle_5ab8604a14df,1399118228524,3101248148955,0.9944609982609859,0.9683973281768266,44.14365768432617,12.235952377319336,44.14381790161133,12.235823631286621,20.565086474480157,53.80952071522427,0.0,"gps,gps",False,heading differs by 54deg: the two vehicles are not travelling in a comparable direction at this point | car GPS accuracy 32 m is degraded here
pair_00921,car_2e84f0c3e245,motorcycle_5ab8604a14df,1400118228889,3102248149059,0.9964537802352765,0.9688432683669137,44.143680572509766,12.235998153686523,44.14387130737305,12.235794067382812,26.739524169932302,76.79722134592271,0.0,"gps,gps",False,heading differs by 77deg: the two vehicles are not travelling in a comparable direction at this point | car GPS accuracy 37 m is degraded here
pair_00922,car_2e84f0c3e245,motorcycle_5ab8604a14df,1403118229930,3103248149164,1.0,0.9694050141550821,44.14373016357422,12.236068725585938,44.14393615722656,12.235749244689941,34.27125001804607,67.63334194322107,0.0,"gps,gps",False,heading differs by 68deg: the two vehicles are not travelling in a comparable direction at this point | car GPS accuracy 45 m is degraded here
pair_00923,car_2e84f0c3e245,motorcycle_5ab8604a14df,1403118229930,3104248149268,1.0,0.970049614255146,44.14373016357422,12.236068725585938,44.144012451171875,12.235703468322754,42.833337278138764,64.54724423693915,0.0,"gps,gps",False,"nearest car position is 42.8 m away, above the 40 m threshold: routes do not overlap here | heading differs by 65deg: the two vehicles are not travelling in a comparable direction at this point | car GPS accuracy 45 m is degraded here"
pair_00924,car_2e84f0c3e245,motorcycle_5ab8604a14df,1403118229930,3105248149372,1.0,0.9709789103401247,44.14373016357422,12.236068725585938,44.14412307739258,12.235639572143555,55.51062623793098,63.76526043764204,0.0,"gps,gps",False,"nearest car position is 55.5 m away, above the 40 m threshold: routes do not overlap here | heading differs by 64deg: the two vehicles are not travelling in a comparable direction at this point | car GPS accuracy 45 m is degraded here"
pair_00925,car_2e84f0c3e245,motorcycle_5ab8604a14df,1403118229930,3106248149528,1.0,0.9722738485799446,44.14373016357422,12.236068725585938,44.14427947998047,12.23555850982666,73.40535970160533,61.65392348839913,0.0,"gps,gps",False,"nearest car position is 73.4 m away, above the 40 m threshold: routes do not overlap here | heading differs by 62deg: the two vehicles are not travelling in a comparable direction at this point | car GPS accuracy 45 m is degraded here"
pair_00926,car_2e84f0c3e245,motorcycle_5ab8604a14df,1403118229930,3107248149632,1.0,0.9735929856284208,44.14373016357422,12.236068725585938,44.144439697265625,12.235479354858398,91.84910386360438,60.77323865736639,0.0,"gps,gps",False,"nearest car position is 91.8 m away, above the 40 m threshold: routes do not overlap here | heading differs by 61deg: the two vehicles are not travelling in a comparable direction at this point | car GPS accuracy 45 m is degraded here"
pair_00927,car_2e84f0c3e245,motorcycle_5ab8604a14df,1403118229930,3108248149737,1.0,0.9754296028195621,44.14373016357422,12.236068725585938,44.14466857910156,12.235395431518555,117.36514302203389,55.99392167160613,0.0,"gps,gps",False,"nearest car position is 117.4 m away, above the 40 m threshold: routes do not overlap here | heading differs by 56deg: the two vehicles are not travelling in a comparable direction at this point | car GPS accuracy 45 m is degraded here"
pair_00928,car_2e84f0c3e245,motorcycle_5ab8604a14df,1403118229930,3109248149841,1.0,0.977289654625616,44.14373016357422,12.236068725585938,44.144901275634766,12.235315322875977,143.42816636826709,55.12900953381052,0.0,"gps,gps",False,"nearest car position is 143.4 m away, above the 40 m threshold: routes do not overlap here | heading differs by 55deg: the two vehicles are not travelling in a comparable direction at this point | car GPS accuracy 45 m is degraded here"
pair_00929,car_2e84f0c3e245,motorcycle_5ab8604a14df,1403118229930,3110248149893,1.0,0.9792636728301526,44.14373016357422,12.236068725585938,44.14514923095703,12.235236167907715,171.20710622615627,54.155016503580896,0.0,"gps,gps",False,"nearest car position is 171.2 m away, above the 40 m threshold: routes do not overlap here | heading differs by 54deg: the two vehicles are not travelling in a comparable direction at this point | car GPS accuracy 45 m is degraded here"
pair_00930,car_2e84f0c3e245,motorcycle_5ab8604a14df,1403118229930,3111248149997,1.0,0.9813177723804043,44.14373016357422,12.236068725585938,44.145408630371094,12.235162734985352,200.14846782945568,52.735360524610826,0.0,"gps,gps",False,"nearest car position is 200.1 m away, above the 40 m threshold: routes do not overlap here | heading differs by 53deg: the two vehicles are not travelling in a comparable direction at this point | car GPS accuracy 45 m is degraded here"
pair_00931,car_2e84f0c3e245,motorcycle_5ab8604a14df,1403118229930,3112248150101,1.0,0.9833066035629252,44.14373016357422,12.236068725585938,44.145660400390625,12.235095977783203,228.2360364097484,52.025343867371646,0.0,"gps,gps",False,"nearest car position is 228.2 m away, above the 40 m threshold: routes do not overlap here | heading differs by 52deg: the two vehicles are not travelling in a comparable direction at this point | car GPS accuracy 45 m is degraded here"
pair_00932,car_2e84f0c3e245,motorcycle_5ab8604a14df,1403118229930,3113248150205,1.0,0.9851722175595855,44.14373016357422,12.236068725585938,44.145896911621094,12.23503589630127,254.6363650256996,51.58348107294637,0.0,"gps,gps",False,"nearest car position is 254.6 m away, above the 40 m threshold: routes do not overlap here | heading differs by 52deg: the two vehicles are not travelling in a comparable direction at this point | car GPS accuracy 45 m is degraded here"
pair_00933,car_2e84f0c3e245,motorcycle_5ab8604a14df,1403118229930,3114248150309,1.0,0.9869138426278862,44.14373016357422,12.236068725585938,44.1461181640625,12.234983444213867,279.29759345769526,50.907030306804984,0.0,"gps,gps",False,"nearest car position is 279.3 m away, above the 40 m threshold: routes do not overlap here | heading differs by 51deg: the two vehicles are not travelling in a comparable direction at this point | car GPS accuracy 45 m is degraded here"
pair_00934,car_2e84f0c3e245,motorcycle_5ab8604a14df,1403118229930,3115248150414,1.0,0.988533431244934,44.14373016357422,12.236068725585938,44.146324157714844,12.234936714172363,302.25125157835095,50.4982628874061,0.0,"gps,gps",False,"nearest car position is 302.3 m away, above the 40 m threshold: routes do not overlap here | heading differs by 50deg: the two vehicles are not travelling in a comparable direction at this point | car GPS accuracy 45 m is degraded here"
pair_00935,car_2e84f0c3e245,motorcycle_5ab8604a14df,1403118229930,3116248150518,1.0,0.989967166036696,44.14373016357422,12.236068725585938,44.146507263183594,12.234902381896973,322.5185505055984,48.91542967841525,0.0,"gps,gps",False,"nearest car position is 322.5 m away, above the 40 m threshold: routes do not overlap here | heading differs by 49deg: the two vehicles are not travelling in a comparable direction at this point | car GPS accuracy 45 m is degraded here"
pair_00936,car_2e84f0c3e245,motorcycle_5ab8604a14df,1403118229930,3117248150622,1.0,0.99121872157217,44.14373016357422,12.236068725585938,44.14666748046875,12.23487663269043,340.1837421585499,47.83112001519697,0.0,"gps,gps",False,"nearest car position is 340.2 m away, above the 40 m threshold: routes do not overlap here | heading differs by 48deg: the two vehicles are not travelling in a comparable direction at this point | car GPS accuracy 45 m is degraded here"
pair_00937,car_2e84f0c3e245,motorcycle_5ab8604a14df,1403118229930,3118248150726,1.0,0.9923165434326139,44.14373016357422,12.236068725585938,44.14680862426758,12.23486328125,355.56601906777934,45.13582778070588,0.0,"gps,gps",False,"nearest car position is 355.6 m away, above the 40 m threshold: routes do not overlap here | heading differs by 45deg: the two vehicles are not travelling in a comparable direction at this point | car GPS accuracy 45 m is degraded here"
pair_00938,car_2e84f0c3e245,motorcycle_5ab8604a14df,1403118229930,3119248150830,1.0,0.993234981104568,44.14373016357422,12.236068725585938,44.14692687988281,12.234869956970215,368.10360444418717,38.9330914634304,0.0,"gps,gps",False,"nearest car position is 368.1 m away, above the 40 m threshold: routes do not overlap here | car GPS accuracy 45 m is degraded here"
pair_00939,car_2e84f0c3e245,motorcycle_5ab8604a14df,1403118229930,3120248150934,1.0,0.9940320299083414,44.14373016357422,12.236068725585938,44.14702606201172,12.234907150268555,378.02562170512766,26.19211790091032,0.0,"gps,gps",False,"nearest car position is 378.0 m away, above the 40 m threshold: routes do not overlap here | car GPS accuracy 45 m is degraded here"
pair_00940,car_2e84f0c3e245,motorcycle_5ab8604a14df,1403118229930,3121248151039,1.0,0.9947926644439473,44.14373016357422,12.236068725585938,44.14710998535156,12.234977722167969,385.76985759080884,10.146042590086836,0.0,"gps,gps",False,"nearest car position is 385.8 m away, above the 40 m threshold: routes do not overlap here | car GPS accuracy 45 m is degraded here"
pair_00941,car_2e84f0c3e245,motorcycle_5ab8604a14df,1403118229930,3122248151143,1.0,0.9954693213813076,44.14373016357422,12.236068725585938,44.14717102050781,12.235064506530762,390.9066640346998,4.322140456642728,0.0,"gps,gps",False,"nearest car position is 390.9 m away, above the 40 m threshold: routes do not overlap here | car GPS accuracy 45 m is degraded here"
pair_00942,car_2e84f0c3e245,motorcycle_5ab8604a14df,1403118229930,3123248151247,1.0,0.9960821063594928,44.14373016357422,12.236068725585938,44.14722442626953,12.235145568847656,395.46525618786427,6.190555996952753,0.0,"gps,gps",False,"nearest car position is 395.5 m away, above the 40 m threshold: routes do not overlap here | car GPS accuracy 45 m is degraded here"
pair_00943,car_2e84f0c3e245,motorcycle_5ab8604a14df,1403118229930,3124248151403,1.0,0.9966632398264299,44.14373016357422,12.236068725585938,44.147274017333984,12.235223770141602,399.78490426964026,7.278186286714231,0.0,"gps,gps",False,"nearest car position is 399.8 m away, above the 40 m threshold: routes do not overlap here | car GPS accuracy 45 m is degraded here"
pair_00944,car_2e84f0c3e245,motorcycle_5ab8604a14df,1403118229930,3125248151507,1.0,0.9972547949609241,44.14373016357422,12.236068725585938,44.147315979003906,12.235312461853027,403.2652964540788,15.348357988706425,0.0,"gps,gps",False,"nearest car position is 403.3 m away, above the 40 m threshold: routes do not overlap here | car GPS accuracy 45 m is degraded here"
pair_00945,car_2e84f0c3e245,motorcycle_5ab8604a14df,1403118229930,3126248151612,1.0,0.9978313998877348,44.14373016357422,12.236068725585938,44.14734649658203,12.235406875610352,405.5712899196792,24.497312676706372,0.0,"gps,gps",False,"nearest car position is 405.6 m away, above the 40 m threshold: routes do not overlap here | car GPS accuracy 45 m is degraded here"
pair_00946,car_2e84f0c3e245,motorcycle_5ab8604a14df,1403118229930,3127248151716,1.0,0.9983317542837955,44.14373016357422,12.236068725585938,44.147377014160156,12.235486030578613,408.1684781702621,20.49798768928963,0.0,"gps,gps",False,"nearest car position is 408.2 m away, above the 40 m threshold: routes do not overlap here | car GPS accuracy 45 m is degraded here"
pair_00947,car_2e84f0c3e245,motorcycle_5ab8604a14df,1403118229930,3128248151872,1.0,0.998747611455705,44.14373016357422,12.236068725585938,44.14741516113281,12.235538482666016,411.9320453485456,3.36172420786869,0.0,"gps,gps",False,"nearest car position is 411.9 m away, above the 40 m threshold: routes do not overlap here | car GPS accuracy 45 m is degraded here"
pair_00948,car_2e84f0c3e245,motorcycle_5ab8604a14df,1403118229930,3129248151976,1.0,0.9990869811724826,44.14373016357422,12.236068725585938,44.147457122802734,12.235555648803711,416.43669491995036,24.89348131460497,0.0,"gps,gps",False,"nearest car position is 416.4 m away, above the 40 m threshold: routes do not overlap here | car GPS accuracy 45 m is degraded here"
pair_00949,car_2e84f0c3e245,motorcycle_5ab8604a14df,1403118229930,3130248152080,1.0,0.9993247538353971,44.14373016357422,12.236068725585938,44.14748764038086,12.235551834106445,419.8435847029979,46.378067837274386,0.0,"gps,gps",False,"nearest car position is 419.8 m away, above the 40 m threshold: routes do not overlap here | heading differs by 46deg: the two vehicles are not travelling in a comparable direction at this point | car GPS accuracy 45 m is degraded here"
pair_00950,car_2e84f0c3e245,motorcycle_5ab8604a14df,1403118229930,3131248152236,1.0,0.9996287242776178,44.14373016357422,12.236068725585938,44.147525787353516,12.235539436340332,424.16237865310427,54.379674349796346,0.0,"gps,gps",False,"nearest car position is 424.2 m away, above the 40 m threshold: routes do not overlap here | heading differs by 54deg: the two vehicles are not travelling in a comparable direction at this point | car GPS accuracy 45 m is degraded here"
pair_00951,car_2e84f0c3e245,motorcycle_5ab8604a14df,1403118229930,3132248152341,1.0,0.9998140461457985,44.14373016357422,12.236068725585938,44.147544860839844,12.235519409179688,426.4340507085902,78.24803251614651,0.0,"gps,gps",False,"nearest car position is 426.4 m away, above the 40 m threshold: routes do not overlap here | heading differs by 78deg: the two vehicles are not travelling in a comparable direction at this point | car GPS accuracy 45 m is degraded here"
pair_00952,car_2e84f0c3e245,motorcycle_5ab8604a14df,1403118229930,3133248152445,1.0,1.0,44.14373016357422,12.236068725585938,44.147560119628906,12.235493659973145,428.33701705013607,91.70086255769388,0.0,"gps,gps",False,"nearest car position is 428.3 m away, above the 40 m threshold: routes do not overlap here | heading differs by 92deg: the two vehicles are not travelling in a comparable direction at this point | car GPS accuracy 45 m is degraded here"
