rank,recording_id,domain,start_frame_index,end_frame_index,start_timestamp_ns,end_timestamp_ns,duration_s,frame_count,expected_frame_count,missing_frame_estimate,largest_gap_ms,gaps_over_1p5_periods,mean_blur_variance,low_sharpness_fraction,mean_luminance,dark_fraction,clipped_fraction,mean_frame_difference,visual_diversity,static_structure_fraction,semantic_diversity,traffic_class_fraction,lane_marking_fraction,cockpit_proxy_fraction,mirror_proxy_fraction,instrument_proxy_fraction,hand_tracked_fraction,hand_proxy_frames,median_speed_mps,moving_fraction,gps_coverage,passes_quality_gate,rejection_reasons,score,score_components,rationale
1,motorcycle_5ab8604a14df,motorcycle,13875,14324,3099822119217,3129751762010,29.929642793,450,450,0,66.81325,0,806.5361328125,0.0,0.33177974820137024,0.0546441413462162,0.0011194403050467372,0.0396469384431839,0.34414628623188404,0.052897135416666664,0.5019217618755292,0.010231753811240196,0.03795120492577553,0.029022442176938057,0.0,0.0,0.6933333333333334,312,12.138500213623047,1.0,1.0,True,[],0.7009635165194277,"{'motion': 0.1878936385605377, 'visual_diversity': 0.19777562862669246, 'semantic_diversity': 0.1307354028637624, 'traffic': 0.015701441526322222, 'cockpit': 0.049789337592826784, 'sharpness': 0.034401400682619404, 'hands': 0.03466666666666667, 'continuity': 0.05}","['strongest contributions: visual_diversity 0.198, motion 0.188, semantic_diversity 0.131', '450 frames over 29.93 s (0 estimated missing, largest interval 66.8 ms)', 'external traffic proxy covers 1.02% of the sampled pixels', 'cockpit proxy covers 2.90% of the sampled pixels', ""hand tracking reports a hand in 69.3% of the window's frames (proxy signal, not visibility ground truth)""]"
2,motorcycle_5ab8604a14df,motorcycle,13800,14249,3094822587383,3124753608290,29.931020907,450,450,0,66.81325,0,838.4479370117188,0.0,0.325347900390625,0.055538903921842575,0.00066536566009745,0.04106491059064865,0.31872735507246375,0.049641927083333336,0.5038843035409104,0.012183294631540775,0.0457831472158432,0.027510127052664757,0.0,0.0,0.6977777777777778,314,12.138500213623047,1.0,1.0,True,[],0.6929979305742645,"{'motion': 0.19785828894014756, 'visual_diversity': 0.17606382978723403, 'semantic_diversity': 0.13169574775221518, 'traffic': 0.018791984241152568, 'cockpit': 0.04708427500376305, 'sharpness': 0.036614915960863297, 'hands': 0.03488888888888889, 'continuity': 0.05}","['strongest contributions: motion 0.198, visual_diversity 0.176, semantic_diversity 0.132', '450 frames over 29.93 s (0 estimated missing, largest interval 66.8 ms)', 'external traffic proxy covers 1.22% of the sampled pixels', 'cockpit proxy covers 2.75% of the sampled pixels', ""hand tracking reports a hand in 69.8% of the window's frames (proxy signal, not visibility ground truth)""]"
3,motorcycle_5ab8604a14df,motorcycle,13725,14174,3089822954155,3119753722593,29.930768438,450,450,0,66.81325,0,834.122802734375,0.0,0.32423898577690125,0.05546588823199272,0.0006709448643960059,0.04117273911833763,0.309273097826087,0.050862630208333336,0.5167703454683563,0.0115220807492733,0.06383305042982101,0.028197789564728737,0.0,0.0,0.6088888888888889,274,13.444000244140625,1.0,1.0,True,[],0.6874243078862756,"{'motion': 0.1986160425965151, 'visual_diversity': 0.16798839458413928, 'semantic_diversity': 0.13800136903695207, 'traffic': 0.017744857926637818, 'cockpit': 0.0483142899030584, 'sharpness': 0.03631490939452847, 'hands': 0.030444444444444448, 'continuity': 0.05}","['strongest contributions: motion 0.199, visual_diversity 0.168, semantic_diversity 0.138', '450 frames over 29.93 s (0 estimated missing, largest interval 66.8 ms)', 'external traffic proxy covers 1.15% of the sampled pixels', 'cockpit proxy covers 2.82% of the sampled pixels', ""hand tracking reports a hand in 60.9% of the window's frames (proxy signal, not visibility ground truth)""]"
4,motorcycle_5ab8604a14df,motorcycle,13650,14099,3084823270883,3114753976509,29.930705626,450,450,0,66.81325,0,742.2455444335938,0.0,0.32122957706451416,0.056701529771089554,0.00037352414801716805,0.0374629907310009,0.2860054347826087,0.049723307291666664,0.5286992034734026,0.01009046845138073,0.08144554495811462,0.03259842470288277,0.0,0.0,0.44222222222222224,199,14.805500030517578,1.0,1.0,True,[],0.6382153466038794,"{'motion': 0.17254617532710115, 'visual_diversity': 0.14811411992263057, 'semantic_diversity': 0.14383860450170832, 'traffic': 0.015477696045272738, 'cockpit': 0.05618566094820346, 'sharpness': 0.029941978747852024, 'hands': 0.022111111111111113, 'continuity': 0.05}","['strongest contributions: motion 0.173, visual_diversity 0.148, semantic_diversity 0.144', '450 frames over 29.93 s (0 estimated missing, largest interval 66.8 ms)', 'external traffic proxy covers 1.01% of the sampled pixels', 'cockpit proxy covers 3.26% of the sampled pixels', ""hand tracking reports a hand in 44.2% of the window's frames (proxy signal, not visibility ground truth)""]"
5,motorcycle_5ab8604a14df,motorcycle,13575,14024,3079823568697,3109754571477,29.93100278,450,450,0,66.81325,0,664.363525390625,0.0,0.31523633003234863,0.058132898062467575,0.0001883899822132662,0.03324452042579651,0.25662364130434784,0.058430989583333336,0.5412905084594387,0.009547480382025242,0.09442705661058426,0.036126937717199326,0.0,0.0,0.27555555555555555,124,14.458000183105469,1.0,1.0,True,[],0.5813511845585323,"{'motion': 0.1429013181955384, 'visual_diversity': 0.12301740812379112, 'semantic_diversity': 0.15, 'traffic': 0.01461779713640547, 'cockpit': 0.06249707607382996, 'sharpness': 0.024539807251189573, 'hands': 0.013777777777777778, 'continuity': 0.05}","['strongest contributions: semantic_diversity 0.150, motion 0.143, visual_diversity 0.123', '450 frames over 29.93 s (0 estimated missing, largest interval 66.8 ms)', 'external traffic proxy covers 0.95% of the sampled pixels', 'cockpit proxy covers 3.61% of the sampled pixels', ""hand tracking reports a hand in 27.6% of the window's frames (proxy signal, not visibility ground truth)""]"
6,motorcycle_5ab8604a14df,motorcycle,11775,12224,2959833218769,2989764064154,29.930845385,450,450,0,66.68672,0,665.1185913085938,0.0,0.3068036139011383,0.056395597755908966,0.0008873960468918085,0.02740924246609211,0.24048913043478262,0.10636393229166667,0.5264222776463979,0.047597486525774,0.04462506249547005,0.022787362337112427,0.0,0.0,0.6377777777777778,287,11.401999950408936,1.0,1.0,True,[],0.5738480945408725,"{'motion': 0.10189451503635097, 'visual_diversity': 0.10923597678916828, 'semantic_diversity': 0.14272441970863017, 'traffic': 0.07487539875229196, 'cockpit': 0.0386367140794949, 'sharpness': 0.02459218128604737, 'hands': 0.03188888888888889, 'continuity': 0.05}","['strongest contributions: semantic_diversity 0.143, visual_diversity 0.109, motion 0.102', '450 frames over 29.93 s (0 estimated missing, largest interval 66.7 ms)', 'external traffic proxy covers 4.76% of the sampled pixels', 'cockpit proxy covers 2.28% of the sampled pixels', ""hand tracking reports a hand in 63.8% of the window's frames (proxy signal, not visibility ground truth)""]"
7,motorcycle_5ab8604a14df,motorcycle,13125,13574,3049825701259,3079756907290,29.931206031,450,450,0,66.724948,0,717.2695922851562,0.0,0.30661213397979736,0.05853893607854843,0.0002223241317551583,0.030027927830815315,0.2616621376811594,0.043294270833333336,0.5015837257274661,0.022295691072940826,0.043170616030693054,0.012578667141497135,0.0,0.0,0.7422222222222222,334,12.985499858856201,1.0,1.0,True,[],0.5486917226127721,"{'motion': 0.12029705147567585, 'visual_diversity': 0.12732108317214702, 'semantic_diversity': 0.13056998915936516, 'traffic': 0.03480640363035686, 'cockpit': 0.020376525436547013, 'sharpness': 0.02820955862756913, 'hands': 0.037111111111111116, 'continuity': 0.05}","['strongest contributions: semantic_diversity 0.131, visual_diversity 0.127, motion 0.120', '450 frames over 29.93 s (0 estimated missing, largest interval 66.7 ms)', 'external traffic proxy covers 2.23% of the sampled pixels', 'cockpit proxy covers 1.26% of the sampled pixels', ""hand tracking reports a hand in 74.2% of the window's frames (proxy signal, not visibility ground truth)""]"
8,motorcycle_5ab8604a14df,motorcycle,3450,3899,2404876560196,2434807748686,29.93118849,450,450,0,66.826248,0,478.8248596191406,0.0,0.3238484561443329,0.051038648933172226,0.0003563248901627958,0.028637459501624107,0.2516983695652174,0.066650390625,0.48882595688458524,0.014572708867490292,0.02926771529018879,0.040117502212524414,0.0,0.0,0.7533333333333333,339,25.05500030517578,1.0,1.0,True,[],0.54521104039646,"{'motion': 0.11052568129108971, 'visual_diversity': 0.11881044487427468, 'semantic_diversity': 0.12432713668268017, 'traffic': 0.022575961846339587, 'cockpit': 0.06963495795591258, 'sharpness': 0.011670191079496555, 'hands': 0.03766666666666667, 'continuity': 0.05}","['strongest contributions: semantic_diversity 0.124, visual_diversity 0.119, motion 0.111', '450 frames over 29.93 s (0 estimated missing, largest interval 66.8 ms)', 'external traffic proxy covers 1.46% of the sampled pixels', 'cockpit proxy covers 4.01% of the sampled pixels', ""hand tracking reports a hand in 75.3% of the window's frames (proxy signal, not visibility ground truth)""]"
9,motorcycle_5ab8604a14df,motorcycle,11850,12299,2964832808113,2994763696310,29.930888197,450,450,0,66.68672,0,724.6406860351562,0.0,0.31026729941368103,0.0552288219332695,0.0008827847777865827,0.02689509280025959,0.24371603260869565,0.13191731770833334,0.5073498046550354,0.027178503572940826,0.04281887784600258,0.023488590493798256,0.0,0.0,0.7,315,11.66599988937378,1.0,1.0,True,[],0.5398160618439208,"{'motion': 0.09828138224529125, 'visual_diversity': 0.11199226305609283, 'semantic_diversity': 0.13339154679668075, 'traffic': 0.042539032352636556, 'cockpit': 0.03989099370852423, 'sharpness': 0.028720843684695185, 'hands': 0.034999999999999996, 'continuity': 0.05}","['strongest contributions: semantic_diversity 0.133, visual_diversity 0.112, motion 0.098', '450 frames over 29.93 s (0 estimated missing, largest interval 66.7 ms)', 'external traffic proxy covers 2.72% of the sampled pixels', 'cockpit proxy covers 2.35% of the sampled pixels', ""hand tracking reports a hand in 70.0% of the window's frames (proxy signal, not visibility ground truth)""]"
10,motorcycle_5ab8604a14df,motorcycle,13200,13649,3054825018145,3084756615978,29.931597833,450,450,0,66.724948,0,710.957763671875,0.0,0.304800420999527,0.058803632855415344,0.00021527224453166127,0.029959330335259438,0.23618659420289856,0.057535807291666664,0.5161451691900963,0.021249502897262573,0.052839040756225586,0.018413404002785683,0.0,0.0,0.6911111111111111,311,14.15250015258789,1.0,1.0,True,[],0.5393613439292723,"{'motion': 0.11981498977837571, 'visual_diversity': 0.10556092843326886, 'semantic_diversity': 0.13769544694938593, 'traffic': 0.03314961571639148, 'cockpit': 0.03081305956040367, 'sharpness': 0.02777174793589107, 'hands': 0.034555555555555555, 'continuity': 0.05}","['strongest contributions: semantic_diversity 0.138, motion 0.120, visual_diversity 0.106', '450 frames over 29.93 s (0 estimated missing, largest interval 66.7 ms)', 'external traffic proxy covers 2.12% of the sampled pixels', 'cockpit proxy covers 1.84% of the sampled pixels', ""hand tracking reports a hand in 69.1% of the window's frames (proxy signal, not visibility ground truth)""]"
11,motorcycle_5ab8604a14df,motorcycle,11625,12074,2949833920592,2979764798770,29.930878178,450,450,0,66.693376,0,594.08154296875,0.0,0.3081400692462921,0.05534706264734268,0.0007119090878404677,0.027111532166600227,0.23109148550724637,0.07820638020833333,0.5204494398155113,0.04227520897984505,0.052233435213565826,0.01644219271838665,0.0,0.0,0.6355555555555555,286,11.069000244140625,1.0,1.0,True,[],0.5359895394202756,"{'motion': 0.09980238716617412, 'visual_diversity': 0.10120889748549322, 'semantic_diversity': 0.13980168722267547, 'traffic': 0.06644681456651899, 'cockpit': 0.02728717410506224, 'sharpness': 0.019664801096573682, 'hands': 0.03177777777777778, 'continuity': 0.05}","['strongest contributions: semantic_diversity 0.140, visual_diversity 0.101, motion 0.100', '450 frames over 29.93 s (0 estimated missing, largest interval 66.7 ms)', 'external traffic proxy covers 4.23% of the sampled pixels', 'cockpit proxy covers 1.64% of the sampled pixels', ""hand tracking reports a hand in 63.6% of the window's frames (proxy signal, not visibility ground truth)""]"
12,motorcycle_5ab8604a14df,motorcycle,3525,3974,2409876275884,2439807356238,29.931080354,450,450,0,66.826248,0,491.1770935058594,0.0,0.32769203186035156,0.04737906903028488,0.0003432111407164484,0.026883140206336975,0.22593976449275363,0.07421875,0.4966980071012492,0.018988262861967087,0.029414651915431023,0.03884955123066902,0.0,0.0,0.92,414,24.222000122070312,1.0,1.0,True,[],0.5286477147576689,"{'motion': 0.09819738664651925, 'visual_diversity': 0.09680851063829787, 'semantic_diversity': 0.12817922467682127, 'traffic': 0.029568620205117056, 'cockpit': 0.06736698700810381, 'sharpness': 0.012526985582809633, 'hands': 0.046000000000000006, 'continuity': 0.05}","['strongest contributions: semantic_diversity 0.128, motion 0.098, visual_diversity 0.097', '450 frames over 29.93 s (0 estimated missing, largest interval 66.8 ms)', 'external traffic proxy covers 1.90% of the sampled pixels', 'cockpit proxy covers 3.88% of the sampled pixels', ""hand tracking reports a hand in 92.0% of the window's frames (proxy signal, not visibility ground truth)""]"
13,motorcycle_5ab8604a14df,motorcycle,11700,12149,2954833478071,2984764519873,29.931041802,450,450,0,66.68672,0,618.3894653320312,0.0,0.3071638345718384,0.05623793601989746,0.000896153855137527,0.02656998485326767,0.21393795289855072,0.09659830729166667,0.5243508308052528,0.04291721060872078,0.05187559500336647,0.01843329519033432,0.0,0.0,0.6355555555555555,286,11.069000244140625,1.0,1.0,True,[],0.525705380057798,"{'motion': 0.09599672028405357, 'visual_diversity': 0.08655705996131528, 'semantic_diversity': 0.1417107834528063, 'traffic': 0.0674635155426869, 'cockpit': 0.030848638724049034, 'sharpness': 0.02135088431510905, 'hands': 0.03177777777777778, 'continuity': 0.05}","['strongest contributions: semantic_diversity 0.142, motion 0.096, visual_diversity 0.087', '450 frames over 29.93 s (0 estimated missing, largest interval 66.7 ms)', 'external traffic proxy covers 4.29% of the sampled pixels', 'cockpit proxy covers 1.84% of the sampled pixels', ""hand tracking reports a hand in 63.6% of the window's frames (proxy signal, not visibility ground truth)""]"
14,motorcycle_5ab8604a14df,motorcycle,3375,3824,2399877027737,2429808166707,29.93113897,450,450,0,66.826248,0,466.2955627441406,0.0,0.31887948513031006,0.055410485714673996,0.0003545139916241169,0.029619881883263588,0.24513134057971014,0.05224609375,0.47434610166058855,0.00851372443139553,0.029896605759859085,0.040600359439849854,0.0,0.0,0.5888888888888889,265,28.5,1.0,1.0,True,[],0.5215972114945973,"{'motion': 0.11742955142397214, 'visual_diversity': 0.11320116054158609, 'semantic_diversity': 0.11724160306309189, 'traffic': 0.0129806974206849, 'cockpit': 0.07049863973792526, 'sharpness': 0.010801114862892517, 'hands': 0.029444444444444447, 'continuity': 0.05}","['strongest contributions: motion 0.117, semantic_diversity 0.117, visual_diversity 0.113', '450 frames over 29.93 s (0 estimated missing, largest interval 66.8 ms)', 'external traffic proxy covers 0.85% of the sampled pixels', 'cockpit proxy covers 4.06% of the sampled pixels', ""hand tracking reports a hand in 58.9% of the window's frames (proxy signal, not visibility ground truth)""]"
15,motorcycle_5ab8604a14df,motorcycle,9525,9974,2809844790498,2839775307019,29.930516521,450,450,0,66.774938,0,530.3278198242188,0.0,0.3183259963989258,0.05520721524953842,0.00020416764891706407,0.026238683611154556,0.3020833333333333,0.056559244791666664,0.4642754932709101,0.015028438530862331,0.03593840450048447,0.02268677018582821,0.0,0.0,0.4777777777777778,215,15.0,1.0,1.0,True,[],0.518715376934907,"{'motion': 0.09366853559164605, 'visual_diversity': 0.16184719535783365, 'semantic_diversity': 0.11231367849403126, 'traffic': 0.023297674647022697, 'cockpit': 0.0384567859277328, 'sharpness': 0.015242618027751592, 'hands': 0.02388888888888889, 'continuity': 0.05}","['strongest contributions: visual_diversity 0.162, semantic_diversity 0.112, motion 0.094', '450 frames over 29.93 s (0 estimated missing, largest interval 66.8 ms)', 'external traffic proxy covers 1.50% of the sampled pixels', 'cockpit proxy covers 2.27% of the sampled pixels', ""hand tracking reports a hand in 47.8% of the window's frames (proxy signal, not visibility ground truth)""]"
16,motorcycle_5ab8604a14df,motorcycle,11550,11999,2944834318727,2974765298561,29.930979834,450,450,0,66.693376,0,609.1849975585938,0.0,0.3101915121078491,0.05541817471385002,0.000537272950168699,0.026614205911755562,0.23182744565217392,0.0751953125,0.5110858774039887,0.040015093982219696,0.052824120968580246,0.010939760133624077,0.0,0.0,0.6511111111111111,293,11.429999828338623,1.0,1.0,True,[],0.5169453654273172,"{'motion': 0.09630747912937783, 'visual_diversity': 0.10183752417794972, 'semantic_diversity': 0.13521974664111464, 'traffic': 0.0628676007125582, 'cockpit': 0.01744502924055273, 'sharpness': 0.020712429970208487, 'hands': 0.03255555555555555, 'continuity': 0.05}","['strongest contributions: semantic_diversity 0.135, visual_diversity 0.102, motion 0.096', '450 frames over 29.93 s (0 estimated missing, largest interval 66.7 ms)', 'external traffic proxy covers 4.00% of the sampled pixels', 'cockpit proxy covers 1.09% of the sampled pixels', ""hand tracking reports a hand in 65.1% of the window's frames (proxy signal, not visibility ground truth)""]"
17,motorcycle_5ab8604a14df,motorcycle,9375,9824,2799845367519,2829776319207,29.930951688,450,450,0,66.737261,0,557.703857421875,0.0,0.31939229369163513,0.05481618270277977,0.0006825992022641003,0.026178626343607903,0.30502717391304346,0.055501302083333336,0.46126484637704773,0.01624077744781971,0.030241113156080246,0.020521150901913643,0.0,0.0,0.34,153,14.179999828338623,1.0,1.0,True,[],0.5123909154995842,"{'motion': 0.09324648944995907, 'visual_diversity': 0.16436170212765958, 'semantic_diversity': 0.1108404565969077, 'traffic': 0.025217585913409044, 'cockpit': 0.034583164872804016, 'sharpness': 0.017141516538844697, 'hands': 0.017, 'continuity': 0.05}","['strongest contributions: visual_diversity 0.164, semantic_diversity 0.111, motion 0.093', '450 frames over 29.93 s (0 estimated missing, largest interval 66.7 ms)', 'external traffic proxy covers 1.62% of the sampled pixels', 'cockpit proxy covers 2.05% of the sampled pixels', ""hand tracking reports a hand in 34.0% of the window's frames (proxy signal, not visibility ground truth)""]"
18,motorcycle_5ab8604a14df,motorcycle,13050,13499,3044826384926,3074757426156,29.93104123,450,450,0,66.724948,0,683.5167846679688,0.0,0.3064880073070526,0.05837251618504524,0.00023512080952059478,0.029221899807453156,0.24484827898550723,0.060791015625,0.4892165764845671,0.02166476473212242,0.05582207441329956,0.009194380603730679,0.0,0.0,0.7177777777777777,323,12.985499858856201,1.0,1.0,True,[],0.5119979990835732,"{'motion': 0.11463277417422653, 'visual_diversity': 0.1129593810444874, 'semantic_diversity': 0.12451828143277094, 'traffic': 0.03380724194953147, 'cockpit': 0.01432308673382749, 'sharpness': 0.025868344859840506, 'hands': 0.03588888888888889, 'continuity': 0.05}","['strongest contributions: semantic_diversity 0.125, motion 0.115, visual_diversity 0.113', '450 frames over 29.93 s (0 estimated missing, largest interval 66.7 ms)', 'external traffic proxy covers 2.17% of the sampled pixels', 'cockpit proxy covers 0.92% of the sampled pixels', ""hand tracking reports a hand in 71.8% of the window's frames (proxy signal, not visibility ground truth)""]"
19,motorcycle_5ab8604a14df,motorcycle,11925,12374,2969832219479,2999763290531,29.931071052,450,450,0,66.686719,0,754.7664794921875,0.0,0.30894869565963745,0.055615268647670746,0.0009111193940043449,0.026130497455596924,0.21218297101449277,0.17081705729166666,0.5135349301850161,0.028172466903924942,0.052717648446559906,0.018531855195760727,0.0,0.0,0.7977777777777778,359,11.66599988937378,1.0,1.0,True,[],0.5102218660354526,"{'motion': 0.09290826874298237, 'visual_diversity': 0.0850580270793037, 'semantic_diversity': 0.13641815957740958, 'traffic': 0.04411311479017856, 'cockpit': 0.03102493199730781, 'sharpness': 0.03081047495938165, 'hands': 0.03988888888888889, 'continuity': 0.05}","['strongest contributions: semantic_diversity 0.136, motion 0.093, visual_diversity 0.085', '450 frames over 29.93 s (0 estimated missing, largest interval 66.7 ms)', 'external traffic proxy covers 2.82% of the sampled pixels', 'cockpit proxy covers 1.85% of the sampled pixels', ""hand tracking reports a hand in 79.8% of the window's frames (proxy signal, not visibility ground truth)""]"
20,motorcycle_5ab8604a14df,motorcycle,9300,9749,2794845911999,2824777027655,29.931115656,450,450,0,66.762625,0,587.5635986328125,0.0,0.3161962628364563,0.05585969239473343,0.0009673945605754852,0.028195152059197426,0.29483695652173914,0.054850260416666664,0.4511001817532971,0.016734031960368156,0.029739946126937866,0.016977494582533836,0.0,0.0,0.34,153,14.179999828338623,1.0,1.0,True,[],0.509397640434323,"{'motion': 0.10741741218160013, 'visual_diversity': 0.15565764023210835, 'semantic_diversity': 0.1058665068018803, 'traffic': 0.025998724654887687, 'cockpit': 0.02824466307235432, 'sharpness': 0.01921269349149211, 'hands': 0.017, 'continuity': 0.05}","['strongest contributions: visual_diversity 0.156, motion 0.107, semantic_diversity 0.106', '450 frames over 29.93 s (0 estimated missing, largest interval 66.8 ms)', 'external traffic proxy covers 1.67% of the sampled pixels', 'cockpit proxy covers 1.70% of the sampled pixels', ""hand tracking reports a hand in 34.0% of the window's frames (proxy signal, not visibility ground truth)""]"
21,motorcycle_5ab8604a14df,motorcycle,12000,12449,2974831960019,3004762802665,29.930842646,450,450,0,66.686719,0,780.0382080078125,0.0,0.3106120824813843,0.054701562970876694,0.0009322036057710648,0.025207608938217163,0.21614583333333334,0.23030598958333334,0.511067488316992,0.02952134981751442,0.05684859678149223,0.01568807102739811,0.0,0.0,0.8244444444444444,371,11.513500213623047,1.0,1.0,True,[],0.5060496354634707,"{'motion': 0.0864227665901452, 'visual_diversity': 0.08844294003868473, 'semantic_diversity': 0.13521074817447715, 'traffic': 0.04624926291395238, 'cockpit': 0.025938284352422344, 'sharpness': 0.03256341117156664, 'hands': 0.04122222222222222, 'continuity': 0.05}","['strongest contributions: semantic_diversity 0.135, visual_diversity 0.088, motion 0.086', '450 frames over 29.93 s (0 estimated missing, largest interval 66.7 ms)', 'external traffic proxy covers 2.95% of the sampled pixels', 'cockpit proxy covers 1.57% of the sampled pixels', ""hand tracking reports a hand in 82.4% of the window's frames (proxy signal, not visibility ground truth)""]"
22,motorcycle_5ab8604a14df,motorcycle,9600,10049,2814844467561,2844775477279,29.931009718,450,450,0,66.774938,0,562.937744140625,0.0,0.31677481532096863,0.05619501695036888,0.00023620048887096345,0.027763135731220245,0.2703238224637681,0.055338541666666664,0.452884443611631,0.017500586807727814,0.03886967524886131,0.02193399891257286,0.0,0.0,0.4888888888888889,220,22.13800048828125,1.0,1.0,True,[],0.5021125981696009,"{'motion': 0.10438146279834015, 'visual_diversity': 0.1347195357833656, 'semantic_diversity': 0.106739612726477, 'traffic': 0.02721267338421039, 'cockpit': 0.03711031165347504, 'sharpness': 0.01750455737928814, 'hands': 0.024444444444444446, 'continuity': 0.05}","['strongest contributions: visual_diversity 0.135, semantic_diversity 0.107, motion 0.104', '450 frames over 29.93 s (0 estimated missing, largest interval 66.8 ms)', 'external traffic proxy covers 1.75% of the sampled pixels', 'cockpit proxy covers 2.19% of the sampled pixels', ""hand tracking reports a hand in 48.9% of the window's frames (proxy signal, not visibility ground truth)""]"
23,motorcycle_5ab8604a14df,motorcycle,13275,13724,3059824935207,3089756292696,29.931357489,450,450,0,66.699636,0,659.4955444335938,0.0,0.3053445518016815,0.0597185418009758,0.00014437483332585543,0.027980562299489975,0.21280570652173914,0.14461263020833334,0.5253866490292392,0.019699661061167717,0.06766537576913834,0.02128160372376442,0.0,0.0,0.5244444444444445,236,14.15250015258789,1.0,1.0,True,[],0.500779963852892,"{'motion': 0.10590940517712377, 'visual_diversity': 0.0855899419729207, 'semantic_diversity': 0.14221764797156713, 'traffic': 0.030695220529851387, 'cockpit': 0.03594337905443825, 'sharpness': 0.024202146924768644, 'hands': 0.026222222222222227, 'continuity': 0.05}","['strongest contributions: semantic_diversity 0.142, motion 0.106, visual_diversity 0.086', '450 frames over 29.93 s (0 estimated missing, largest interval 66.7 ms)', 'external traffic proxy covers 1.97% of the sampled pixels', 'cockpit proxy covers 2.13% of the sampled pixels', ""hand tracking reports a hand in 52.4% of the window's frames (proxy signal, not visibility ground truth)""]"
24,motorcycle_5ab8604a14df,motorcycle,3600,4049,2414875700706,2444806970394,29.931269688,450,450,0,66.826248,0,470.2320556640625,0.0,0.3288472592830658,0.04616371914744377,0.00034235819475725293,0.024836860597133636,0.22831748188405798,0.07535807291666667,0.4920159674207415,0.019459135830402374,0.029786059632897377,0.02881876565515995,0.0,0.0,1.0,450,24.222000122070312,1.0,1.0,True,[],0.49935845983189886,"{'motion': 0.08381737155165803, 'visual_diversity': 0.09883945841392651, 'semantic_diversity': 0.12588812790469991, 'traffic': 0.030314314585203905, 'cockpit': 0.04942502348230215, 'sharpness': 0.011074163894108348, 'hands': 0.05, 'continuity': 0.05}","['strongest contributions: semantic_diversity 0.126, visual_diversity 0.099, motion 0.084', '450 frames over 29.93 s (0 estimated missing, largest interval 66.8 ms)', 'external traffic proxy covers 1.95% of the sampled pixels', 'cockpit proxy covers 2.88% of the sampled pixels', ""hand tracking reports a hand in 100.0% of the window's frames (proxy signal, not visibility ground truth)""]"
25,motorcycle_5ab8604a14df,motorcycle,3300,3749,2394877488914,2424808299352,29.930810438,450,450,0,66.826248,0,438.5774230957031,0.0,0.31706032156944275,0.05738595873117447,0.000338495709002018,0.028962690383195877,0.23873414855072464,0.058837890625,0.4654920856685905,0.005013247020542622,0.029124170541763306,0.04479324445128441,0.0,0.0,0.4222222222222222,190,29.361000061035156,1.0,1.0,True,[],0.49888235505248135,"{'motion': 0.11281120716217918, 'visual_diversity': 0.10773694390715667, 'semantic_diversity': 0.11290900256335028, 'traffic': 0.00743719310450391, 'cockpit': 0.07799841025706741, 'sharpness': 0.008878486947112808, 'hands': 0.021111111111111112, 'continuity': 0.05}","['strongest contributions: semantic_diversity 0.113, motion 0.113, visual_diversity 0.108', '450 frames over 29.93 s (0 estimated missing, largest interval 66.8 ms)', 'external traffic proxy covers 0.50% of the sampled pixels', 'cockpit proxy covers 4.48% of the sampled pixels', ""hand tracking reports a hand in 42.2% of the window's frames (proxy signal, not visibility ground truth)""]"
26,motorcycle_5ab8604a14df,motorcycle,7875,8324,2699852932499,2729784328623,29.931396124,450,450,0,66.743604,0,585.5928955078125,0.0,0.2819701135158539,0.07665007561445236,0.0007528623100370169,0.020231526345014572,0.25430253623188404,0.11588541666666667,0.45205715013409914,0.09197025746107101,0.012568945996463299,0.0035244410391896963,0.0,0.0,0.008888888888888889,4,6.2769999504089355,0.8977777777777778,1.0,True,[],0.49767123745560243,"{'motion': 0.05145386865376405, 'visual_diversity': 0.1210348162475822, 'semantic_diversity': 0.10633478714931213, 'traffic': 0.14514599853907786, 'cockpit': 0.0041813238484882526, 'sharpness': 0.019075998572933503, 'hands': 0.00044444444444444447, 'continuity': 0.05}","['strongest contributions: traffic 0.145, visual_diversity 0.121, semantic_diversity 0.106', '450 frames over 29.93 s (0 estimated missing, largest interval 66.7 ms)', 'external traffic proxy covers 9.20% of the sampled pixels', 'cockpit proxy covers 0.35% of the sampled pixels', ""hand tracking reports a hand in 0.9% of the window's frames (proxy signal, not visibility ground truth)""]"
27,motorcycle_5ab8604a14df,motorcycle,13500,13949,3074824080957,3104754888300,29.930807343,450,450,0,66.686876,0,617.8007202148438,0.0,0.31182077527046204,0.05820175260305405,8.948036702349782e-05,0.028262613341212273,0.23505434782608695,0.07975260416666667,0.5356915724752571,0.011094382032752037,0.0783422514796257,0.023956526070833206,0.0,0.0,0.13333333333333333,60,12.75,1.0,1.0,True,[],0.49551776629826944,"{'motion': 0.1078914892575428, 'visual_diversity': 0.10459381044487426, 'semantic_diversity': 0.14726023164347005, 'traffic': 0.01706753612084362, 'cockpit': 0.040727985287337835, 'sharpness': 0.021310046877534215, 'hands': 0.006666666666666667, 'continuity': 0.05}","['strongest contributions: semantic_diversity 0.147, motion 0.108, visual_diversity 0.105', '450 frames over 29.93 s (0 estimated missing, largest interval 66.7 ms)', 'external traffic proxy covers 1.11% of the sampled pixels', 'cockpit proxy covers 2.40% of the sampled pixels', ""hand tracking reports a hand in 13.3% of the window's frames (proxy signal, not visibility ground truth)""]"
28,motorcycle_5ab8604a14df,motorcycle,8325,8774,2729850990082,2759781928081,29.930937999,450,450,0,66.870002,0,600.9033203125,0.0,0.30830731987953186,0.05759263038635254,0.00031319184927269816,0.026842214167118073,0.2611526268115942,0.057373046875,0.4252265271684483,0.01031019352376461,0.012433086521923542,0.047743283212184906,0.0,0.0,0.14,63,24.277000427246094,0.8022222222222222,1.0,True,[],0.494239985176603,"{'motion': 0.09790978320313165, 'visual_diversity': 0.12688588007736942, 'semantic_diversity': 0.0932055618831259, 'traffic': 0.01582566197796431, 'cockpit': 0.08327511440444839, 'sharpness': 0.020137983630563357, 'hands': 0.007000000000000001, 'continuity': 0.05}","['strongest contributions: visual_diversity 0.127, motion 0.098, semantic_diversity 0.093', '450 frames over 29.93 s (0 estimated missing, largest interval 66.9 ms)', 'external traffic proxy covers 1.03% of the sampled pixels', 'cockpit proxy covers 4.77% of the sampled pixels', ""hand tracking reports a hand in 14.0% of the window's frames (proxy signal, not visibility ground truth)""]"
29,motorcycle_5ab8604a14df,motorcycle,11475,11924,2939834760988,2969765545207,29.930784219,450,450,0,66.693376,0,602.9894409179688,0.0,0.31080305576324463,0.05515560880303383,0.00046484239283017814,0.024711711332201958,0.22107110507246377,0.09724934895833333,0.5085741600962097,0.03894427418708801,0.055998630821704865,0.008435058407485485,0.0,0.0,0.8,360,12.75,1.0,1.0,True,[],0.49399785545994085,"{'motion': 0.0829378982329902, 'visual_diversity': 0.09264990328820116, 'semantic_diversity': 0.1339906696129358, 'traffic': 0.061171805122573766, 'cockpit': 0.01296489489064561, 'sharpness': 0.020282684312594286, 'hands': 0.04000000000000001, 'continuity': 0.05}","['strongest contributions: semantic_diversity 0.134, visual_diversity 0.093, motion 0.083', '450 frames over 29.93 s (0 estimated missing, largest interval 66.7 ms)', 'external traffic proxy covers 3.89% of the sampled pixels', 'cockpit proxy covers 0.84% of the sampled pixels', ""hand tracking reports a hand in 80.0% of the window's frames (proxy signal, not visibility ground truth)""]"
30,motorcycle_5ab8604a14df,motorcycle,13350,13799,3064824840103,3094755925926,29.931085823,450,450,0,66.68672,0,643.1558837890625,0.0,0.3051745891571045,0.05962838977575302,0.00012380746193230152,0.02739996649324894,0.21654211956521738,0.17171223958333334,0.5342949115993425,0.01761339046061039,0.07648836076259613,0.022449862211942673,0.0,0.0,0.35777777777777775,161,12.568999767303467,1.0,1.0,True,[],0.49356955820740717,"{'motion': 0.10182932911117029, 'visual_diversity': 0.08878143133462281, 'semantic_diversity': 0.1465767933467213, 'traffic': 0.027391314027540005, 'cockpit': 0.038033031058841565, 'sharpness': 0.023068770439622258, 'hands': 0.017888888888888888, 'continuity': 0.05}","['strongest contributions: semantic_diversity 0.147, motion 0.102, visual_diversity 0.089', '450 frames over 29.93 s (0 estimated missing, largest interval 66.7 ms)', 'external traffic proxy covers 1.76% of the sampled pixels', 'cockpit proxy covers 2.24% of the sampled pixels', ""hand tracking reports a hand in 35.8% of the window's frames (proxy signal, not visibility ground truth)""]"
31,motorcycle_5ab8604a14df,motorcycle,8475,8924,2739850316322,2769780540050,29.930223728,450,450,0,66.870002,0,618.4502563476562,0.0,0.30760693550109863,0.06655032187700272,0.0008186827762983739,0.032387834042310715,0.23907382246376813,0.058186848958333336,0.41613643974118264,0.011160844005644321,0.01782701164484024,0.039388932287693024,0.0,0.0,0.0,0,24.90250015258789,1.0,1.0,True,[],0.49052522820677824,"{'motion': 0.13688104458743464, 'visual_diversity': 0.10802707930367506, 'semantic_diversity': 0.08875744281877593, 'traffic': 0.017172788116599398, 'cockpit': 0.06833177238595711, 'sharpness': 0.021355100994336147, 'hands': 0.0, 'continuity': 0.05}","['strongest contributions: motion 0.137, visual_diversity 0.108, semantic_diversity 0.089', '450 frames over 29.93 s (0 estimated missing, largest interval 66.9 ms)', 'external traffic proxy covers 1.12% of the sampled pixels', 'cockpit proxy covers 3.94% of the sampled pixels', ""hand tracking reports a hand in 0.0% of the window's frames (proxy signal, not visibility ground truth)""]"
32,motorcycle_5ab8604a14df,motorcycle,9450,9899,2804845100884,2834776204946,29.931104062,450,450,0,66.71198,0,516.0210571289062,0.0,0.3194447457790375,0.05471055954694748,0.00024790942552499473,0.024919187650084496,0.28526947463768115,0.058919270833333336,0.4612212982019188,0.014588532969355583,0.030446145683526993,0.02200588770210743,0.0,0.0,0.45555555555555555,205,14.179999828338623,1.0,1.0,True,[],0.4895685046029589,"{'motion': 0.08439591627195149, 'visual_diversity': 0.1474854932301741, 'semantic_diversity': 0.11081914684938783, 'traffic': 0.022601021564399172, 'cockpit': 0.03723889839576295, 'sharpness': 0.01425025051350559, 'hands': 0.02277777777777778, 'continuity': 0.05}","['strongest contributions: visual_diversity 0.147, semantic_diversity 0.111, motion 0.084', '450 frames over 29.93 s (0 estimated missing, largest interval 66.7 ms)', 'external traffic proxy covers 1.46% of the sampled pixels', 'cockpit proxy covers 2.20% of the sampled pixels', ""hand tracking reports a hand in 45.6% of the window's frames (proxy signal, not visibility ground truth)""]"
33,motorcycle_5ab8604a14df,motorcycle,8400,8849,2734850495457,2764781041135,29.930545678,450,450,0,66.870002,0,598.9600219726562,0.0,0.3123267889022827,0.059239841997623444,0.00031984789529815316,0.03047334961593151,0.23063858695652173,0.057861328125,0.4155598012466383,0.010314037092030048,0.014558693394064903,0.04999661445617676,0.0,0.0,0.02,9,24.90250015258789,0.9688888888888889,1.0,True,[],0.4868650920369487,"{'motion': 0.12342720630141082, 'visual_diversity': 0.10082205029013538, 'semantic_diversity': 0.0884752720804476, 'traffic': 0.01583174881549194, 'cockpit': 0.08730562494491512, 'sharpness': 0.020003189604547885, 'hands': 0.001, 'continuity': 0.05}","['strongest contributions: motion 0.123, visual_diversity 0.101, semantic_diversity 0.088', '450 frames over 29.93 s (0 estimated missing, largest interval 66.9 ms)', 'external traffic proxy covers 1.03% of the sampled pixels', 'cockpit proxy covers 5.00% of the sampled pixels', ""hand tracking reports a hand in 2.0% of the window's frames (proxy signal, not visibility ground truth)""]"
34,motorcycle_5ab8604a14df,motorcycle,7800,8249,2694853926259,2724784621010,29.930694751,450,450,0,66.743604,0,575.1367797851562,0.0,0.28184252977371216,0.08002453297376633,0.001000284100882709,0.023656204342842102,0.21297554347826086,0.09366861979166667,0.44243266590239433,0.09503534436225891,0.014151566661894321,0.00409681536257267,0.0,0.0,0.0022222222222222222,1,7.804999828338623,1.0,1.0,True,[],0.4865475717143322,"{'motion': 0.07552043369321725, 'visual_diversity': 0.08573500967117988, 'semantic_diversity': 0.10162516778226721, 'traffic': 0.15, 'cockpit': 0.005205123944296953, 'sharpness': 0.018350725512259847, 'hands': 0.00011111111111111112, 'continuity': 0.05}","['strongest contributions: traffic 0.150, semantic_diversity 0.102, visual_diversity 0.086', '450 frames over 29.93 s (0 estimated missing, largest interval 66.7 ms)', 'external traffic proxy covers 9.50% of the sampled pixels', 'cockpit proxy covers 0.41% of the sampled pixels', ""hand tracking reports a hand in 0.2% of the window's frames (proxy signal, not visibility ground truth)""]"
35,motorcycle_5ab8604a14df,motorcycle,13425,13874,3069824473540,3099755457812,29.930984272,450,450,0,66.686876,0,636.185791015625,0.0,0.3046156167984009,0.059339843690395355,9.279672667616978e-05,0.02805827185511589,0.2220901268115942,0.15047200520833334,0.5367909049772773,0.01233181357383728,0.07513473182916641,0.022041605785489082,0.0,0.0,0.19555555555555557,88,12.263500213623047,1.0,1.0,True,[],0.48646703656468376,"{'motion': 0.10645550091980222, 'visual_diversity': 0.0935203094777563, 'semantic_diversity': 0.147798176069134, 'traffic': 0.0190271851297807, 'cockpit': 0.037302786966047, 'sharpness': 0.022585300224385763, 'hands': 0.00977777777777778, 'continuity': 0.05}","['strongest contributions: semantic_diversity 0.148, motion 0.106, visual_diversity 0.094', '450 frames over 29.93 s (0 estimated missing, largest interval 66.7 ms)', 'external traffic proxy covers 1.23% of the sampled pixels', 'cockpit proxy covers 2.20% of the sampled pixels', ""hand tracking reports a hand in 19.6% of the window's frames (proxy signal, not visibility ground truth)""]"
36,motorcycle_5ab8604a14df,motorcycle,9675,10124,2819844056196,2849775091530,29.931035334,450,450,0,66.774938,0,561.564453125,0.0,0.31604433059692383,0.058639392256736755,0.0002322076034033671,0.02826417051255703,0.2612658514492754,0.056966145833333336,0.44272135434543075,0.013188116252422333,0.04168113321065903,0.02033623494207859,0.0,0.0,0.49333333333333335,222,22.75,1.0,1.0,True,[],0.48336309545671824,"{'motion': 0.10790243211566548, 'visual_diversity': 0.12698259187620894, 'semantic_diversity': 0.10176643381269902, 'traffic': 0.020383262326558543, 'cockpit': 0.034252407587472375, 'sharpness': 0.017409301071447184, 'hands': 0.02466666666666667, 'continuity': 0.05}","['strongest contributions: visual_diversity 0.127, motion 0.108, semantic_diversity 0.102', '450 frames over 29.93 s (0 estimated missing, largest interval 66.8 ms)', 'external traffic proxy covers 1.32% of the sampled pixels', 'cockpit proxy covers 2.03% of the sampled pixels', ""hand tracking reports a hand in 49.3% of the window's frames (proxy signal, not visibility ground truth)""]"
37,motorcycle_5ab8604a14df,motorcycle,9900,10349,2834842866406,2864773870894,29.931004488,450,450,0,66.774938,0,618.4521484375,0.0,0.3101653456687927,0.06123657524585724,0.0003189635172020644,0.03255094587802887,0.25407608695652173,0.060628255208333336,0.4275763411774331,0.014247187413275242,0.04643170163035393,0.00919121690094471,0.0,0.0,0.3977777777777778,179,23.569000244140625,1.0,1.0,True,[],0.48084610337820904,"{'motion': 0.13802729588624454, 'visual_diversity': 0.12084139264990329, 'semantic_diversity': 0.09435541358418771, 'traffic': 0.022060452281599686, 'cockpit': 0.01431742785102464, 'sharpness': 0.02135523223636028, 'hands': 0.01988888888888889, 'continuity': 0.05}","['strongest contributions: motion 0.138, visual_diversity 0.121, semantic_diversity 0.094', '450 frames over 29.93 s (0 estimated missing, largest interval 66.8 ms)', 'external traffic proxy covers 1.42% of the sampled pixels', 'cockpit proxy covers 0.92% of the sampled pixels', ""hand tracking reports a hand in 39.8% of the window's frames (proxy signal, not visibility ground truth)""]"
38,motorcycle_5ab8604a14df,motorcycle,12600,13049,3014828494833,3044759723467,29.931228634,450,450,0,66.775208,0,650.0801391601562,0.0,0.29961737990379333,0.06863101571798325,0.0005653522675856948,0.0308049526065588,0.24739583333333334,0.0517578125,0.4936226322390455,0.01545138843357563,0.06491293013095856,0.009338153526186943,0.0,0.0,0.022222222222222223,10,9.416000366210938,1.0,1.0,True,[],0.4807751372283819,"{'motion': 0.12575751149981818, 'visual_diversity': 0.11513539651837523, 'semantic_diversity': 0.12667432896882633, 'traffic': 0.023967476030099816, 'cockpit': 0.014580251889167506, 'sharpness': 0.023549061210983706, 'hands': 0.0011111111111111111, 'continuity': 0.05}","['strongest contributions: semantic_diversity 0.127, motion 0.126, visual_diversity 0.115', '450 frames over 29.93 s (0 estimated missing, largest interval 66.8 ms)', 'external traffic proxy covers 1.55% of the sampled pixels', 'cockpit proxy covers 0.93% of the sampled pixels', ""hand tracking reports a hand in 2.2% of the window's frames (proxy signal, not visibility ground truth)""]"
39,motorcycle_5ab8604a14df,motorcycle,3150,3599,2384878297873,2414809033072,29.930735199,450,450,0,66.794291,0,390.5315246582031,0.0,0.310128390789032,0.06116429343819618,0.00010077304614242166,0.027114905416965485,0.21812726449275363,0.062744140625,0.4709822647089169,0.00963270477950573,0.028950108215212822,0.05709363892674446,0.0,0.0,0.09777777777777778,44,30.416000366210938,1.0,1.0,True,[],0.4807445459212664,"{'motion': 0.09982609232892557, 'visual_diversity': 0.09013539651837525, 'semantic_diversity': 0.1155955520879148, 'traffic': 0.014752762102559016, 'cockpit': 0.1, 'sharpness': 0.005545853994602905, 'hands': 0.00488888888888889, 'continuity': 0.05}","['strongest contributions: semantic_diversity 0.116, cockpit 0.100, motion 0.100', '450 frames over 29.93 s (0 estimated missing, largest interval 66.8 ms)', 'external traffic proxy covers 0.96% of the sampled pixels', 'cockpit proxy covers 5.71% of the sampled pixels', ""hand tracking reports a hand in 9.8% of the window's frames (proxy signal, not visibility ground truth)""]"
40,motorcycle_5ab8604a14df,motorcycle,6600,7049,2614860285560,2644790919874,29.930634314,450,450,0,66.743366,0,618.7450561523438,0.0,0.3144325315952301,0.054677098989486694,0.0003625449608080089,0.027796681970357895,0.2637001811594203,0.058024088541666664,0.4395017621279246,0.023570794612169266,0.02312156930565834,0.022426564246416092,0.0,0.0,0.008888888888888889,4,17.444000244140625,1.0,1.0,True,[],0.48050713182322907,"{'motion': 0.10461720547153378, 'visual_diversity': 0.12906189555125727, 'semantic_diversity': 0.10019096716986278, 'traffic': 0.03682571161142685, 'cockpit': 0.03799135822628458, 'sharpness': 0.02137554934841934, 'hands': 0.00044444444444444447, 'continuity': 0.05}","['strongest contributions: visual_diversity 0.129, motion 0.105, semantic_diversity 0.100', '450 frames over 29.93 s (0 estimated missing, largest interval 66.7 ms)', 'external traffic proxy covers 2.36% of the sampled pixels', 'cockpit proxy covers 2.24% of the sampled pixels', ""hand tracking reports a hand in 0.9% of the window's frames (proxy signal, not visibility ground truth)""]"
41,motorcycle_5ab8604a14df,motorcycle,12975,13424,3039826670082,3069757812081,29.931141999,450,450,0,66.724948,0,629.6197509765625,0.0,0.3079538643360138,0.0582725815474987,0.00024463608860969543,0.028250936418771744,0.2301290760869565,0.056803385416666664,0.48699210724420894,0.020271355286240578,0.05782878026366234,0.009352168068289757,0.0,0.0,0.5511111111111111,248,12.985499858856201,1.0,1.0,True,[],0.4775173550794802,"{'motion': 0.10780943091116574, 'visual_diversity': 0.10038684719535783, 'semantic_diversity': 0.12342976560547336, 'traffic': 0.03160057972297212, 'cockpit': 0.014605319557232653, 'sharpness': 0.022129856531722912, 'hands': 0.027555555555555555, 'continuity': 0.05}","['strongest contributions: semantic_diversity 0.123, motion 0.108, visual_diversity 0.100', '450 frames over 29.93 s (0 estimated missing, largest interval 66.7 ms)', 'external traffic proxy covers 2.03% of the sampled pixels', 'cockpit proxy covers 0.94% of the sampled pixels', ""hand tracking reports a hand in 55.1% of the window's frames (proxy signal, not visibility ground truth)""]"
42,motorcycle_5ab8604a14df,motorcycle,12750,13199,3024827531935,3054758356685,29.93082475,450,450,0,66.730946,0,611.01904296875,0.0,0.30329206585884094,0.06687808781862259,0.0003904238110408187,0.0292129497975111,0.24960371376811594,0.055338541666666664,0.493165059037357,0.01863877847790718,0.06358009576797485,0.010672335512936115,0.0,0.0,0.051111111111111114,23,10.77750015258789,1.0,1.0,True,[],0.47741862970784427,"{'motion': 0.11456987891910742, 'visual_diversity': 0.11702127659574467, 'semantic_diversity': 0.1264504213223871, 'traffic': 0.02901516192954947, 'cockpit': 0.016966689557766597, 'sharpness': 0.020839645827733497, 'hands': 0.0025555555555555557, 'continuity': 0.05}","['strongest contributions: semantic_diversity 0.126, visual_diversity 0.117, motion 0.115', '450 frames over 29.93 s (0 estimated missing, largest interval 66.7 ms)', 'external traffic proxy covers 1.86% of the sampled pixels', 'cockpit proxy covers 1.07% of the sampled pixels', ""hand tracking reports a hand in 5.1% of the window's frames (proxy signal, not visibility ground truth)""]"
43,motorcycle_5ab8604a14df,motorcycle,12900,13349,3034827113332,3064758178696,29.931065364,450,450,0,66.724948,0,608.8875122070312,0.0,0.30836716294288635,0.05991610884666443,0.0002369645080761984,0.027699941769242287,0.24654664855072464,0.058186848958333336,0.4857626285809727,0.01829155534505844,0.04896782711148262,0.011141854338347912,0.0,0.0,0.3844444444444444,173,12.985499858856201,1.0,1.0,True,[],0.477361383001698,"{'motion': 0.10393737386588926, 'visual_diversity': 0.11441005802707929, 'semantic_diversity': 0.12282813580543989, 'traffic': 0.02846528466719174, 'cockpit': 0.01780651307675236, 'sharpness': 0.020691795337123293, 'hands': 0.019222222222222224, 'continuity': 0.05}","['strongest contributions: semantic_diversity 0.123, visual_diversity 0.114, motion 0.104', '450 frames over 29.93 s (0 estimated missing, largest interval 66.7 ms)', 'external traffic proxy covers 1.83% of the sampled pixels', 'cockpit proxy covers 1.11% of the sampled pixels', ""hand tracking reports a hand in 38.4% of the window's frames (proxy signal, not visibility ground truth)""]"
44,motorcycle_5ab8604a14df,motorcycle,12525,12974,3009829121664,3039760008624,29.93088696,450,450,0,66.775208,0,648.3521118164062,0.0,0.3033170700073242,0.06793250888586044,0.000592401425819844,0.03045060485601425,0.24960371376811594,0.05224609375,0.4896664444380154,0.014843297190964222,0.06765634566545486,0.0073239924386143684,0.0,0.0,0.07333333333333333,33,9.887999534606934,1.0,1.0,True,[],0.47610495044425705,"{'motion': 0.12326736988928602, 'visual_diversity': 0.11702127659574467, 'semantic_diversity': 0.124738418613649, 'traffic': 0.023004476978142827, 'cockpit': 0.010977542560343867, 'sharpness': 0.023429199140424014, 'hands': 0.003666666666666667, 'continuity': 0.05}","['strongest contributions: semantic_diversity 0.125, motion 0.123, visual_diversity 0.117', '450 frames over 29.93 s (0 estimated missing, largest interval 66.8 ms)', 'external traffic proxy covers 1.48% of the sampled pixels', 'cockpit proxy covers 0.73% of the sampled pixels', ""hand tracking reports a hand in 7.3% of the window's frames (proxy signal, not visibility ground truth)""]"
45,motorcycle_5ab8604a14df,motorcycle,10800,11249,2894838246279,2924769028248,29.930781969,450,450,0,66.737605,0,607.9727172851562,0.0,0.31987935304641724,0.0558643639087677,0.00039570778608322144,0.026034003123641014,0.2632472826086957,0.059651692708333336,0.445977633731071,0.009542733430862427,0.049189601093530655,0.010238081216812134,0.0,0.0,1.0,450,19.83300018310547,1.0,1.0,True,[],0.4756936311093976,"{'motion': 0.09223016495704144, 'visual_diversity': 0.12867504835589946, 'semantic_diversity': 0.10335985285624645, 'traffic': 0.01461027966345216, 'cockpit': 0.016189943341497915, 'sharpness': 0.020628341935260173, 'hands': 0.05, 'continuity': 0.05}","['strongest contributions: visual_diversity 0.129, semantic_diversity 0.103, motion 0.092', '450 frames over 29.93 s (0 estimated missing, largest interval 66.7 ms)', 'external traffic proxy covers 0.95% of the sampled pixels', 'cockpit proxy covers 1.02% of the sampled pixels', ""hand tracking reports a hand in 100.0% of the window's frames (proxy signal, not visibility ground truth)""]"
46,motorcycle_5ab8604a14df,motorcycle,6675,7124,2619859853529,2649790614967,29.930761438,450,450,0,66.743366,0,660.1470336914062,0.0,0.3170889914035797,0.055212315171957016,0.00045777883497066796,0.030200432986021042,0.25294384057971014,0.080322265625,0.4266601075335686,0.016535146161913872,0.023543905466794968,0.022470057010650635,0.0,0.0,0.044444444444444446,20,19.416000366210938,1.0,1.0,True,[],0.47551312697363773,"{'motion': 0.12150931334088862, 'visual_diversity': 0.11987427466150871, 'semantic_diversity': 0.09390706626395755, 'traffic': 0.02568376067919107, 'cockpit': 0.03806915328866112, 'sharpness': 0.024247336517208392, 'hands': 0.0022222222222222222, 'continuity': 0.05}","['strongest contributions: motion 0.122, visual_diversity 0.120, semantic_diversity 0.094', '450 frames over 29.93 s (0 estimated missing, largest interval 66.7 ms)', 'external traffic proxy covers 1.65% of the sampled pixels', 'cockpit proxy covers 2.25% of the sampled pixels', ""hand tracking reports a hand in 4.4% of the window's frames (proxy signal, not visibility ground truth)""]"
47,motorcycle_5ab8604a14df,motorcycle,9225,9674,2789846039092,2819777394737,29.931355645,450,450,0,66.762625,0,610.5736083984375,0.0,0.31319206953048706,0.057686325162649155,0.001112699625082314,0.028497805818915367,0.2706634963768116,0.055908203125,0.44297326824818617,0.01625637337565422,0.03228171914815903,0.013112385757267475,0.0,0.0,0.21555555555555556,97,15.777000427246094,1.0,1.0,True,[],0.47460364900924024,"{'motion': 0.10954427969945363, 'visual_diversity': 0.13500967117988394, 'semantic_diversity': 0.10188970468796696, 'traffic': 0.025242284285407503, 'cockpit': 0.02133118246366693, 'sharpness': 0.020808748915083577, 'hands': 0.010777777777777778, 'continuity': 0.05}","['strongest contributions: visual_diversity 0.135, motion 0.110, semantic_diversity 0.102', '450 frames over 29.93 s (0 estimated missing, largest interval 66.8 ms)', 'external traffic proxy covers 1.63% of the sampled pixels', 'cockpit proxy covers 1.31% of the sampled pixels', ""hand tracking reports a hand in 21.6% of the window's frames (proxy signal, not visibility ground truth)""]"
48,motorcycle_5ab8604a14df,motorcycle,12825,13274,3029827493072,3059758254833,29.930761761,450,450,0,66.724948,0,622.3209838867188,0.0,0.3056644797325134,0.06554380804300308,0.00035214246599934995,0.028166083618998528,0.23782835144927536,0.05712890625,0.48898544152118034,0.019081849604845047,0.05434231832623482,0.01191134937107563,0.0,0.0,0.21777777777777776,98,10.77750015258789,1.0,1.0,True,[],0.46999377105468193,"{'motion': 0.10721313677028088, 'visual_diversity': 0.10696324951644098, 'semantic_diversity': 0.12440517846810696, 'traffic': 0.029716828135690414, 'cockpit': 0.019182900968463985, 'sharpness': 0.021623588306809813, 'hands': 0.010888888888888889, 'continuity': 0.05}","['strongest contributions: semantic_diversity 0.124, motion 0.107, visual_diversity 0.107', '450 frames over 29.93 s (0 estimated missing, largest interval 66.7 ms)', 'external traffic proxy covers 1.91% of the sampled pixels', 'cockpit proxy covers 1.19% of the sampled pixels', ""hand tracking reports a hand in 21.8% of the window's frames (proxy signal, not visibility ground truth)""]"
49,motorcycle_5ab8604a14df,motorcycle,3675,4124,2419875599780,2449806590154,29.930990374,450,450,0,66.826248,0,448.4991760253906,0.0,0.3304571509361267,0.045251116156578064,0.000340195867465809,0.022662043571472168,0.2036911231884058,0.07511393229166667,0.4950584693869936,0.021280698478221893,0.029273364692926407,0.030280446633696556,0.0,0.0,1.0,450,24.222000122070312,1.0,1.0,True,[],0.46852088347598964,"{'motion': 0.06853407325903185, 'visual_diversity': 0.07780464216634429, 'semantic_diversity': 0.1273769376777297, 'traffic': 0.033199018359915934, 'cockpit': 0.052039517292965715, 'sharpness': 0.009566694720002128, 'hands': 0.05, 'continuity': 0.05}","['strongest contributions: semantic_diversity 0.127, visual_diversity 0.078, motion 0.069', '450 frames over 29.93 s (0 estimated missing, largest interval 66.8 ms)', 'external traffic proxy covers 2.13% of the sampled pixels', 'cockpit proxy covers 3.03% of the sampled pixels', ""hand tracking reports a hand in 100.0% of the window's frames (proxy signal, not visibility ground truth)""]"
50,motorcycle_5ab8604a14df,motorcycle,9975,10424,2839841993999,2869773447706,29.931453707,450,450,0,66.750072,0,593.2369995117188,0.0,0.3102748692035675,0.06108100712299347,0.00020597127149812877,0.0314113013446331,0.24490489130434784,0.060139973958333336,0.43086673509054857,0.013194220140576363,0.04192595183849335,0.011936215683817863,0.0,0.0,0.4022222222222222,181,23.63800048828125,1.0,1.0,True,[],0.4683294661586569,"{'motion': 0.13001856359017896, 'visual_diversity': 0.11300773694390719, 'semantic_diversity': 0.09596552613934856, 'traffic': 0.02039292870241415, 'cockpit': 0.019227379087638583, 'sharpness': 0.019606220584058337, 'hands': 0.02011111111111111, 'continuity': 0.05}","['strongest contributions: motion 0.130, visual_diversity 0.113, semantic_diversity 0.096', '450 frames over 29.93 s (0 estimated missing, largest interval 66.8 ms)', 'external traffic proxy covers 1.32% of the sampled pixels', 'cockpit proxy covers 1.19% of the sampled pixels', ""hand tracking reports a hand in 40.2% of the window's frames (proxy signal, not visibility ground truth)""]"
51,motorcycle_5ab8604a14df,motorcycle,9075,9524,2779847066051,2809778129040,29.931062989,450,450,0,66.762625,0,616.489501953125,0.0,0.3002174496650696,0.07208792865276337,0.0013171684695407748,0.02952197566628456,0.2661911231884058,0.059407552083333336,0.4350090794812359,0.015379954129457474,0.019144918769598007,0.011881510727107525,0.0,0.0,0.15555555555555556,70,17.88800048828125,1.0,1.0,True,[],0.4679043632159792,"{'motion': 0.11674152576427879, 'visual_diversity': 0.13118955512572536, 'semantic_diversity': 0.09799252986211276, 'traffic': 0.023854349639975247, 'cockpit': 0.01912952889130163, 'sharpness': 0.021219096154807673, 'hands': 0.007777777777777778, 'continuity': 0.05}","['strongest contributions: visual_diversity 0.131, motion 0.117, semantic_diversity 0.098', '450 frames over 29.93 s (0 estimated missing, largest interval 66.8 ms)', 'external traffic proxy covers 1.54% of the sampled pixels', 'cockpit proxy covers 1.19% of the sampled pixels', ""hand tracking reports a hand in 15.6% of the window's frames (proxy signal, not visibility ground truth)""]"
52,motorcycle_5ab8604a14df,motorcycle,6750,7199,2624859383696,2654790335499,29.930951803,450,450,0,66.743366,0,695.714111328125,0.0,0.31398510932922363,0.056815098971128464,0.0005193891120143235,0.031747668981552124,0.23301630434782608,0.11474609375,0.4279989014358763,0.015276648104190826,0.02459174208343029,0.018391476944088936,0.0,0.0,0.09333333333333334,42,19.624500274658203,1.0,1.0,True,[],0.4656431878117649,"{'motion': 0.1323823518401149, 'visual_diversity': 0.10285299806576403, 'semantic_diversity': 0.09456218809064408, 'traffic': 0.02369074984207979, 'cockpit': 0.030773838854866342, 'sharpness': 0.026714394451629122, 'hands': 0.004666666666666667, 'continuity': 0.05}","['strongest contributions: motion 0.132, visual_diversity 0.103, semantic_diversity 0.095', '450 frames over 29.93 s (0 estimated missing, largest interval 66.7 ms)', 'external traffic proxy covers 1.53% of the sampled pixels', 'cockpit proxy covers 1.84% of the sampled pixels', ""hand tracking reports a hand in 9.3% of the window's frames (proxy signal, not visibility ground truth)""]"
53,motorcycle_5ab8604a14df,motorcycle,3225,3674,2389877767186,2419808963633,29.931196447,450,450,0,66.794291,0,407.73040771484375,0.0,0.3122903108596802,0.0605713315308094,5.395620974013582e-05,0.028625328093767166,0.20623867753623187,0.06990559895833333,0.46017238066974814,0.003219491569325328,0.030181435868144035,0.05101974308490753,0.0,0.0,0.25555555555555554,115,30.05500030517578,1.0,1.0,True,[],0.463975776679712,"{'motion': 0.11044042909616968, 'visual_diversity': 0.0799806576402321, 'semantic_diversity': 0.11030587235020264, 'traffic': 0.004596525984308606, 'cockpit': 0.08913568465466616, 'sharpness': 0.006738829176355116, 'hands': 0.012777777777777777, 'continuity': 0.05}","['strongest contributions: motion 0.110, semantic_diversity 0.110, cockpit 0.089', '450 frames over 29.93 s (0 estimated missing, largest interval 66.8 ms)', 'external traffic proxy covers 0.32% of the sampled pixels', 'cockpit proxy covers 5.10% of the sampled pixels', ""hand tracking reports a hand in 25.6% of the window's frames (proxy signal, not visibility ground truth)""]"
54,motorcycle_5ab8604a14df,motorcycle,10050,10499,2844842132498,2874772733373,29.930600875,450,450,0,66.750072,0,600.9242553710938,0.0,0.31018921732902527,0.06067371368408203,0.00016504430095665157,0.032300930470228195,0.2502264492753623,0.060384114583333336,0.41595425108083867,0.008112477138638496,0.032540105283260345,0.013862213119864464,0.0,0.0,0.32222222222222224,145,23.83300018310547,1.0,1.0,True,[],0.4637600245322693,"{'motion': 0.13627033885947668, 'visual_diversity': 0.1175531914893617, 'semantic_diversity': 0.08866829110710442, 'traffic': 0.012345265210107486, 'cockpit': 0.022672390995051615, 'sharpness': 0.02013943576005622, 'hands': 0.016111111111111114, 'continuity': 0.05}","['strongest contributions: motion 0.136, visual_diversity 0.118, semantic_diversity 0.089', '450 frames over 29.93 s (0 estimated missing, largest interval 66.8 ms)', 'external traffic proxy covers 0.81% of the sampled pixels', 'cockpit proxy covers 1.39% of the sampled pixels', ""hand tracking reports a hand in 32.2% of the window's frames (proxy signal, not visibility ground truth)""]"
55,motorcycle_5ab8604a14df,motorcycle,12075,12524,2979831460227,3009762479519,29.931019292,450,450,0,66.705636,0,775.6619262695312,0.0,0.3137342035770416,0.054040756076574326,0.0007751589291729033,0.024816012009978294,0.1994451992753623,0.21866861979166666,0.49567171499467005,0.027056656777858734,0.05349821597337723,0.011442961171269417,0.0,0.0,0.6733333333333333,303,11.472000122070312,1.0,1.0,True,[],0.46214352554504834,"{'motion': 0.08367086029451996, 'visual_diversity': 0.07417794970986459, 'semantic_diversity': 0.12767702164286876, 'traffic': 0.04234607060623128, 'cockpit': 0.01834509978793058, 'sharpness': 0.032259856836966465, 'hands': 0.03366666666666667, 'continuity': 0.05}","['strongest contributions: semantic_diversity 0.128, motion 0.084, visual_diversity 0.074', '450 frames over 29.93 s (0 estimated missing, largest interval 66.7 ms)', 'external traffic proxy covers 2.71% of the sampled pixels', 'cockpit proxy covers 1.14% of the sampled pixels', ""hand tracking reports a hand in 67.3% of the window's frames (proxy signal, not visibility ground truth)""]"
56,motorcycle_5ab8604a14df,motorcycle,12675,13124,3019827703436,3049759039852,29.931336416,450,450,0,66.775208,0,613.5191650390625,0.0,0.29874640703201294,0.06881682574748993,0.0005315602757036686,0.029410868883132935,0.23873414855072464,0.053955078125,0.49162877480147904,0.01741400919854641,0.07182978838682175,0.009329335764050484,0.0,0.0,0.0,0,10.222000122070312,1.0,1.0,True,[],0.4620494466975128,"{'motion': 0.11596073451186345, 'visual_diversity': 0.10773694390715667, 'semantic_diversity': 0.1256986601041867, 'traffic': 0.027075565414682087, 'cockpit': 0.014564479648255708, 'sharpness': 0.021013063111368215, 'hands': 0.0, 'continuity': 0.05}","['strongest contributions: semantic_diversity 0.126, motion 0.116, visual_diversity 0.108', '450 frames over 29.93 s (0 estimated missing, largest interval 66.8 ms)', 'external traffic proxy covers 1.74% of the sampled pixels', 'cockpit proxy covers 0.93% of the sampled pixels', ""hand tracking reports a hand in 0.0% of the window's frames (proxy signal, not visibility ground truth)""]"
57,motorcycle_5ab8604a14df,motorcycle,10200,10649,2854841354697,2884772456062,29.931101365,450,450,0,66.750178,0,570.4230346679688,0.0,0.30894267559051514,0.06074004992842674,0.00016449384565930814,0.030656123533844948,0.2547554347826087,0.05712890625,0.4272019690932354,0.008043982088565826,0.022756393998861313,0.011174406856298447,0.0,0.0,0.4177777777777778,188,22.972000122070312,1.0,1.0,True,[],0.459319699007525,"{'motion': 0.12471163081833468, 'visual_diversity': 0.12142166344294006, 'semantic_diversity': 0.09417221935000628, 'traffic': 0.012236793547202982, 'cockpit': 0.01786473943253924, 'sharpness': 0.01802376352761288, 'hands': 0.02088888888888889, 'continuity': 0.05}","['strongest contributions: motion 0.125, visual_diversity 0.121, semantic_diversity 0.094', '450 frames over 29.93 s (0 estimated missing, largest interval 66.8 ms)', 'external traffic proxy covers 0.80% of the sampled pixels', 'cockpit proxy covers 1.12% of the sampled pixels', ""hand tracking reports a hand in 41.8% of the window's frames (proxy signal, not visibility ground truth)""]"
58,motorcycle_5ab8604a14df,motorcycle,6150,6599,2584862591207,2614793624155,29.931032948,450,450,0,66.692874,0,546.8988037109375,0.0,0.3145444691181183,0.05632529407739639,0.0001873956061899662,0.02016439288854599,0.2112205615942029,0.24853515625,0.4780596734891329,0.06027538329362869,0.02062717266380787,0.015084953047335148,0.0,0.0,0.37333333333333335,168,10.387999534606934,1.0,1.0,True,[],0.45914771760083584,"{'motion': 0.050982095337426175, 'visual_diversity': 0.08423597678916829, 'semantic_diversity': 0.11905879236732612, 'traffic': 0.094952653139023, 'cockpit': 0.024859493392473463, 'sharpness': 0.016392039908752078, 'hands': 0.018666666666666668, 'continuity': 0.05}","['strongest contributions: semantic_diversity 0.119, traffic 0.095, visual_diversity 0.084', '450 frames over 29.93 s (0 estimated missing, largest interval 66.7 ms)', 'external traffic proxy covers 6.03% of the sampled pixels', 'cockpit proxy covers 1.51% of the sampled pixels', ""hand tracking reports a hand in 37.3% of the window's frames (proxy signal, not visibility ground truth)""]"
59,motorcycle_5ab8604a14df,motorcycle,9150,9599,2784846267883,2814777806154,29.931538271,450,450,0,66.762625,0,615.9260864257812,0.0,0.30794939398765564,0.06447054445743561,0.0011685856152325869,0.028674328699707985,0.27004076086956524,0.055501302083333336,0.42271770649486606,0.012126103043556213,0.025855395942926407,0.012094229459762573,0.0,0.0,0.24666666666666667,111,17.194000244140625,1.0,1.0,True,[],0.45896521321361067,"{'motion': 0.11078477570936816, 'visual_diversity': 0.13447775628626696, 'semantic_diversity': 0.091977902286176, 'traffic': 0.0187014132196517, 'cockpit': 0.019510016711903652, 'sharpness': 0.02118001566691079, 'hands': 0.012333333333333335, 'continuity': 0.05}","['strongest contributions: visual_diversity 0.134, motion 0.111, semantic_diversity 0.092', '450 frames over 29.93 s (0 estimated missing, largest interval 66.8 ms)', 'external traffic proxy covers 1.21% of the sampled pixels', 'cockpit proxy covers 1.21% of the sampled pixels', ""hand tracking reports a hand in 24.7% of the window's frames (proxy signal, not visibility ground truth)""]"
60,motorcycle_5ab8604a14df,motorcycle,6300,6749,2594861785102,2624792722291,29.930937189,450,450,0,66.692874,0,532.2200927734375,0.0,0.3136001229286194,0.05426951125264168,0.00021219866175670177,0.02062002569437027,0.23346920289855072,0.20369466145833334,0.48422757001548433,0.0467800535261631,0.0223966296762228,0.021604107692837715,0.0,0.0,0.04,18,9.611000061035156,1.0,1.0,True,[],0.4569758152362599,"{'motion': 0.054184007039032756, 'visual_diversity': 0.10323984526112184, 'semantic_diversity': 0.12207697435350912, 'traffic': 0.07358087722574747, 'cockpit': 0.0365202386041197, 'sharpness': 0.015373872752729063, 'hands': 0.002, 'continuity': 0.05}","['strongest contributions: semantic_diversity 0.122, visual_diversity 0.103, traffic 0.074', '450 frames over 29.93 s (0 estimated missing, largest interval 66.7 ms)', 'external traffic proxy covers 4.68% of the sampled pixels', 'cockpit proxy covers 2.16% of the sampled pixels', ""hand tracking reports a hand in 4.0% of the window's frames (proxy signal, not visibility ground truth)""]"
61,motorcycle_5ab8604a14df,motorcycle,6075,6524,2579862965780,2609793935550,29.93096977,450,450,0,66.692824,0,556.8135375976562,0.0,0.31615936756134033,0.05564306303858757,0.00017331000708509237,0.019627727568149567,0.20210597826086957,0.253173828125,0.4740727431981409,0.0632428228855133,0.01750488206744194,0.013454409316182137,0.0,0.0,0.54,243,10.235499858856201,1.0,1.0,True,[],0.4564439851994102,"{'motion': 0.04721073614805635, 'visual_diversity': 0.07645067698259189, 'semantic_diversity': 0.11710783856435147, 'traffic': 0.0996520161843656, 'cockpit': 0.021942956503976856, 'sharpness': 0.017079760816067987, 'hands': 0.027000000000000003, 'continuity': 0.05}","['strongest contributions: semantic_diversity 0.117, traffic 0.100, visual_diversity 0.076', '450 frames over 29.93 s (0 estimated missing, largest interval 66.7 ms)', 'external traffic proxy covers 6.32% of the sampled pixels', 'cockpit proxy covers 1.35% of the sampled pixels', ""hand tracking reports a hand in 54.0% of the window's frames (proxy signal, not visibility ground truth)""]"
62,motorcycle_5ab8604a14df,motorcycle,11400,11849,2934835095905,2964766146655,29.93105075,450,450,0,66.693376,0,591.2977905273438,0.0,0.3066238760948181,0.05624252185225487,0.00045374801266007125,0.023111648857593536,0.19989809782608695,0.18416341145833334,0.5001974610607769,0.037846773862838745,0.05730794370174408,0.0044838241301476955,0.0,0.0,0.8977777777777778,404,15.387999534606934,1.0,1.0,True,[],0.4558417810023994,"{'motion': 0.0716936271988142, 'visual_diversity': 0.07456479690522243, 'semantic_diversity': 0.1298916381158274, 'traffic': 0.05943375711642952, 'cockpit': 0.005897362567057481, 'sharpness': 0.019471710210159546, 'hands': 0.044888888888888895, 'continuity': 0.05}","['strongest contributions: semantic_diversity 0.130, visual_diversity 0.075, motion 0.072', '450 frames over 29.93 s (0 estimated missing, largest interval 66.7 ms)', 'external traffic proxy covers 3.78% of the sampled pixels', 'cockpit proxy covers 0.45% of the sampled pixels', ""hand tracking reports a hand in 89.8% of the window's frames (proxy signal, not visibility ground truth)""]"
63,motorcycle_5ab8604a14df,motorcycle,6225,6674,2589862184904,2619793198728,29.931013824,450,450,0,66.692874,0,541.0121459960938,0.0,0.31221309304237366,0.055595919489860535,0.00022051905398257077,0.02000202238559723,0.2249207427536232,0.22078450520833334,0.4781452444095924,0.0544365830719471,0.021884270012378693,0.017214175313711166,0.0,0.0,0.20666666666666667,93,9.137999534606934,1.0,1.0,True,[],0.4555709706788665,"{'motion': 0.04984105367681342, 'visual_diversity': 0.09593810444874276, 'semantic_diversity': 0.11910066541262908, 'traffic': 0.08570608176282778, 'cockpit': 0.02866801147453848, 'sharpness': 0.015983720569981572, 'hands': 0.010333333333333333, 'continuity': 0.05}","['strongest contributions: semantic_diversity 0.119, visual_diversity 0.096, traffic 0.086', '450 frames over 29.93 s (0 estimated missing, largest interval 66.7 ms)', 'external traffic proxy covers 5.44% of the sampled pixels', 'cockpit proxy covers 1.72% of the sampled pixels', ""hand tracking reports a hand in 20.7% of the window's frames (proxy signal, not visibility ground truth)""]"
64,motorcycle_5ab8604a14df,motorcycle,3075,3524,2379878594249,2409809563936,29.930969687,450,450,0,66.794291,0,372.76385498046875,0.0,0.30761340260505676,0.0628930851817131,0.0001169611350633204,0.025698576122522354,0.2111639492753623,0.06941731770833333,0.4729237114054633,0.018045607954263687,0.02965766377747059,0.04633427411317825,0.0,0.0,0.02666666666666667,12,29.999500274658203,1.0,1.0,True,[],0.4550835675432055,"{'motion': 0.08987298692642604, 'visual_diversity': 0.08418762088974854, 'semantic_diversity': 0.11654557442075004, 'traffic': 0.028075791960226387, 'cockpit': 0.08075483424577128, 'sharpness': 0.004313425766949812, 'hands': 0.0013333333333333335, 'continuity': 0.05}","['strongest contributions: semantic_diversity 0.117, motion 0.090, visual_diversity 0.084', '450 frames over 29.93 s (0 estimated missing, largest interval 66.8 ms)', 'external traffic proxy covers 1.80% of the sampled pixels', 'cockpit proxy covers 4.63% of the sampled pixels', ""hand tracking reports a hand in 2.7% of the window's frames (proxy signal, not visibility ground truth)""]"
65,motorcycle_5ab8604a14df,motorcycle,9750,10199,2824843689217,2854774693238,29.931004021,450,450,0,66.774938,0,568.0172119140625,0.0,0.31176742911338806,0.060917358845472336,0.000231721336604096,0.029333746060729027,0.23318614130434784,0.060221354166666664,0.4358430415798623,0.011418548412621021,0.04420437663793564,0.018439853563904762,0.0,0.0,0.42444444444444446,191,23.444000244140625,1.0,1.0,True,[],0.45433782513533777,"{'motion': 0.11541876197529584, 'visual_diversity': 0.10299806576402322, 'semantic_diversity': 0.09840061864448449, 'traffic': 0.017580899732444994, 'cockpit': 0.03086036961975044, 'sharpness': 0.017856887177116573, 'hands': 0.021222222222222226, 'continuity': 0.05}","['strongest contributions: motion 0.115, visual_diversity 0.103, semantic_diversity 0.098', '450 frames over 29.93 s (0 estimated missing, largest interval 66.8 ms)', 'external traffic proxy covers 1.14% of the sampled pixels', 'cockpit proxy covers 1.84% of the sampled pixels', ""hand tracking reports a hand in 42.4% of the window's frames (proxy signal, not visibility ground truth)""]"
66,motorcycle_5ab8604a14df,motorcycle,10125,10574,2849841752987,2879772796717,29.93104373,450,450,0,66.750178,0,593.912353515625,0.0,0.30769413709640503,0.062382686883211136,0.0001721479493426159,0.031628724187612534,0.24784873188405798,0.057373046875,0.40669086885847117,0.007544397842139006,0.023093439638614655,0.012424270622432232,0.0,0.0,0.4288888888888889,193,23.63800048828125,1.0,1.0,True,[],0.45384759463247354,"{'motion': 0.1315464797898762, 'visual_diversity': 0.1155222437137331, 'semantic_diversity': 0.08413537243130811, 'traffic': 0.011445630771012313, 'cockpit': 0.020100357962651767, 'sharpness': 0.019653065519447677, 'hands': 0.021444444444444447, 'continuity': 0.05}","['strongest contributions: motion 0.132, visual_diversity 0.116, semantic_diversity 0.084', '450 frames over 29.93 s (0 estimated missing, largest interval 66.8 ms)', 'external traffic proxy covers 0.75% of the sampled pixels', 'cockpit proxy covers 1.24% of the sampled pixels', ""hand tracking reports a hand in 42.9% of the window's frames (proxy signal, not visibility ground truth)""]"
67,motorcycle_5ab8604a14df,motorcycle,10425,10874,2869840090197,2899771231405,29.931141208,450,450,0,66.750178,0,526.1045532226562,0.0,0.3125443756580353,0.0589885376393795,2.036398473137524e-05,0.024658339098095894,0.2597373188405797,0.059814453125,0.4625231642661991,0.005466490052640438,0.03636904060840607,0.019184252247214317,0.0,0.0,0.5711111111111111,257,19.40250015258789,1.0,1.0,True,[],0.4535480803771657,"{'motion': 0.08256283046188025, 'visual_diversity': 0.1256769825918762, 'semantic_diversity': 0.11145619850660136, 'traffic': 0.008154967970561682, 'cockpit': 0.03219186792803892, 'sharpness': 0.01494967736265173, 'hands': 0.028555555555555556, 'continuity': 0.05}","['strongest contributions: visual_diversity 0.126, semantic_diversity 0.111, motion 0.083', '450 frames over 29.93 s (0 estimated missing, largest interval 66.8 ms)', 'external traffic proxy covers 0.55% of the sampled pixels', 'cockpit proxy covers 1.92% of the sampled pixels', ""hand tracking reports a hand in 57.1% of the window's frames (proxy signal, not visibility ground truth)""]"
68,motorcycle_5ab8604a14df,motorcycle,12450,12899,3004829458072,3034760451874,29.930993802,450,450,0,66.775208,0,632.0296020507812,0.0,0.30433782935142517,0.06596872955560684,0.0006331789772957563,0.029639950022101402,0.24881114130434784,0.053304036458333336,0.47230525387942035,0.01135525293648243,0.07181712239980698,0.006004955153912306,0.0,0.0,0.07333333333333333,33,10.416000366210938,1.0,1.0,True,[],0.45222034760361046,"{'motion': 0.11757057816250563, 'visual_diversity': 0.1163442940038685, 'semantic_diversity': 0.11624294006942018, 'traffic': 0.017480662335088524, 'cockpit': 0.008618194065338699, 'sharpness': 0.022297012300722216, 'hands': 0.003666666666666667, 'continuity': 0.05}","['strongest contributions: motion 0.118, visual_diversity 0.116, semantic_diversity 0.116', '450 frames over 29.93 s (0 estimated missing, largest interval 66.8 ms)', 'external traffic proxy covers 1.14% of the sampled pixels', 'cockpit proxy covers 0.60% of the sampled pixels', ""hand tracking reports a hand in 7.3% of the window's frames (proxy signal, not visibility ground truth)""]"
69,motorcycle_5ab8604a14df,motorcycle,7725,8174,2689853895863,2719785058801,29.931162938,450,450,0,66.76249,0,553.3458251953125,0.0,0.2843315005302429,0.07968765497207642,0.001350158592686057,0.02501779980957508,0.20527626811594202,0.06380208333333333,0.42537969565402345,0.0754564106464386,0.01588541641831398,0.005965395364910364,0.0,0.0,0.0022222222222222222,1,8.387999534606934,1.0,1.0,True,[],0.4520197673586079,"{'motion': 0.08508890286852104, 'visual_diversity': 0.07915860735009671, 'semantic_diversity': 0.09328051294010924, 'traffic': 0.11899397115851518, 'cockpit': 0.008547433875519246, 'sharpness': 0.016839228054735377, 'hands': 0.00011111111111111112, 'continuity': 0.05}","['strongest contributions: traffic 0.119, semantic_diversity 0.093, motion 0.085', '450 frames over 29.93 s (0 estimated missing, largest interval 66.8 ms)', 'external traffic proxy covers 7.55% of the sampled pixels', 'cockpit proxy covers 0.60% of the sampled pixels', ""hand tracking reports a hand in 0.2% of the window's frames (proxy signal, not visibility ground truth)""]"
70,motorcycle_5ab8604a14df,motorcycle,12150,12599,2984831156020,3014761858686,29.930702666,450,450,0,66.705636,0,723.3695068359375,0.0,0.3196384012699127,0.05185354873538017,0.0005136829568073153,0.023999523371458054,0.21371150362318841,0.16487630208333334,0.48999664839313395,0.025287995114922523,0.04926599562168121,0.010127765126526356,0.0,0.0,0.5577777777777778,251,11.083000183105469,1.0,1.0,True,[],0.4512560324689075,"{'motion': 0.07793307211840905, 'visual_diversity': 0.08636363636363636, 'semantic_diversity': 0.12489999973370303, 'traffic': 0.03954514307218906, 'cockpit': 0.015992622079537232, 'sharpness': 0.028632670212543922, 'hands': 0.027888888888888894, 'continuity': 0.05}","['strongest contributions: semantic_diversity 0.125, visual_diversity 0.086, motion 0.078', '450 frames over 29.93 s (0 estimated missing, largest interval 66.7 ms)', 'external traffic proxy covers 2.53% of the sampled pixels', 'cockpit proxy covers 1.01% of the sampled pixels', ""hand tracking reports a hand in 55.8% of the window's frames (proxy signal, not visibility ground truth)""]"
71,motorcycle_5ab8604a14df,motorcycle,10275,10724,2859840273301,2889772014062,29.931740761,450,450,0,66.750178,0,545.4251098632812,0.0,0.30958810448646545,0.06003468483686447,0.00010214944632025436,0.028474995866417885,0.2592844202898551,0.057047526041666664,0.4361574538758819,0.006665942724794149,0.024436891078948975,0.013986093923449516,0.0,0.0,0.3511111111111111,158,21.55500030517578,1.0,1.0,True,[],0.45002241508279983,"{'motion': 0.10938398515331652, 'visual_diversity': 0.12529013539651843, 'semantic_diversity': 0.09855447231632002, 'traffic': 0.01005447203378568, 'cockpit': 0.022893975320899117, 'sharpness': 0.01628981930640453, 'hands': 0.017555555555555557, 'continuity': 0.05}","['strongest contributions: visual_diversity 0.125, motion 0.109, semantic_diversity 0.099', '450 frames over 29.93 s (0 estimated missing, largest interval 66.8 ms)', 'external traffic proxy covers 0.67% of the sampled pixels', 'cockpit proxy covers 1.40% of the sampled pixels', ""hand tracking reports a hand in 35.1% of the window's frames (proxy signal, not visibility ground truth)""]"
72,motorcycle_5ab8604a14df,motorcycle,12375,12824,2999829951936,3029760831664,29.930879728,450,450,0,66.775208,0,641.8143920898438,0.0,0.30920764803886414,0.05915432423353195,0.0005952336941845715,0.028135063126683235,0.2614356884057971,0.053141276041666664,0.4635242546325432,0.01074761338531971,0.05909649655222893,0.0055661797523498535,0.0,0.0,0.11777777777777777,53,10.416000366210938,1.0,1.0,True,[],0.44928522080882644,"{'motion': 0.10699514351767861, 'visual_diversity': 0.12712765957446812, 'semantic_diversity': 0.11194606938840561, 'traffic': 0.016518378600844378, 'cockpit': 0.007833360994031325, 'sharpness': 0.02297571984450953, 'hands': 0.005888888888888889, 'continuity': 0.05}","['strongest contributions: visual_diversity 0.127, semantic_diversity 0.112, motion 0.107', '450 frames over 29.93 s (0 estimated missing, largest interval 66.8 ms)', 'external traffic proxy covers 1.07% of the sampled pixels', 'cockpit proxy covers 0.56% of the sampled pixels', ""hand tracking reports a hand in 11.8% of the window's frames (proxy signal, not visibility ground truth)""]"
73,motorcycle_5ab8604a14df,motorcycle,10500,10949,2874839350686,2904770764228,29.931413542,450,450,0,66.750178,0,510.8420715332031,0.0,0.31374239921569824,0.059167083352804184,4.568974327412434e-05,0.023327484726905823,0.2427536231884058,0.059000651041666664,0.49148779561077627,0.006674306932836771,0.045565683394670486,0.017682110890746117,0.0,0.0,0.7022222222222222,316,19.374500274658203,1.0,1.0,True,[],0.4485851275188042,"{'motion': 0.07321039110769736, 'visual_diversity': 0.11117021276595743, 'semantic_diversity': 0.12562967372414807, 'traffic': 0.010067717947969256, 'cockpit': 0.02950500305335208, 'sharpness': 0.013891017808568946, 'hands': 0.035111111111111114, 'continuity': 0.05}","['strongest contributions: semantic_diversity 0.126, visual_diversity 0.111, motion 0.073', '450 frames over 29.93 s (0 estimated missing, largest interval 66.8 ms)', 'external traffic proxy covers 0.67% of the sampled pixels', 'cockpit proxy covers 1.77% of the sampled pixels', ""hand tracking reports a hand in 70.2% of the window's frames (proxy signal, not visibility ground truth)""]"
74,motorcycle_5ab8604a14df,motorcycle,8550,8999,2744849530602,2774780753561,29.931222959,450,450,0,66.870002,0,616.9052124023438,0.0,0.30208346247673035,0.07151435315608978,0.0009007467306219041,0.03247268497943878,0.2171082427536232,0.05908203125,0.39646015631481196,0.013031458482146263,0.019954880699515343,0.029220469295978546,0.0,0.0,0.0,0,24.027000427246094,1.0,1.0,True,[],0.44739806930867204,"{'motion': 0.13747732563877627, 'visual_diversity': 0.08926499032882013, 'semantic_diversity': 0.07912910292384047, 'traffic': 0.020135172445162313, 'cockpit': 0.05014354667447827, 'sharpness': 0.02124793129759455, 'hands': 0.0, 'continuity': 0.05}","['strongest contributions: motion 0.137, visual_diversity 0.089, semantic_diversity 0.079', '450 frames over 29.93 s (0 estimated missing, largest interval 66.9 ms)', 'external traffic proxy covers 1.30% of the sampled pixels', 'cockpit proxy covers 2.92% of the sampled pixels', ""hand tracking reports a hand in 0.0% of the window's frames (proxy signal, not visibility ground truth)""]"
75,motorcycle_5ab8604a14df,motorcycle,10725,11174,2889838675519,2919769413155,29.930737636,450,450,0,66.718687,0,550.18115234375,0.0,0.322917103767395,0.05598263069987297,8.304959192173555e-05,0.023848596960306168,0.22837409420289856,0.19222005208333334,0.4607941223321911,0.009136284701526165,0.053758423775434494,0.01645168662071228,0.0,0.0,0.9911111111111112,446,21.249500274658203,1.0,1.0,True,[],0.4438164174061352,"{'motion': 0.07687245261127225, 'visual_diversity': 0.09888781431334624, 'semantic_diversity': 0.11061011375205294, 'traffic': 0.013966610237562948, 'cockpit': 0.027304155751012273, 'sharpness': 0.016619715185333003, 'hands': 0.04955555555555556, 'continuity': 0.05}","['strongest contributions: semantic_diversity 0.111, visual_diversity 0.099, motion 0.077', '450 frames over 29.93 s (0 estimated missing, largest interval 66.7 ms)', 'external traffic proxy covers 0.91% of the sampled pixels', 'cockpit proxy covers 1.65% of the sampled pixels', ""hand tracking reports a hand in 99.1% of the window's frames (proxy signal, not visibility ground truth)""]"
76,motorcycle_5ab8604a14df,motorcycle,10650,11099,2884839104863,2914769905561,29.930800698,450,450,0,66.712189,0,538.0982055664062,0.0,0.3203326463699341,0.0561056025326252,5.5964686907827854e-05,0.023127727210521698,0.2318840579710145,0.19246419270833334,0.4720915738930483,0.009108479134738445,0.05448654666543007,0.019354701042175293,0.0,0.0,0.8244444444444444,371,20.55500030517578,1.0,1.0,True,[],0.44325402040515893,"{'motion': 0.07180661613579407, 'visual_diversity': 0.10188588007736943, 'semantic_diversity': 0.11613837847651398, 'traffic': 0.013922576164089517, 'cockpit': 0.032496747943585605, 'sharpness': 0.015781599385584114, 'hands': 0.04122222222222222, 'continuity': 0.05}","['strongest contributions: semantic_diversity 0.116, visual_diversity 0.102, motion 0.072', '450 frames over 29.93 s (0 estimated missing, largest interval 66.7 ms)', 'external traffic proxy covers 0.91% of the sampled pixels', 'cockpit proxy covers 1.94% of the sampled pixels', ""hand tracking reports a hand in 82.4% of the window's frames (proxy signal, not visibility ground truth)""]"
77,motorcycle_5ab8604a14df,motorcycle,9825,10274,2829842955467,2859773618312,29.930662845,450,450,0,66.774938,0,574.5354614257812,0.0,0.3121212422847748,0.06087491288781166,0.0002809665456879884,0.0295857023447752,0.23041213768115942,0.063720703125,0.42620723529009763,0.012829137034714222,0.04442613944411278,0.011471670120954514,0.0,0.0,0.4911111111111111,221,23.569000244140625,1.0,1.0,True,[],0.44257923429889295,"{'motion': 0.11718935830608745, 'visual_diversity': 0.10062862669245648, 'semantic_diversity': 0.0936854589718367, 'traffic': 0.019814767630202453, 'cockpit': 0.01839645119248774, 'sharpness': 0.018309015950266554, 'hands': 0.024555555555555556, 'continuity': 0.05}","['strongest contributions: motion 0.117, visual_diversity 0.101, semantic_diversity 0.094', '450 frames over 29.93 s (0 estimated missing, largest interval 66.8 ms)', 'external traffic proxy covers 1.28% of the sampled pixels', 'cockpit proxy covers 1.15% of the sampled pixels', ""hand tracking reports a hand in 49.1% of the window's frames (proxy signal, not visibility ground truth)""]"
78,motorcycle_5ab8604a14df,motorcycle,6375,6824,2599861416291,2629792252614,29.930836323,450,450,0,66.71179,0,548.7472534179688,0.0,0.3137037456035614,0.05456962436437607,0.00022160967637319118,0.021882761269807816,0.2251471920289855,0.11051432291666667,0.4751641060773289,0.038244254887104034,0.02601337432861328,0.023025456815958023,0.0,0.0,0.0,0,11.722000122070312,1.0,1.0,True,[],0.44247723095249014,"{'motion': 0.06305774870852023, 'visual_diversity': 0.09613152804642167, 'semantic_diversity': 0.11764188315609862, 'traffic': 0.06006322490467552, 'cockpit': 0.039062591237668094, 'sharpness': 0.016520254899106003, 'hands': 0.0, 'continuity': 0.05}","['strongest contributions: semantic_diversity 0.118, visual_diversity 0.096, motion 0.063', '450 frames over 29.93 s (0 estimated missing, largest interval 66.7 ms)', 'external traffic proxy covers 3.82% of the sampled pixels', 'cockpit proxy covers 2.30% of the sampled pixels', ""hand tracking reports a hand in 0.0% of the window's frames (proxy signal, not visibility ground truth)""]"
79,motorcycle_5ab8604a14df,motorcycle,2850,3299,2364879832498,2394810814853,29.930982355,450,450,0,66.794291,0,416.8379821777344,0.0,0.3105814754962921,0.056695226579904556,0.0003254271578043699,0.021603938192129135,0.20606884057971014,0.09033203125,0.49175797067226745,0.029083700850605965,0.032817475497722626,0.030180305242538452,0.0,0.0,0.39111111111111113,176,18.0,1.0,1.0,True,[],0.44103851631088553,"{'motion': 0.061098348806482364, 'visual_diversity': 0.07983558994197293, 'semantic_diversity': 0.12576188046598052, 'traffic': 0.045556183470129304, 'cockpit': 0.0518603954112291, 'sharpness': 0.007370562659535795, 'hands': 0.01955555555555556, 'continuity': 0.05}","['strongest contributions: semantic_diversity 0.126, visual_diversity 0.080, motion 0.061', '450 frames over 29.93 s (0 estimated missing, largest interval 66.8 ms)', 'external traffic proxy covers 2.91% of the sampled pixels', 'cockpit proxy covers 3.02% of the sampled pixels', ""hand tracking reports a hand in 39.1% of the window's frames (proxy signal, not visibility ground truth)""]"
80,motorcycle_5ab8604a14df,motorcycle,900,1349,2234889979624,2264820780613,29.930800989,450,450,0,66.81325,0,603.68701171875,0.0,0.28215235471725464,0.07432466000318527,0.0013467896496877074,0.028218727558851242,0.25379302536231885,0.042154947916666664,0.39130541105080824,0.023727303370833397,0.013488542288541794,0.006545455195009708,0.0,0.0,0.3288888888888889,148,11.708000183105469,0.8622222222222222,1.0,True,[],0.43822345454693323,"{'motion': 0.10758308652999614, 'visual_diversity': 0.12059961315280465, 'semantic_diversity': 0.07660669366604746, 'traffic': 0.03707356551172194, 'cockpit': 0.00958498095855486, 'sharpness': 0.02033107028336381, 'hands': 0.016444444444444446, 'continuity': 0.05}","['strongest contributions: visual_diversity 0.121, motion 0.108, semantic_diversity 0.077', '450 frames over 29.93 s (0 estimated missing, largest interval 66.8 ms)', 'external traffic proxy covers 2.37% of the sampled pixels', 'cockpit proxy covers 0.65% of the sampled pixels', ""hand tracking reports a hand in 32.9% of the window's frames (proxy signal, not visibility ground truth)""]"
81,motorcycle_5ab8604a14df,motorcycle,4350,4799,2464871878603,2494802993186,29.931114583,450,450,0,66.730949,0,317.09344482421875,0.0,0.3232557475566864,0.05284266173839569,4.147157960687764e-05,0.01956341229379177,0.24207427536231885,0.12312825520833333,0.480099634382353,0.027396194636821747,0.035839617252349854,0.02321234904229641,0.0,0.0,0.5466666666666666,246,15.499500274658203,1.0,1.0,True,[],0.43747165437774743,"{'motion': 0.04675876731059366, 'visual_diversity': 0.11058994197292071, 'semantic_diversity': 0.12005702137362183, 'traffic': 0.042883777143297525, 'cockpit': 0.03939688345067346, 'sharpness': 0.0004519297933069362, 'hands': 0.027333333333333334, 'continuity': 0.05}","['strongest contributions: semantic_diversity 0.120, visual_diversity 0.111, continuity 0.050', '450 frames over 29.93 s (0 estimated missing, largest interval 66.7 ms)', 'external traffic proxy covers 2.74% of the sampled pixels', 'cockpit proxy covers 2.32% of the sampled pixels', ""hand tracking reports a hand in 54.7% of the window's frames (proxy signal, not visibility ground truth)""]"
82,motorcycle_5ab8604a14df,motorcycle,12225,12674,2989830738270,3019761061030,29.93032276,450,450,0,66.705636,0,710.9189453125,0.0,0.32039931416511536,0.05241987481713295,0.00042209206731058657,0.024680139496922493,0.22395833333333334,0.060302734375,0.48151824007709315,0.01894395425915718,0.05264192447066307,0.007204183842986822,0.0,0.0,0.41555555555555557,187,10.444000244140625,1.0,1.0,True,[],0.4373918092347776,"{'motion': 0.08271603047559808, 'visual_diversity': 0.09511605415860735, 'semantic_diversity': 0.12075119808930908, 'traffic': 0.029498451224691954, 'cockpit': 0.01076324215120389, 'sharpness': 0.02776905535758943, 'hands': 0.02077777777777778, 'continuity': 0.05}","['strongest contributions: semantic_diversity 0.121, visual_diversity 0.095, motion 0.083', '450 frames over 29.93 s (0 estimated missing, largest interval 66.7 ms)', 'external traffic proxy covers 1.89% of the sampled pixels', 'cockpit proxy covers 0.72% of the sampled pixels', ""hand tracking reports a hand in 41.6% of the window's frames (proxy signal, not visibility ground truth)""]"
83,motorcycle_5ab8604a14df,motorcycle,10575,11024,2879839464780,2909770309676,29.930844896,450,450,0,66.699532,0,520.2765502929688,0.0,0.3194580674171448,0.05516983941197395,4.0173174056690186e-05,0.022860193625092506,0.2380548007246377,0.212646484375,0.4801941102542051,0.007359030656516552,0.05250944942235947,0.017444754019379616,0.0,0.0,0.7022222222222222,316,19.166500091552734,1.0,1.0,True,[],0.4370755353404292,"{'motion': 0.0699265519551458, 'visual_diversity': 0.10715667311411994, 'semantic_diversity': 0.12010325194401725, 'traffic': 0.011152075443276026, 'cockpit': 0.02908044524612969, 'sharpness': 0.014545426526629452, 'hands': 0.035111111111111114, 'continuity': 0.05}","['strongest contributions: semantic_diversity 0.120, visual_diversity 0.107, motion 0.070', '450 frames over 29.93 s (0 estimated missing, largest interval 66.7 ms)', 'external traffic proxy covers 0.74% of the sampled pixels', 'cockpit proxy covers 1.74% of the sampled pixels', ""hand tracking reports a hand in 70.2% of the window's frames (proxy signal, not visibility ground truth)""]"
84,motorcycle_5ab8604a14df,motorcycle,750,1199,2224823725072,2254821349364,29.997624292,450,450,1,133.316917,1,542.0564575195312,0.022222222222222223,0.3026231825351715,0.06334234029054642,0.0015383013524115086,0.03132585063576698,0.2925158514492754,0.043863932291666664,0.34327741753769586,0.008042640052735806,0.013281380757689476,0.008856660686433315,0.0,0.0,0.17777777777777778,80,11.333000183105469,1.0,1.0,True,[],0.4369855341575548,"{'motion': 0.12941806770592404, 'visual_diversity': 0.15367504835589946, 'semantic_diversity': 0.05310480380222084, 'traffic': 0.012234668242410806, 'cockpit': 0.01371901057324437, 'sharpness': 0.016056157700077515, 'hands': 0.008888888888888889, 'continuity': 0.04988888888888889}","['strongest contributions: visual_diversity 0.154, motion 0.129, semantic_diversity 0.053', '450 frames over 30.00 s (1 estimated missing, largest interval 133.3 ms)', 'external traffic proxy covers 0.80% of the sampled pixels', 'cockpit proxy covers 0.89% of the sampled pixels', ""hand tracking reports a hand in 17.8% of the window's frames (proxy signal, not visibility ground truth)""]"
85,motorcycle_5ab8604a14df,motorcycle,4500,4949,2474871244760,2504802131894,29.930887134,450,450,0,66.699186,0,330.7695007324219,0.0,0.32318833470344543,0.0528545081615448,0.00020737248996738344,0.01601952500641346,0.23533740942028986,0.21516927083333334,0.5250145902438837,0.037306495010852814,0.03248291462659836,0.023273836821317673,0.0,0.0,0.37333333333333335,168,15.611000061035156,1.0,1.0,True,[],0.4368778777466652,"{'motion': 0.021854471505766075, 'visual_diversity': 0.10483558994197294, 'semantic_diversity': 0.14203558572085279, 'traffic': 0.058578148638957425, 'cockpit': 0.0395068660118774, 'sharpness': 0.0014005492605718521, 'hands': 0.018666666666666668, 'continuity': 0.05}","['strongest contributions: semantic_diversity 0.142, visual_diversity 0.105, traffic 0.059', '450 frames over 29.93 s (0 estimated missing, largest interval 66.7 ms)', 'external traffic proxy covers 3.73% of the sampled pixels', 'cockpit proxy covers 2.33% of the sampled pixels', ""hand tracking reports a hand in 37.3% of the window's frames (proxy signal, not visibility ground truth)""]"
86,motorcycle_5ab8604a14df,motorcycle,10875,11324,2899837867551,2929768775499,29.930907948,450,450,0,66.737605,0,576.6586303710938,0.0,0.31689560413360596,0.05644086375832558,0.000644397921860218,0.025697903707623482,0.24082880434782608,0.058024088541666664,0.4227519831507623,0.00965304858982563,0.038591861724853516,0.007798710372298956,0.0,0.0,1.0,450,18.777000427246094,1.0,1.0,True,[],0.43645698044958725,"{'motion': 0.0898682616013276, 'visual_diversity': 0.10952611218568664, 'semantic_diversity': 0.0919946751332772, 'traffic': 0.014784979422392673, 'cockpit': 0.011826665671100876, 'sharpness': 0.01845628643580235, 'hands': 0.05, 'continuity': 0.05}","['strongest contributions: visual_diversity 0.110, semantic_diversity 0.092, motion 0.090', '450 frames over 29.93 s (0 estimated missing, largest interval 66.7 ms)', 'external traffic proxy covers 0.97% of the sampled pixels', 'cockpit proxy covers 0.78% of the sampled pixels', ""hand tracking reports a hand in 100.0% of the window's frames (proxy signal, not visibility ground truth)""]"
87,motorcycle_5ab8604a14df,motorcycle,3750,4199,2424874922843,2454806191603,29.93126876,450,450,0,66.705637,0,400.72967529296875,0.0,0.3315345048904419,0.04482118785381317,2.4451652279822156e-05,0.020183609798550606,0.1928215579710145,0.17130533854166666,0.49085024639200464,0.021235259249806404,0.02754313126206398,0.03030938096344471,0.0,0.0,1.0,450,25.5,1.0,1.0,True,[],0.4364267111199127,"{'motion': 0.05111714015471317, 'visual_diversity': 0.0685203094777563, 'semantic_diversity': 0.1253176970949714, 'traffic': 0.033127058872885896, 'cockpit': 0.05209127183253562, 'sharpness': 0.006253233687050346, 'hands': 0.05, 'continuity': 0.05}","['strongest contributions: semantic_diversity 0.125, visual_diversity 0.069, cockpit 0.052', '450 frames over 29.93 s (0 estimated missing, largest interval 66.7 ms)', 'external traffic proxy covers 2.12% of the sampled pixels', 'cockpit proxy covers 3.03% of the sampled pixels', ""hand tracking reports a hand in 100.0% of the window's frames (proxy signal, not visibility ground truth)""]"
88,motorcycle_5ab8604a14df,motorcycle,6450,6899,2604860984520,2634791549000,29.93056448,450,450,0,66.724397,0,530.0079345703125,0.0,0.3142743706703186,0.05500997230410576,0.0002808083372656256,0.021933751180768013,0.24088541666666666,0.0634765625,0.46204058341892296,0.0306396484375,0.02656175009906292,0.022482920438051224,0.0,0.0,0.006666666666666667,3,13.387999534606934,1.0,1.0,True,[],0.43587676966844524,"{'motion': 0.0634160749538659, 'visual_diversity': 0.10957446808510636, 'semantic_diversity': 0.11122005368576932, 'traffic': 0.04802024798228876, 'cockpit': 0.038092161969636384, 'sharpness': 0.015220429658445174, 'hands': 0.0003333333333333334, 'continuity': 0.05}","['strongest contributions: semantic_diversity 0.111, visual_diversity 0.110, motion 0.063', '450 frames over 29.93 s (0 estimated missing, largest interval 66.7 ms)', 'external traffic proxy covers 3.06% of the sampled pixels', 'cockpit proxy covers 2.25% of the sampled pixels', ""hand tracking reports a hand in 0.7% of the window's frames (proxy signal, not visibility ground truth)""]"
89,motorcycle_5ab8604a14df,motorcycle,3000,3449,2374879099572,2404809886239,29.930786667,450,450,0,66.794291,0,369.507568359375,0.0,0.309030681848526,0.06071598827838898,0.00014086090959608555,0.02275341935455799,0.21478713768115942,0.120849609375,0.4688673092499742,0.019813591614365578,0.031161164864897728,0.039619047194719315,0.0,0.0,0.19333333333333333,87,29.999500274658203,1.0,1.0,True,[],0.43439247813029414,"{'motion': 0.06917620698023452, 'visual_diversity': 0.08728239845261122, 'semantic_diversity': 0.11456062544144976, 'traffic': 0.0308756457802584, 'cockpit': 0.0687433765656626, 'sharpness': 0.004087558243411026, 'hands': 0.009666666666666667, 'continuity': 0.05}","['strongest contributions: semantic_diversity 0.115, visual_diversity 0.087, motion 0.069', '450 frames over 29.93 s (0 estimated missing, largest interval 66.8 ms)', 'external traffic proxy covers 1.98% of the sampled pixels', 'cockpit proxy covers 3.96% of the sampled pixels', ""hand tracking reports a hand in 19.3% of the window's frames (proxy signal, not visibility ground truth)""]"
90,motorcycle_5ab8604a14df,motorcycle,10350,10799,2864840557614,2894771584822,29.931027208,450,450,0,66.750178,0,506.6081848144531,0.0,0.31141093373298645,0.05925765261054039,2.2633454136666842e-05,0.02488076686859131,0.24558423913043478,0.059733072916666664,0.4478835480036075,0.005244276020675898,0.027045808732509613,0.02085164375603199,0.0,0.0,0.4866666666666667,219,19.40250015258789,1.0,1.0,True,[],0.4329144621523816,"{'motion': 0.08412591826417998, 'visual_diversity': 0.11358800773694389, 'semantic_diversity': 0.10429248784777113, 'traffic': 0.007803060416040065, 'cockpit': 0.035174314059424776, 'sharpness': 0.013597340494688446, 'hands': 0.024333333333333335, 'continuity': 0.05}","['strongest contributions: visual_diversity 0.114, semantic_diversity 0.104, motion 0.084', '450 frames over 29.93 s (0 estimated missing, largest interval 66.8 ms)', 'external traffic proxy covers 0.52% of the sampled pixels', 'cockpit proxy covers 2.09% of the sampled pixels', ""hand tracking reports a hand in 48.7% of the window's frames (proxy signal, not visibility ground truth)""]"
91,motorcycle_5ab8604a14df,motorcycle,2775,3224,2359880186124,2389811105727,29.930919603,450,450,0,66.69922,0,470.3893737792969,0.0,0.3088993430137634,0.05711711570620537,0.0006773793720640242,0.020244043320417404,0.2086730072463768,0.15478515625,0.47691630115712363,0.03679560869932175,0.03479636833071709,0.02475314773619175,0.0,0.0,0.39555555555555555,178,16.88800048828125,1.0,1.0,True,[],0.4328859248625956,"{'motion': 0.05154183038412835, 'visual_diversity': 0.08205996131528046, 'semantic_diversity': 0.11849929760906827, 'traffic': 0.05776908743368594, 'cockpit': 0.04215289430928161, 'sharpness': 0.01108507603337324, 'hands': 0.01977777777777778, 'continuity': 0.05}","['strongest contributions: semantic_diversity 0.118, visual_diversity 0.082, traffic 0.058', '450 frames over 29.93 s (0 estimated missing, largest interval 66.7 ms)', 'external traffic proxy covers 3.68% of the sampled pixels', 'cockpit proxy covers 2.48% of the sampled pixels', ""hand tracking reports a hand in 39.6% of the window's frames (proxy signal, not visibility ground truth)""]"
92,motorcycle_5ab8604a14df,motorcycle,6900,7349,2634858184957,2664789498665,29.931313708,450,450,0,66.743366,0,618.615966796875,0.0,0.31220340728759766,0.05880308523774147,0.0004089994472451508,0.02780643291771412,0.22169384057971014,0.111328125,0.43964058820307833,0.02525702677667141,0.020870858803391457,0.011947065591812134,0.0,0.0,0.08666666666666667,39,19.45800018310547,1.0,1.0,True,[],0.4325692624578627,"{'motion': 0.10468572923023277, 'visual_diversity': 0.09318181818181819, 'semantic_diversity': 0.10025889995009854, 'traffic': 0.03949610029984386, 'cockpit': 0.019246786207053716, 'sharpness': 0.02136659525548229, 'hands': 0.004333333333333334, 'continuity': 0.05}","['strongest contributions: motion 0.105, semantic_diversity 0.100, visual_diversity 0.093', '450 frames over 29.93 s (0 estimated missing, largest interval 66.7 ms)', 'external traffic proxy covers 2.53% of the sampled pixels', 'cockpit proxy covers 1.19% of the sampled pixels', ""hand tracking reports a hand in 8.7% of the window's frames (proxy signal, not visibility ground truth)""]"
93,motorcycle_5ab8604a14df,motorcycle,6525,6974,2609860590644,2639791237248,29.930646604,450,450,0,66.743366,0,551.2662963867188,0.0,0.31356680393218994,0.05519556254148483,0.00028928552637808025,0.02396668680012226,0.24122509057971014,0.059163411458333336,0.44589492426357524,0.024080824106931686,0.02545423060655594,0.0209757499396801,0.0,0.0,0.006666666666666667,3,13.401999950408936,1.0,1.0,True,[],0.43094433545145194,"{'motion': 0.07770231656117804, 'visual_diversity': 0.10986460348162477, 'semantic_diversity': 0.10331938002668194, 'traffic': 0.03763341592536676, 'cockpit': 0.03539630152028502, 'sharpness': 0.016694984602982084, 'hands': 0.0003333333333333334, 'continuity': 0.05}","['strongest contributions: visual_diversity 0.110, semantic_diversity 0.103, motion 0.078', '450 frames over 29.93 s (0 estimated missing, largest interval 66.7 ms)', 'external traffic proxy covers 2.41% of the sampled pixels', 'cockpit proxy covers 2.10% of the sampled pixels', ""hand tracking reports a hand in 0.7% of the window's frames (proxy signal, not visibility ground truth)""]"
94,motorcycle_5ab8604a14df,motorcycle,6000,6449,2574863314727,2604794373789,29.931059062,450,450,0,66.692824,0,524.5869140625,0.0,0.3174460828304291,0.05571168661117554,0.00010009430843638256,0.018212920054793358,0.2027853260869565,0.29736328125,0.46121068151926625,0.058793578296899796,0.016033031046390533,0.009645589627325535,0.0,0.0,0.6488888888888888,292,10.235499858856201,1.0,1.0,True,[],0.43013824106233184,"{'motion': 0.037268324902358554, 'visual_diversity': 0.07703094777562863, 'semantic_diversity': 0.1108139517102998, 'traffic': 0.0926060039735014, 'cockpit': 0.015130159697645744, 'sharpness': 0.014844408558453271, 'hands': 0.03244444444444444, 'continuity': 0.05}","['strongest contributions: semantic_diversity 0.111, traffic 0.093, visual_diversity 0.077', '450 frames over 29.93 s (0 estimated missing, largest interval 66.7 ms)', 'external traffic proxy covers 5.88% of the sampled pixels', 'cockpit proxy covers 0.96% of the sampled pixels', ""hand tracking reports a hand in 64.9% of the window's frames (proxy signal, not visibility ground truth)""]"
95,motorcycle_5ab8604a14df,motorcycle,10950,11399,2904837425633,2934768434446,29.931008813,450,450,0,66.737605,0,554.3936157226562,0.0,0.31296437978744507,0.05799064785242081,0.0008193468675017357,0.02444990538060665,0.2399230072463768,0.055908203125,0.4184599981455788,0.014651376754045486,0.030345099046826363,0.006780101917684078,0.0,0.0,1.0,450,17.25,1.0,1.0,True,[],0.42936209016060173,"{'motion': 0.08109808439770955, 'visual_diversity': 0.10875241779497097, 'semantic_diversity': 0.08989444667252591, 'traffic': 0.022700543644042802, 'cockpit': 0.010004691150541372, 'sharpness': 0.01691190650081118, 'hands': 0.05, 'continuity': 0.05}","['strongest contributions: visual_diversity 0.109, semantic_diversity 0.090, motion 0.081', '450 frames over 29.93 s (0 estimated missing, largest interval 66.7 ms)', 'external traffic proxy covers 1.47% of the sampled pixels', 'cockpit proxy covers 0.68% of the sampled pixels', ""hand tracking reports a hand in 100.0% of the window's frames (proxy signal, not visibility ground truth)""]"
96,motorcycle_5ab8604a14df,motorcycle,6825,7274,2629858914071,2659789980206,29.931066135,450,450,0,66.743366,0,648.9502563476562,0.0,0.3135875463485718,0.05712691694498062,0.0004854783182963729,0.028919275850057602,0.21778759057971014,0.12174479166666667,0.43355504791594696,0.013698776252567768,0.02148233912885189,0.016927985474467278,0.0,0.0,0.09333333333333334,42,19.624500274658203,1.0,1.0,True,[],0.42711782215065053,"{'motion': 0.11250611608906441, 'visual_diversity': 0.08984526112185687, 'semantic_diversity': 0.09728101794570054, 'traffic': 0.02119196513553267, 'cockpit': 0.02815610663732355, 'sharpness': 0.02347068855450585, 'hands': 0.004666666666666667, 'continuity': 0.05}","['strongest contributions: motion 0.113, semantic_diversity 0.097, visual_diversity 0.090', '450 frames over 29.93 s (0 estimated missing, largest interval 66.7 ms)', 'external traffic proxy covers 1.37% of the sampled pixels', 'cockpit proxy covers 1.69% of the sampled pixels', ""hand tracking reports a hand in 9.3% of the window's frames (proxy signal, not visibility ground truth)""]"
97,motorcycle_5ab8604a14df,motorcycle,2925,3374,2369879503739,2399810366332,29.930862593,450,450,0,66.794291,0,370.26220703125,0.0,0.31155461072921753,0.05757035315036774,0.00022650149185210466,0.02102922461926937,0.20589900362318841,0.12646484375,0.48753678540526,0.024879060685634613,0.030840391293168068,0.03423982113599777,0.0,0.0,0.22444444444444445,101,18.472000122070312,1.0,1.0,True,[],0.4238277007268136,"{'motion': 0.057059609517982814, 'visual_diversity': 0.07969052224371374, 'semantic_diversity': 0.12369629695970867, 'traffic': 0.0388975371865564, 'cockpit': 0.05912160995365667, 'sharpness': 0.00413990264297305, 'hands': 0.011222222222222224, 'continuity': 0.05}","['strongest contributions: semantic_diversity 0.124, visual_diversity 0.080, cockpit 0.059', '450 frames over 29.93 s (0 estimated missing, largest interval 66.8 ms)', 'external traffic proxy covers 2.49% of the sampled pixels', 'cockpit proxy covers 3.42% of the sampled pixels', ""hand tracking reports a hand in 22.4% of the window's frames (proxy signal, not visibility ground truth)""]"
98,motorcycle_5ab8604a14df,motorcycle,9000,9449,2774847421520,2804778446081,29.931024561,450,450,0,66.762625,0,583.8796997070312,0.0,0.2978439927101135,0.07441696524620056,0.0012331317411735654,0.028615981340408325,0.2323935688405797,0.060791015625,0.42718160262664623,0.01445448212325573,0.0193108431994915,0.012090385891497135,0.0,0.0,0.1,45,18.444000244140625,1.0,1.0,True,[],0.4227071222152055,"{'motion': 0.11037474576834704, 'visual_diversity': 0.10232108317214701, 'semantic_diversity': 0.0941622532777288, 'traffic': 0.022388732965810218, 'cockpit': 0.019503141760673928, 'sharpness': 0.018957165270498493, 'hands': 0.005000000000000001, 'continuity': 0.05}","['strongest contributions: motion 0.110, visual_diversity 0.102, semantic_diversity 0.094', '450 frames over 29.93 s (0 estimated missing, largest interval 66.8 ms)', 'external traffic proxy covers 1.45% of the sampled pixels', 'cockpit proxy covers 1.21% of the sampled pixels', ""hand tracking reports a hand in 10.0% of the window's frames (proxy signal, not visibility ground truth)""]"
99,motorcycle_5ab8604a14df,motorcycle,11025,11474,2909836958373,2939768099582,29.931141209,450,450,0,66.737605,0,570.2677001953125,0.0,0.3095453679561615,0.05821290239691734,0.0008552835788577795,0.02421734295785427,0.23052536231884058,0.057291666666666664,0.4129129561741805,0.016320347785949707,0.02418890781700611,0.007569037843495607,0.0,0.0,1.0,450,17.15250015258789,1.0,1.0,True,[],0.42214162549673806,"{'motion': 0.07946377639080979, 'visual_diversity': 0.10072533849129593, 'semantic_diversity': 0.08718007199338727, 'traffic': 0.025343596871656063, 'cockpit': 0.011415852768796444, 'sharpness': 0.018012988980792646, 'hands': 0.05, 'continuity': 0.05}","['strongest contributions: visual_diversity 0.101, semantic_diversity 0.087, motion 0.079', '450 frames over 29.93 s (0 estimated missing, largest interval 66.7 ms)', 'external traffic proxy covers 1.63% of the sampled pixels', 'cockpit proxy covers 0.76% of the sampled pixels', ""hand tracking reports a hand in 100.0% of the window's frames (proxy signal, not visibility ground truth)""]"
100,motorcycle_5ab8604a14df,motorcycle,11175,11624,2919836074612,2949767259134,29.931184522,450,450,0,66.737605,0,612.3935546875,0.0,0.3063720762729645,0.05771534889936447,0.0008815294713713229,0.022848157212138176,0.23397871376811594,0.059895833333333336,0.42198609118113495,0.017161952331662178,0.029774080961942673,0.0041689276695251465,0.0,0.0,1.0,450,16.55500030517578,1.0,1.0,True,[],0.4180824060688824,"{'motion': 0.06984196732692942, 'visual_diversity': 0.10367504835589941, 'semantic_diversity': 0.09161989560573235, 'traffic': 0.026676397482569836, 'cockpit': 0.005334110489903286, 'sharpness': 0.020934986807848086, 'hands': 0.05, 'continuity': 0.05}","['strongest contributions: visual_diversity 0.104, semantic_diversity 0.092, motion 0.070', '450 frames over 29.93 s (0 estimated missing, largest interval 66.7 ms)', 'external traffic proxy covers 1.72% of the sampled pixels', 'cockpit proxy covers 0.42% of the sampled pixels', ""hand tracking reports a hand in 100.0% of the window's frames (proxy signal, not visibility ground truth)""]"
101,motorcycle_5ab8604a14df,motorcycle,12300,12749,2994830357717,3024760902103,29.930544386,450,450,0,66.775208,0,659.0658569335938,0.0,0.3148411810398102,0.056786052882671356,0.0005542185390368104,0.025225214660167694,0.22984601449275363,0.055338541666666664,0.46322623071646735,0.014922192320227623,0.055818233639001846,0.005510795395821333,0.0,0.0,0.28444444444444444,128,9.930000305175781,1.0,1.0,True,[],0.4177500705292733,"{'motion': 0.08654648895255643, 'visual_diversity': 0.1001450676982592, 'semantic_diversity': 0.11180023516257044, 'traffic': 0.02312941864702529, 'cockpit': 0.007734295562191078, 'sharpness': 0.02417234228444863, 'hands': 0.014222222222222223, 'continuity': 0.05}","['strongest contributions: semantic_diversity 0.112, visual_diversity 0.100, motion 0.087', '450 frames over 29.93 s (0 estimated missing, largest interval 66.8 ms)', 'external traffic proxy covers 1.49% of the sampled pixels', 'cockpit proxy covers 0.55% of the sampled pixels', ""hand tracking reports a hand in 28.4% of the window's frames (proxy signal, not visibility ground truth)""]"
102,motorcycle_5ab8604a14df,motorcycle,6975,7424,2639857898655,2669789231426,29.931332771,450,450,0,66.718395,0,562.4795532226562,0.0,0.312385618686676,0.05914890766143799,0.000346186978276819,0.024708209559321404,0.22973278985507245,0.12386067708333333,0.44064518434389066,0.02814805880188942,0.020380545407533646,0.010380497202277184,0.0,0.0,0.08666666666666667,39,17.722000122070312,1.0,1.0,True,[],0.41603738354742864,"{'motion': 0.08291328989175734, 'visual_diversity': 0.10004835589941972, 'semantic_diversity': 0.1007504863382026, 'traffic': 0.04407446108581121, 'cockpit': 0.01644468135752567, 'sharpness': 0.017472775641378713, 'hands': 0.004333333333333334, 'continuity': 0.05}","['strongest contributions: semantic_diversity 0.101, visual_diversity 0.100, motion 0.083', '450 frames over 29.93 s (0 estimated missing, largest interval 66.7 ms)', 'external traffic proxy covers 2.81% of the sampled pixels', 'cockpit proxy covers 1.04% of the sampled pixels', ""hand tracking reports a hand in 8.7% of the window's frames (proxy signal, not visibility ground truth)""]"
103,motorcycle_5ab8604a14df,motorcycle,4425,4874,2469871447853,2499802562592,29.931114739,450,450,0,66.693032,0,310.57806396484375,0.0,0.32396572828292847,0.052580032497644424,0.00012482007150538266,0.01619899272918701,0.23833786231884058,0.19783528645833334,0.494350193980894,0.02942708507180214,0.03259209543466568,0.020916296169161797,0.0,0.0,0.5311111111111111,239,15.041000366210938,1.0,1.0,True,[],0.41548996077416456,"{'motion': 0.02311566208349401, 'visual_diversity': 0.10739845261121857, 'semantic_diversity': 0.12703035208524885, 'traffic': 0.04609998126936881, 'cockpit': 0.035289957169278734, 'sharpness': 0.0, 'hands': 0.026555555555555554, 'continuity': 0.05}","['strongest contributions: semantic_diversity 0.127, visual_diversity 0.107, continuity 0.050', '450 frames over 29.93 s (0 estimated missing, largest interval 66.7 ms)', 'external traffic proxy covers 2.94% of the sampled pixels', 'cockpit proxy covers 2.09% of the sampled pixels', ""hand tracking reports a hand in 53.1% of the window's frames (proxy signal, not visibility ground truth)""]"
104,motorcycle_5ab8604a14df,motorcycle,3825,4274,2429874834165,2459805723435,29.93088927,450,450,0,66.705637,0,379.9510803222656,0.0,0.3343619704246521,0.043060556054115295,1.4531018678098917e-05,0.019936146214604378,0.1788383152173913,0.2830403645833333,0.4868373831138232,0.018194351345300674,0.026844389736652374,0.030332664027810097,0.0,0.0,1.0,450,25.5,1.0,1.0,True,[],0.4145647948064303,"{'motion': 0.04937811580214161, 'visual_diversity': 0.056576402321083165, 'semantic_diversity': 0.12335405331342, 'traffic': 0.02831134829538812, 'cockpit': 0.052132918011538056, 'sharpness': 0.004811957062859384, 'hands': 0.05, 'continuity': 0.05}","['strongest contributions: semantic_diversity 0.123, visual_diversity 0.057, cockpit 0.052', '450 frames over 29.93 s (0 estimated missing, largest interval 66.7 ms)', 'external traffic proxy covers 1.82% of the sampled pixels', 'cockpit proxy covers 3.03% of the sampled pixels', ""hand tracking reports a hand in 100.0% of the window's frames (proxy signal, not visibility ground truth)""]"
105,motorcycle_5ab8604a14df,motorcycle,4275,4724,2459872384894,2489803461873,29.931076979,450,450,0,66.730949,0,327.3052673339844,0.0,0.3260539472103119,0.05157395079731941,1.5631123460480012e-05,0.021098542958498,0.23612998188405798,0.12483723958333333,0.4602214360476086,0.01459554024040699,0.030254673212766647,0.023470504209399223,0.0,0.0,0.5466666666666666,246,15.499500274658203,1.0,1.0,True,[],0.41435353906083655,"{'motion': 0.057546736868504804, 'visual_diversity': 0.10551257253384914, 'semantic_diversity': 0.11032987697757461, 'traffic': 0.022612118575680462, 'cockpit': 0.03985864295667515, 'sharpness': 0.0011602578152191045, 'hands': 0.027333333333333334, 'continuity': 0.05}","['strongest contributions: semantic_diversity 0.110, visual_diversity 0.106, motion 0.058', '450 frames over 29.93 s (0 estimated missing, largest interval 66.7 ms)', 'external traffic proxy covers 1.46% of the sampled pixels', 'cockpit proxy covers 2.35% of the sampled pixels', ""hand tracking reports a hand in 54.7% of the window's frames (proxy signal, not visibility ground truth)""]"
106,motorcycle_5ab8604a14df,motorcycle,3900,4349,2434874410144,2464805248612,29.930838468,450,450,0,66.705637,0,378.2482604980469,0.0,0.3336031138896942,0.044131215661764145,1.888332553789951e-05,0.022162698209285736,0.17583786231884058,0.2508138020833333,0.47826711826689583,0.012861915864050388,0.03247002512216568,0.027499279007315636,0.0,0.0,1.0,450,25.5,1.0,1.0,True,[],0.40982421091288523,"{'motion': 0.06502497615739704, 'visual_diversity': 0.05401353965183752, 'semantic_diversity': 0.11916030283993162, 'traffic': 0.019866677572926556, 'cockpit': 0.047064871216042234, 'sharpness': 0.004693843474750284, 'hands': 0.05, 'continuity': 0.05}","['strongest contributions: semantic_diversity 0.119, motion 0.065, visual_diversity 0.054', '450 frames over 29.93 s (0 estimated missing, largest interval 66.7 ms)', 'external traffic proxy covers 1.29% of the sampled pixels', 'cockpit proxy covers 2.75% of the sampled pixels', ""hand tracking reports a hand in 100.0% of the window's frames (proxy signal, not visibility ground truth)""]"
107,motorcycle_5ab8604a14df,motorcycle,11100,11549,2914836579520,2944767663426,29.931083906,450,450,0,66.737605,0,582.2715454101562,0.0,0.3090589642524719,0.05738682299852371,0.000853163655847311,0.02291111834347248,0.2338088768115942,0.058837890625,0.4114085805675416,0.015399394556879997,0.023167362436652184,0.004843704402446747,0.0,0.0,1.0,450,17.15250015258789,1.0,1.0,True,[],0.40953015665206255,"{'motion': 0.07028442006647917, 'visual_diversity': 0.10352998065764024, 'semantic_diversity': 0.0864439248584585, 'traffic': 0.02388513632438322, 'cockpit': 0.006541076727891533, 'sharpness': 0.018845618017209895, 'hands': 0.05, 'continuity': 0.05}","['strongest contributions: visual_diversity 0.104, semantic_diversity 0.086, motion 0.070', '450 frames over 29.93 s (0 estimated missing, largest interval 66.7 ms)', 'external traffic proxy covers 1.54% of the sampled pixels', 'cockpit proxy covers 0.48% of the sampled pixels', ""hand tracking reports a hand in 100.0% of the window's frames (proxy signal, not visibility ground truth)""]"
108,motorcycle_5ab8604a14df,motorcycle,7050,7499,2644857581279,2674788825832,29.931244553,450,450,0,66.712322,0,489.1918640136719,0.0,0.31160032749176025,0.05997283384203911,0.00027224954101257026,0.020869433879852295,0.22752490942028986,0.17708333333333334,0.45506723337170574,0.040100328624248505,0.019789857789874077,0.009738272055983543,0.0,0.0,0.08444444444444445,38,15.137999534606934,1.0,1.0,True,[],0.40681693292346266,"{'motion': 0.05593669687471449, 'visual_diversity': 0.09816247582205029, 'semantic_diversity': 0.10780773322839136, 'traffic': 0.06300258190241245, 'cockpit': 0.015295939809477145, 'sharpness': 0.012389283064194751, 'hands': 0.004222222222222223, 'continuity': 0.05}","['strongest contributions: semantic_diversity 0.108, visual_diversity 0.098, traffic 0.063', '450 frames over 29.93 s (0 estimated missing, largest interval 66.7 ms)', 'external traffic proxy covers 4.01% of the sampled pixels', 'cockpit proxy covers 0.97% of the sampled pixels', ""hand tracking reports a hand in 8.4% of the window's frames (proxy signal, not visibility ground truth)""]"
109,motorcycle_5ab8604a14df,motorcycle,4575,5024,2479870896144,2509801656915,29.930760771,450,450,0,66.699186,0,341.32818603515625,0.0,0.32045674324035645,0.054732199758291245,0.00022105054813437164,0.01553881075233221,0.21965579710144928,0.2781575520833333,0.5101563246423891,0.03497675806283951,0.03450588881969452,0.021382875740528107,0.0,0.0,0.37333333333333335,168,17.347000122070312,1.0,1.0,True,[],0.40649499550757595,"{'motion': 0.01847630256007904, 'visual_diversity': 0.09144100580270793, 'semantic_diversity': 0.13476488177944257, 'traffic': 0.054888678515014735, 'cockpit': 0.03612452327462723, 'sharpness': 0.0021329369090378044, 'hands': 0.018666666666666668, 'continuity': 0.05}","['strongest contributions: semantic_diversity 0.135, visual_diversity 0.091, traffic 0.055', '450 frames over 29.93 s (0 estimated missing, largest interval 66.7 ms)', 'external traffic proxy covers 3.50% of the sampled pixels', 'cockpit proxy covers 2.14% of the sampled pixels', ""hand tracking reports a hand in 37.3% of the window's frames (proxy signal, not visibility ground truth)""]"
110,motorcycle_5ab8604a14df,motorcycle,11250,11699,2924835683208,2954766816613,29.931133405,450,450,0,66.712188,0,579.063720703125,0.0,0.30638837814331055,0.05817386507987976,0.0006957384757697582,0.02190897986292839,0.2223165760869565,0.14217122395833334,0.43474567751812404,0.018527109175920486,0.03688490018248558,0.003458433086052537,0.0,0.0,1.0,450,16.444000244140625,1.0,1.0,True,[],0.4063440534176667,"{'motion': 0.06324199711872976, 'visual_diversity': 0.0937137330754352, 'semantic_diversity': 0.09786363745012222, 'traffic': 0.028838317692352317, 'cockpit': 0.004063256098092777, 'sharpness': 0.018623111982934475, 'hands': 0.05, 'continuity': 0.05}","['strongest contributions: semantic_diversity 0.098, visual_diversity 0.094, motion 0.063', '450 frames over 29.93 s (0 estimated missing, largest interval 66.7 ms)', 'external traffic proxy covers 1.85% of the sampled pixels', 'cockpit proxy covers 0.35% of the sampled pixels', ""hand tracking reports a hand in 100.0% of the window's frames (proxy signal, not visibility ground truth)""]"
111,motorcycle_5ab8604a14df,motorcycle,825,1274,2229824017987,2259821298904,29.997280917,450,450,1,133.316917,1,545.2621459960938,0.011111111111111112,0.2916194200515747,0.07053723186254501,0.0013404908822849393,0.02915441431105137,0.24388586956521738,0.043375651041666664,0.3704637320341141,0.014406921342015266,0.014763724990189075,0.00816864799708128,0.0,0.0,0.18666666666666668,84,11.708000183105469,1.0,1.0,True,[],0.4030064606924861,"{'motion': 0.11415852693422218, 'visual_diversity': 0.112137330754352, 'semantic_diversity': 0.06640808221054612, 'traffic': 0.02231341369785265, 'cockpit': 0.01248836931541682, 'sharpness': 0.01627851555787407, 'hands': 0.009333333333333334, 'continuity': 0.04988888888888889}","['strongest contributions: motion 0.114, visual_diversity 0.112, semantic_diversity 0.066', '450 frames over 30.00 s (1 estimated missing, largest interval 133.3 ms)', 'external traffic proxy covers 1.44% of the sampled pixels', 'cockpit proxy covers 0.82% of the sampled pixels', ""hand tracking reports a hand in 18.7% of the window's frames (proxy signal, not visibility ground truth)""]"
112,motorcycle_5ab8604a14df,motorcycle,8625,9074,2749849073550,2779780379175,29.931305625,450,450,0,66.870002,0,575.36083984375,0.0,0.30134090781211853,0.07269895821809769,0.0008992981165647507,0.029378484934568405,0.20544610507246377,0.060546875,0.3877934972799355,0.013632766902446747,0.02079400047659874,0.02000054344534874,0.0,0.0,0.0,0,23.111000061035156,1.0,1.0,True,[],0.3930306746207391,"{'motion': 0.11573315971363221, 'visual_diversity': 0.0793036750483559, 'semantic_diversity': 0.07488818317628958, 'traffic': 0.021087429932371612, 'cockpit': 0.03365195964200395, 'sharpness': 0.01836626710808581, 'hands': 0.0, 'continuity': 0.05}","['strongest contributions: motion 0.116, visual_diversity 0.079, semantic_diversity 0.075', '450 frames over 29.93 s (0 estimated missing, largest interval 66.9 ms)', 'external traffic proxy covers 1.36% of the sampled pixels', 'cockpit proxy covers 2.00% of the sampled pixels', ""hand tracking reports a hand in 0.0% of the window's frames (proxy signal, not visibility ground truth)""]"
113,motorcycle_5ab8604a14df,motorcycle,3975,4424,2439874017643,2469804799050,29.930781407,450,450,0,66.730949,0,373.0137634277344,0.0,0.33104732632637024,0.046143289655447006,1.8676279069040902e-05,0.023911340162158012,0.18031023550724637,0.2547200520833333,0.44477654008157397,0.0067258477210998535,0.03520756959915161,0.023609979078173637,0.0,0.0,1.0,450,24.861000061035156,1.0,1.0,True,[],0.39250736313235624,"{'motion': 0.07731337387426657, 'visual_diversity': 0.05783365570599613, 'semantic_diversity': 0.10277211290290207, 'traffic': 0.010149340123650187, 'cockpit': 0.04010812022737131, 'sharpness': 0.0043307602981700255, 'hands': 0.05, 'continuity': 0.05}","['strongest contributions: semantic_diversity 0.103, motion 0.077, visual_diversity 0.058', '450 frames over 29.93 s (0 estimated missing, largest interval 66.7 ms)', 'external traffic proxy covers 0.67% of the sampled pixels', 'cockpit proxy covers 2.36% of the sampled pixels', ""hand tracking reports a hand in 100.0% of the window's frames (proxy signal, not visibility ground truth)""]"
114,motorcycle_5ab8604a14df,motorcycle,675,1124,2219824644852,2249821728393,29.997083541,450,450,1,133.316917,1,492.6401672363281,0.022222222222222223,0.3101810812950134,0.0542617104947567,0.0005990114877931774,0.029467687010765076,0.27683423913043476,0.041829427083333336,0.32709442801862443,0.004934878554195166,0.011046268977224827,0.007823875173926353,0.0,0.0,0.17777777777777778,80,5.943999767303467,1.0,1.0,True,[],0.3924173556471279,"{'motion': 0.11636001793791002, 'visual_diversity': 0.1402804642166344, 'semantic_diversity': 0.04518586300281306, 'traffic': 0.007313085481325803, 'cockpit': 0.011871677694290286, 'sharpness': 0.012628469536376544, 'hands': 0.008888888888888889, 'continuity': 0.04988888888888889}","['strongest contributions: visual_diversity 0.140, motion 0.116, continuity 0.050', '450 frames over 30.00 s (1 estimated missing, largest interval 133.3 ms)', 'external traffic proxy covers 0.49% of the sampled pixels', 'cockpit proxy covers 0.78% of the sampled pixels', ""hand tracking reports a hand in 17.8% of the window's frames (proxy signal, not visibility ground truth)""]"
115,motorcycle_5ab8604a14df,motorcycle,2700,3149,2354880646988,2384811636416,29.930989428,450,450,0,66.69922,0,527.5560913085938,0.0,0.3053496778011322,0.05752679705619812,0.0010015860898420215,0.019967295229434967,0.20023777173913043,0.19514973958333334,0.45050564532643556,0.03514720872044563,0.03404201567173004,0.013264747336506844,0.0,0.0,0.38666666666666666,174,16.277000427246094,1.0,1.0,True,[],0.3911735384273666,"{'motion': 0.049597012233225296, 'visual_diversity': 0.07485493230174081, 'semantic_diversity': 0.10557557793723145, 'traffic': 0.05515861139708558, 'cockpit': 0.021603710061517362, 'sharpness': 0.015050361163232776, 'hands': 0.019333333333333334, 'continuity': 0.05}","['strongest contributions: semantic_diversity 0.106, visual_diversity 0.075, traffic 0.055', '450 frames over 29.93 s (0 estimated missing, largest interval 66.7 ms)', 'external traffic proxy covers 3.51% of the sampled pixels', 'cockpit proxy covers 1.33% of the sampled pixels', ""hand tracking reports a hand in 38.7% of the window's frames (proxy signal, not visibility ground truth)""]"
116,motorcycle_5ab8604a14df,motorcycle,11325,11774,2929835462477,2959766569968,29.931107491,450,450,0,66.693376,0,586.6500854492188,0.0,0.30642858147621155,0.05769951641559601,0.0006033777026459575,0.02180766873061657,0.18738677536231885,0.18400065104166666,0.4606110301115227,0.019794832915067673,0.04755814000964165,0.0033171477261930704,0.0,0.0,0.9955555555555555,448,16.444000244140625,1.0,1.0,True,[],0.3905122927053017,"{'motion': 0.0625300437740504, 'visual_diversity': 0.06387814313346228, 'semantic_diversity': 0.11052051989458944, 'traffic': 0.030845938709388163, 'cockpit': 0.0038105404205173786, 'sharpness': 0.01914932899551631, 'hands': 0.04977777777777778, 'continuity': 0.05}","['strongest contributions: semantic_diversity 0.111, visual_diversity 0.064, motion 0.063', '450 frames over 29.93 s (0 estimated missing, largest interval 66.7 ms)', 'external traffic proxy covers 1.98% of the sampled pixels', 'cockpit proxy covers 0.33% of the sampled pixels', ""hand tracking reports a hand in 99.6% of the window's frames (proxy signal, not visibility ground truth)""]"
117,motorcycle_5ab8604a14df,motorcycle,2550,2999,2344881491926,2374812450925,29.930958999,450,450,0,66.686874,0,659.8638916015625,0.0,0.3026900589466095,0.0557449534535408,0.001251407084055245,0.020418353378772736,0.21308876811594202,0.19767252604166666,0.45169033638711426,0.029352258890867233,0.038863565772771835,0.009394667111337185,0.0,0.0,0.20444444444444446,92,13.262999534606934,1.0,1.0,True,[],0.38986652850405223,"{'motion': 0.05276677601671064, 'visual_diversity': 0.08583172147001933, 'semantic_diversity': 0.10615529149164277, 'traffic': 0.04598148335942946, 'cockpit': 0.01468133716068937, 'sharpness': 0.02422769678333843, 'hands': 0.010222222222222223, 'continuity': 0.05}","['strongest contributions: semantic_diversity 0.106, visual_diversity 0.086, motion 0.053', '450 frames over 29.93 s (0 estimated missing, largest interval 66.7 ms)', 'external traffic proxy covers 2.94% of the sampled pixels', 'cockpit proxy covers 0.94% of the sampled pixels', ""hand tracking reports a hand in 20.4% of the window's frames (proxy signal, not visibility ground truth)""]"
118,motorcycle_5ab8604a14df,motorcycle,4650,5099,2484870389728,2514801390364,29.931000636,450,450,0,66.699186,0,374.52996826171875,0.0,0.31816521286964417,0.05603070929646492,0.000271433760644868,0.016247088089585304,0.1986526268115942,0.251220703125,0.503115060437619,0.03514585271477699,0.03496907651424408,0.01895277015864849,0.0,0.0,0.37333333333333335,168,17.347000122070312,1.0,1.0,True,[],0.3883108212194505,"{'motion': 0.023453647178692947, 'visual_diversity': 0.0735009671179884, 'semantic_diversity': 0.13131932838988794, 'traffic': 0.05515646396906518, 'cockpit': 0.03177781828470242, 'sharpness': 0.004435929612446959, 'hands': 0.018666666666666668, 'continuity': 0.05}","['strongest contributions: semantic_diversity 0.131, visual_diversity 0.074, traffic 0.055', '450 frames over 29.93 s (0 estimated missing, largest interval 66.7 ms)', 'external traffic proxy covers 3.51% of the sampled pixels', 'cockpit proxy covers 1.90% of the sampled pixels', ""hand tracking reports a hand in 37.3% of the window's frames (proxy signal, not visibility ground truth)""]"
119,motorcycle_5ab8604a14df,motorcycle,4125,4574,2449873251613,2479804234739,29.930983126,450,450,0,66.730949,0,338.6202697753906,0.0,0.32906487584114075,0.04876365512609482,1.8170332623412833e-05,0.023190854117274284,0.20708786231884058,0.14168294270833334,0.43663955294223783,0.009559235535562038,0.029069913551211357,0.016389068216085434,0.0,0.0,0.8244444444444444,371,19.194000244140625,1.0,1.0,True,[],0.38674250381670633,"{'motion': 0.07225023384468943, 'visual_diversity': 0.08070599613152805, 'semantic_diversity': 0.09879038138376539, 'traffic': 0.014636413095521952, 'cockpit': 0.027192150851355974, 'sharpness': 0.001945106287623331, 'hands': 0.04122222222222222, 'continuity': 0.05}","['strongest contributions: semantic_diversity 0.099, visual_diversity 0.081, motion 0.072', '450 frames over 29.93 s (0 estimated missing, largest interval 66.7 ms)', 'external traffic proxy covers 0.96% of the sampled pixels', 'cockpit proxy covers 1.64% of the sampled pixels', ""hand tracking reports a hand in 82.4% of the window's frames (proxy signal, not visibility ground truth)""]"
120,motorcycle_5ab8604a14df,motorcycle,4200,4649,2454872853009,2484803721821,29.930868812,450,450,0,66.730949,0,331.9585876464844,0.0,0.3274976313114166,0.050123125314712524,1.875865928013809e-05,0.022104881703853607,0.2229959239130435,0.13248697916666666,0.43667683275012675,0.009821008890867233,0.027435528114438057,0.017454927787184715,0.0,0.0,0.6577777777777778,296,17.444000244140625,1.0,1.0,True,[],0.3862428332319185,"{'motion': 0.06461867673619047, 'visual_diversity': 0.09429400386847196, 'semantic_diversity': 0.09880862378522882, 'traffic': 0.015050968470310658, 'cockpit': 0.029098642960506595, 'sharpness': 0.001483028522321072, 'hands': 0.03288888888888889, 'continuity': 0.05}","['strongest contributions: semantic_diversity 0.099, visual_diversity 0.094, motion 0.065', '450 frames over 29.93 s (0 estimated missing, largest interval 66.7 ms)', 'external traffic proxy covers 0.98% of the sampled pixels', 'cockpit proxy covers 1.75% of the sampled pixels', ""hand tracking reports a hand in 65.8% of the window's frames (proxy signal, not visibility ground truth)""]"
121,motorcycle_5ab8604a14df,motorcycle,8925,9374,2769847245947,2799778706114,29.931460167,450,450,0,66.787782,0,540.6651611328125,0.0,0.29247283935546875,0.07880350947380066,0.0008427078719250858,0.027733273804187775,0.2156929347826087,0.066162109375,0.40111455690822906,0.014832446351647377,0.020753763616085052,0.011489077471196651,0.0,0.0,0.1,45,18.694000244140625,1.0,1.0,True,[],0.38600891209125565,"{'motion': 0.10417161124161385, 'visual_diversity': 0.0880560928433269, 'semantic_diversity': 0.08140667485902352, 'traffic': 0.022987293129333914, 'cockpit': 0.018427587541757117, 'sharpness': 0.015959652476200424, 'hands': 0.005000000000000001, 'continuity': 0.05}","['strongest contributions: motion 0.104, visual_diversity 0.088, semantic_diversity 0.081', '450 frames over 29.93 s (0 estimated missing, largest interval 66.8 ms)', 'external traffic proxy covers 1.48% of the sampled pixels', 'cockpit proxy covers 1.15% of the sampled pixels', ""hand tracking reports a hand in 10.0% of the window's frames (proxy signal, not visibility ground truth)""]"
122,motorcycle_5ab8604a14df,motorcycle,4050,4499,2444873631853,2474804570696,29.930938843,450,450,0,66.730949,0,356.8612976074219,0.0,0.32904019951820374,0.04797932878136635,1.8658782209968194e-05,0.023922553285956383,0.18636775362318841,0.15421549479166666,0.4237745578712661,0.009091977961361408,0.032843247056007385,0.021197736263275146,0.0,0.0,0.9911111111111112,446,23.111000061035156,1.0,1.0,True,[],0.38535070323438403,"{'motion': 0.07739217292438459, 'visual_diversity': 0.06300773694390717, 'semantic_diversity': 0.09249505911147218, 'traffic': 0.013896444206901608, 'cockpit': 0.035793366185977164, 'sharpness': 0.0032103683061857798, 'hands': 0.04955555555555556, 'continuity': 0.05}","['strongest contributions: semantic_diversity 0.092, motion 0.077, visual_diversity 0.063', '450 frames over 29.93 s (0 estimated missing, largest interval 66.7 ms)', 'external traffic proxy covers 0.91% of the sampled pixels', 'cockpit proxy covers 2.12% of the sampled pixels', ""hand tracking reports a hand in 99.1% of the window's frames (proxy signal, not visibility ground truth)""]"
123,motorcycle_5ab8604a14df,motorcycle,5925,6374,2569863442519,2599794774144,29.931331625,450,450,0,66.699376,0,478.1655578613281,0.0,0.3141500651836395,0.05967902019619942,8.922885172069073e-05,0.017397932708263397,0.20946557971014493,0.107421875,0.4342328968961766,0.04755678400397301,0.015058955177664757,0.003190556075423956,0.0,0.0,0.6577777777777778,296,10.887999534606934,1.0,1.0,True,[],0.3847991417755297,"{'motion': 0.03154108689807408, 'visual_diversity': 0.08273694390715668, 'semantic_diversity': 0.09761271475234133, 'traffic': 0.07481094051451453, 'cockpit': 0.0035841072300486243, 'sharpness': 0.011624459584505533, 'hands': 0.03288888888888889, 'continuity': 0.05}","['strongest contributions: semantic_diversity 0.098, visual_diversity 0.083, traffic 0.075', '450 frames over 29.93 s (0 estimated missing, largest interval 66.7 ms)', 'external traffic proxy covers 4.76% of the sampled pixels', 'cockpit proxy covers 0.32% of the sampled pixels', ""hand tracking reports a hand in 65.8% of the window's frames (proxy signal, not visibility ground truth)""]"
124,motorcycle_5ab8604a14df,motorcycle,2625,3074,2349881050343,2379811932790,29.930882447,450,450,0,66.686928,0,591.4037475585938,0.0,0.30437910556793213,0.05593637377023697,0.0011421707458794117,0.020279770717024803,0.2028419384057971,0.20743815104166666,0.44377765253616047,0.030814165249466896,0.03487435728311539,0.010808195918798447,0.0,0.0,0.3711111111111111,167,14.805000305175781,1.0,1.0,True,[],0.38469646172442534,"{'motion': 0.051792900912419705, 'visual_diversity': 0.07707930367504835, 'semantic_diversity': 0.10228331994359914, 'traffic': 0.04829662019865707, 'cockpit': 0.017209701675634428, 'sharpness': 0.019479059763511188, 'hands': 0.018555555555555558, 'continuity': 0.05}","['strongest contributions: semantic_diversity 0.102, visual_diversity 0.077, motion 0.052', '450 frames over 29.93 s (0 estimated missing, largest interval 66.7 ms)', 'external traffic proxy covers 3.08% of the sampled pixels', 'cockpit proxy covers 1.08% of the sampled pixels', ""hand tracking reports a hand in 37.1% of the window's frames (proxy signal, not visibility ground truth)""]"
125,motorcycle_5ab8604a14df,motorcycle,2475,2924,2339881825904,2369812842331,29.931016427,450,450,0,66.686771,0,715.22802734375,0.0,0.30000200867652893,0.0561356358230114,0.001245967810973525,0.020691657438874245,0.2107110507246377,0.21590169270833334,0.4520316155520983,0.02582058124244213,0.04159273952245712,0.006988978013396263,0.0,0.0,0.1711111111111111,77,13.262999534606934,1.0,1.0,True,[],0.38220083617203254,"{'motion': 0.0546873916022203, 'visual_diversity': 0.08380077369439073, 'semantic_diversity': 0.10632229212526459, 'traffic': 0.04038856902531461, 'cockpit': 0.010378305685760831, 'sharpness': 0.02806794848352593, 'hands': 0.008555555555555556, 'continuity': 0.05}","['strongest contributions: semantic_diversity 0.106, visual_diversity 0.084, motion 0.055', '450 frames over 29.93 s (0 estimated missing, largest interval 66.7 ms)', 'external traffic proxy covers 2.58% of the sampled pixels', 'cockpit proxy covers 0.70% of the sampled pixels', ""hand tracking reports a hand in 17.1% of the window's frames (proxy signal, not visibility ground truth)""]"
126,motorcycle_5ab8604a14df,motorcycle,7350,7799,2664856166041,2694787214290,29.931048249,450,450,0,66.76249,0,444.1435546875,0.0,0.3156268894672394,0.05777743086218834,0.0005417587235569954,0.016917254775762558,0.2139945652173913,0.070068359375,0.481581985462933,0.04337497800588608,0.017753995954990387,0.008245622739195824,0.0,0.0,0.0,0,11.444000244140625,1.0,1.0,True,[],0.37563006224270984,"{'motion': 0.028163173198479625, 'visual_diversity': 0.086605415860735, 'semantic_diversity': 0.12078239108588777, 'traffic': 0.06818845538492815, 'cockpit': 0.012626053249046022, 'sharpness': 0.009264573463633238, 'hands': 0.0, 'continuity': 0.05}","['strongest contributions: semantic_diversity 0.121, visual_diversity 0.087, traffic 0.068', '450 frames over 29.93 s (0 estimated missing, largest interval 66.8 ms)', 'external traffic proxy covers 4.34% of the sampled pixels', 'cockpit proxy covers 0.82% of the sampled pixels', ""hand tracking reports a hand in 0.0% of the window's frames (proxy signal, not visibility ground truth)""]"
127,motorcycle_5ab8604a14df,motorcycle,1350,1799,2264887442019,2294818548802,29.931106783,450,450,0,66.731209,0,386.54693603515625,0.0,0.32073187828063965,0.04966757073998451,4.643481588573195e-05,0.017328012734651566,0.2626245471014493,0.045735677083333336,0.45201792902152127,0.025208648294210434,0.03845260292291641,0.00640733540058136,0.0,0.0,0.09555555555555556,43,10.5,0.8711111111111111,1.0,True,[],0.37431312011703743,"{'motion': 0.03104973162509559, 'visual_diversity': 0.12814313346228243, 'semantic_diversity': 0.10631559479500548, 'traffic': 0.03941948608559376, 'cockpit': 0.009337927495476633, 'sharpness': 0.0052694688758058, 'hands': 0.004777777777777778, 'continuity': 0.05}","['strongest contributions: visual_diversity 0.128, semantic_diversity 0.106, continuity 0.050', '450 frames over 29.93 s (0 estimated missing, largest interval 66.7 ms)', 'external traffic proxy covers 2.52% of the sampled pixels', 'cockpit proxy covers 0.64% of the sampled pixels', ""hand tracking reports a hand in 9.6% of the window's frames (proxy signal, not visibility ground truth)""]"
128,motorcycle_5ab8604a14df,motorcycle,5100,5549,2514868051769,2544798981489,29.93092972,450,450,0,66.730709,0,529.96435546875,0.0,0.3124583959579468,0.06463456153869629,0.0004926169640384614,0.022193510085344315,0.18789628623188406,0.07316080729166667,0.405490088867232,0.028679514303803444,0.015033410862088203,0.013146520592272282,0.0,0.0,0.5333333333333333,240,16.83300018310547,1.0,1.0,True,[],0.37129504472310987,"{'motion': 0.0652415033811599, 'visual_diversity': 0.06431334622823985, 'semantic_diversity': 0.08354778596265654, 'traffic': 0.044916096532331834, 'cockpit': 0.02139223909377881, 'sharpness': 0.015217406858276354, 'hands': 0.02666666666666667, 'continuity': 0.05}","['strongest contributions: semantic_diversity 0.084, motion 0.065, visual_diversity 0.064', '450 frames over 29.93 s (0 estimated missing, largest interval 66.7 ms)', 'external traffic proxy covers 2.87% of the sampled pixels', 'cockpit proxy covers 1.31% of the sampled pixels', ""hand tracking reports a hand in 53.3% of the window's frames (proxy signal, not visibility ground truth)""]"
129,motorcycle_5ab8604a14df,motorcycle,5025,5474,2509868299060,2539799330540,29.93103148,450,450,0,66.730709,0,533.4505615234375,0.0,0.3171805739402771,0.05749550834298134,0.0005115483654662967,0.021283425390720367,0.19384057971014493,0.06429036458333333,0.41733386553315327,0.025481047108769417,0.014900038950145245,0.012783022597432137,0.0,0.0,0.5333333333333333,240,16.916000366210938,1.0,1.0,True,[],0.37029889377683145,"{'motion': 0.058845978748341236, 'visual_diversity': 0.0693907156673114, 'semantic_diversity': 0.08934338795253038, 'traffic': 0.0398508683877759, 'cockpit': 0.02074205394965136, 'sharpness': 0.015459222404554558, 'hands': 0.02666666666666667, 'continuity': 0.05}","['strongest contributions: semantic_diversity 0.089, visual_diversity 0.069, motion 0.059', '450 frames over 29.93 s (0 estimated missing, largest interval 66.7 ms)', 'external traffic proxy covers 2.55% of the sampled pixels', 'cockpit proxy covers 1.28% of the sampled pixels', ""hand tracking reports a hand in 53.3% of the window's frames (proxy signal, not visibility ground truth)""]"
130,motorcycle_5ab8604a14df,motorcycle,1575,2024,2279886504176,2309817498645,29.930994469,450,450,0,66.71229,0,384.0431823730469,0.0,0.3220655620098114,0.050272148102521896,5.011495522921905e-05,0.01986335776746273,0.2602468297101449,0.08479817708333333,0.45060689363794504,0.017023833468556404,0.05324435979127884,0.004395435564219952,0.0,0.0,0.042222222222222223,19,13.833000183105469,1.0,1.0,True,[],0.3700077510811521,"{'motion': 0.04886660263262129, 'visual_diversity': 0.12611218568665378, 'semantic_diversity': 0.10562512251513151, 'traffic': 0.026457666599919657, 'cockpit': 0.005739262843557707, 'sharpness': 0.005095799692157015, 'hands': 0.0021111111111111113, 'continuity': 0.05}","['strongest contributions: visual_diversity 0.126, semantic_diversity 0.106, continuity 0.050', '450 frames over 29.93 s (0 estimated missing, largest interval 66.7 ms)', 'external traffic proxy covers 1.70% of the sampled pixels', 'cockpit proxy covers 0.44% of the sampled pixels', ""hand tracking reports a hand in 4.2% of the window's frames (proxy signal, not visibility ground truth)""]"
131,motorcycle_5ab8604a14df,motorcycle,5175,5624,2519867602207,2549798702310,29.931100103,450,450,0,66.730709,0,525.4722900390625,0.0,0.3107047975063324,0.06562727689743042,0.0004967411514371634,0.021535977721214294,0.1852355072463768,0.06852213541666667,0.4048447278488536,0.03044569306075573,0.015545654110610485,0.01073540560901165,0.0,0.0,0.64,288,16.83300018310547,1.0,1.0,True,[],0.3675917851999238,"{'motion': 0.06062076373295971, 'visual_diversity': 0.062040618955512564, 'semantic_diversity': 0.08323198672835803, 'traffic': 0.047713092031276244, 'cockpit': 0.017079502393295545, 'sharpness': 0.014905821358521754, 'hands': 0.032, 'continuity': 0.05}","['strongest contributions: semantic_diversity 0.083, visual_diversity 0.062, motion 0.061', '450 frames over 29.93 s (0 estimated missing, largest interval 66.7 ms)', 'external traffic proxy covers 3.04% of the sampled pixels', 'cockpit proxy covers 1.07% of the sampled pixels', ""hand tracking reports a hand in 64.0% of the window's frames (proxy signal, not visibility ground truth)""]"
132,motorcycle_5ab8604a14df,motorcycle,7125,7574,2649857251114,2679788419686,29.931168572,450,450,0,66.712322,0,429.4186096191406,0.0,0.3120216131210327,0.06046137586236,0.00015135166177060455,0.01753000169992447,0.21229619565217392,0.202880859375,0.45503487552657323,0.04259824380278587,0.019168201833963394,0.00871717743575573,0.0,0.0,0.04888888888888889,22,14.25,1.0,1.0,True,[],0.36653137437117056,"{'motion': 0.03246918786976324, 'visual_diversity': 0.08515473887814314, 'semantic_diversity': 0.10779189932701616, 'traffic': 0.06695838619663357, 'cockpit': 0.01346951830992376, 'sharpness': 0.008243199345246243, 'hands': 0.002444444444444445, 'continuity': 0.05}","['strongest contributions: semantic_diversity 0.108, visual_diversity 0.085, traffic 0.067', '450 frames over 29.93 s (0 estimated missing, largest interval 66.7 ms)', 'external traffic proxy covers 4.26% of the sampled pixels', 'cockpit proxy covers 0.87% of the sampled pixels', ""hand tracking reports a hand in 4.9% of the window's frames (proxy signal, not visibility ground truth)""]"
133,motorcycle_5ab8604a14df,motorcycle,4950,5399,2504868793354,2534799837560,29.931044206,450,450,0,66.730709,0,512.587646484375,0.0,0.31629157066345215,0.05798254534602165,0.0004939649370498955,0.020608020946383476,0.21195652173913043,0.06494140625,0.41025781969310265,0.021256284788250923,0.015358706936240196,0.012664344161748886,0.0,0.0,0.4688888888888889,211,17.666000366210938,1.0,1.0,True,[],0.3659917353650932,"{'motion': 0.05409964493305092, 'visual_diversity': 0.08486460348162476, 'semantic_diversity': 0.08588081461061355, 'traffic': 0.033160355806257286, 'cockpit': 0.020529775046040165, 'sharpness': 0.014012097043062161, 'hands': 0.02344444444444445, 'continuity': 0.05}","['strongest contributions: semantic_diversity 0.086, visual_diversity 0.085, motion 0.054', '450 frames over 29.93 s (0 estimated missing, largest interval 66.7 ms)', 'external traffic proxy covers 2.13% of the sampled pixels', 'cockpit proxy covers 1.27% of the sampled pixels', ""hand tracking reports a hand in 46.9% of the window's frames (proxy signal, not visibility ground truth)""]"
134,motorcycle_5ab8604a14df,motorcycle,7425,7874,2669855892831,2699786271039,29.930378208,450,450,0,66.76249,0,469.5248718261719,0.0,0.310502827167511,0.06066041439771652,0.0007867227541282773,0.019147148355841637,0.17583786231884058,0.06363932291666667,0.4596976279100173,0.053137656301259995,0.017874032258987427,0.007894331589341164,0.0,0.0,0.0,0,10.055000305175781,1.0,1.0,True,[],0.36459247374692055,"{'motion': 0.043833516194251965, 'visual_diversity': 0.05401353965183752, 'semantic_diversity': 0.11007355810478875, 'traffic': 0.08364904630321243, 'cockpit': 0.011997702363645965, 'sharpness': 0.011025111129183938, 'hands': 0.0, 'continuity': 0.05}","['strongest contributions: semantic_diversity 0.110, traffic 0.084, visual_diversity 0.054', '450 frames over 29.93 s (0 estimated missing, largest interval 66.8 ms)', 'external traffic proxy covers 5.31% of the sampled pixels', 'cockpit proxy covers 0.79% of the sampled pixels', ""hand tracking reports a hand in 0.0% of the window's frames (proxy signal, not visibility ground truth)""]"
135,motorcycle_5ab8604a14df,motorcycle,1425,1874,2269887239102,2299818141926,29.930902824,450,450,0,66.68672,0,371.56500244140625,0.0,0.3254008889198303,0.04954648017883301,5.244784915703349e-05,0.017966927960515022,0.251754981884058,0.12638346354166666,0.45222083643532357,0.025203898549079895,0.04938693717122078,0.005845359526574612,0.0,0.0,0.0,0,12.277000427246094,1.0,1.0,True,[],0.3627882873433636,"{'motion': 0.035539641288922084, 'visual_diversity': 0.11885880077369443, 'semantic_diversity': 0.1064148849660686, 'traffic': 0.0394119641879948, 'cockpit': 0.008332726999672208, 'sharpness': 0.004230269127011501, 'hands': 0.0, 'continuity': 0.05}","['strongest contributions: visual_diversity 0.119, semantic_diversity 0.106, continuity 0.050', '450 frames over 29.93 s (0 estimated missing, largest interval 66.7 ms)', 'external traffic proxy covers 2.52% of the sampled pixels', 'cockpit proxy covers 0.58% of the sampled pixels', ""hand tracking reports a hand in 0.0% of the window's frames (proxy signal, not visibility ground truth)""]"
136,motorcycle_5ab8604a14df,motorcycle,8850,9299,2764847664571,2794779300769,29.931636198,450,450,0,66.78801,0,542.5787353515625,0.0,0.2908455431461334,0.08458186686038971,0.0010654687648639083,0.027225714176893234,0.2006340579710145,0.074462890625,0.3908189106683134,0.016159620136022568,0.021608253940939903,0.008395272307097912,0.0,0.0,0.1,45,19.33300018310547,1.0,1.0,True,[],0.36124202011119716,"{'motion': 0.10060478925442747, 'visual_diversity': 0.07519342359767893, 'semantic_diversity': 0.07636863087033685, 'traffic': 0.025089061756434845, 'cockpit': 0.012893729899966254, 'sharpness': 0.01609238473235285, 'hands': 0.005000000000000001, 'continuity': 0.05}","['strongest contributions: motion 0.101, semantic_diversity 0.076, visual_diversity 0.075', '450 frames over 29.93 s (0 estimated missing, largest interval 66.8 ms)', 'external traffic proxy covers 1.62% of the sampled pixels', 'cockpit proxy covers 0.84% of the sampled pixels', ""hand tracking reports a hand in 10.0% of the window's frames (proxy signal, not visibility ground truth)""]"
137,motorcycle_5ab8604a14df,motorcycle,1650,2099,2284886073165,2314817078312,29.931005147,450,450,0,66.71229,0,376.1439514160156,0.0,0.31921395659446716,0.051147159188985825,4.977377102477476e-05,0.019875643774867058,0.24422554347826086,0.111572265625,0.4480059044029511,0.017061812803149223,0.052550144493579865,0.006874140817672014,0.0,0.0,0.051111111111111114,23,15.75,1.0,1.0,True,[],0.35952691539463566,"{'motion': 0.04895294125962769, 'visual_diversity': 0.1124274661508704, 'semantic_diversity': 0.10435236140090473, 'traffic': 0.02651781228307368, 'cockpit': 0.010172897568761455, 'sharpness': 0.004547881175842171, 'hands': 0.0025555555555555557, 'continuity': 0.05}","['strongest contributions: visual_diversity 0.112, semantic_diversity 0.104, continuity 0.050', '450 frames over 29.93 s (0 estimated missing, largest interval 66.7 ms)', 'external traffic proxy covers 1.71% of the sampled pixels', 'cockpit proxy covers 0.69% of the sampled pixels', ""hand tracking reports a hand in 5.1% of the window's frames (proxy signal, not visibility ground truth)""]"
138,motorcycle_5ab8604a14df,motorcycle,1500,1949,2274886928718,2304817621404,29.930692686,450,450,0,66.699321,0,376.96832275390625,0.0,0.3257094621658325,0.04951095953583717,4.772081956616603e-05,0.018579892814159393,0.26336050724637683,0.13028971354166666,0.4348829722900052,0.022879593074321747,0.04808485135436058,0.001589174848049879,0.0,0.0,0.011111111111111112,5,12.541000366210938,1.0,1.0,True,[],0.35816121512146715,"{'motion': 0.03984718743676115, 'visual_diversity': 0.1287717601547389, 'semantic_diversity': 0.09793082090651103, 'traffic': 0.0357310955751888, 'cockpit': 0.000719733013676143, 'sharpness': 0.004605062479035675, 'hands': 0.0005555555555555556, 'continuity': 0.05}","['strongest contributions: visual_diversity 0.129, semantic_diversity 0.098, continuity 0.050', '450 frames over 29.93 s (0 estimated missing, largest interval 66.7 ms)', 'external traffic proxy covers 2.29% of the sampled pixels', 'cockpit proxy covers 0.16% of the sampled pixels', ""hand tracking reports a hand in 1.1% of the window's frames (proxy signal, not visibility ground truth)""]"
139,motorcycle_5ab8604a14df,motorcycle,7650,8099,2684854643270,2714785559550,29.93091628,450,450,0,66.76249,0,546.3565063476562,0.0,0.2900485098361969,0.07424621284008026,0.0009731343016028404,0.023993974551558495,0.1819519927536232,0.061279296875,0.4066850410080771,0.03934009373188019,0.016850676387548447,0.00434027798473835,0.0,0.0,0.0022222222222222222,1,8.833000183105469,1.0,1.0,True,[],0.35516735593428767,"{'motion': 0.07789407836918953, 'visual_diversity': 0.05923597678916829, 'semantic_diversity': 0.08413252064658665, 'traffic': 0.06179864172154201, 'cockpit': 0.005640603045500945, 'sharpness': 0.016354424251189107, 'hands': 0.00011111111111111112, 'continuity': 0.05}","['strongest contributions: semantic_diversity 0.084, motion 0.078, traffic 0.062', '450 frames over 29.93 s (0 estimated missing, largest interval 66.8 ms)', 'external traffic proxy covers 3.93% of the sampled pixels', 'cockpit proxy covers 0.43% of the sampled pixels', ""hand tracking reports a hand in 0.2% of the window's frames (proxy signal, not visibility ground truth)""]"
140,motorcycle_5ab8604a14df,motorcycle,525,974,2209825257092,2239822542207,29.997285115,450,450,1,133.316917,1,447.89776611328125,0.022222222222222223,0.30710092186927795,0.054697129875421524,0.0005314516602084041,0.026189275085926056,0.2736639492753623,0.044677734375,0.3232520585350287,0.00037693034391850233,0.004996132105588913,0.007077015470713377,0.0,0.0,0.15333333333333332,69,5.361000061035156,1.0,1.0,True,[],0.3519107417745059,"{'motion': 0.09332132236848478, 'visual_diversity': 0.1375725338491296, 'semantic_diversity': 0.043305648198608486, 'traffic': 9.492561025791262e-05, 'cockpit': 0.010535777384881248, 'sharpness': 0.009524978807588312, 'hands': 0.007666666666666666, 'continuity': 0.04988888888888889}","['strongest contributions: visual_diversity 0.138, motion 0.093, continuity 0.050', '450 frames over 30.00 s (1 estimated missing, largest interval 133.3 ms)', 'external traffic proxy covers 0.04% of the sampled pixels', 'cockpit proxy covers 0.71% of the sampled pixels', ""hand tracking reports a hand in 15.3% of the window's frames (proxy signal, not visibility ground truth)""]"
141,motorcycle_5ab8604a14df,motorcycle,7275,7724,2659856641666,2689787215957,29.930574291,450,450,0,66.71198,0,422.2052001953125,0.0,0.31640204787254333,0.05862408131361008,0.0001958078792085871,0.015338334254920483,0.19265172101449277,0.24275716145833334,0.46655737486348764,0.05357915535569191,0.01797688566148281,0.0072044082917273045,0.0,0.0,0.0,0,12.444000244140625,1.0,1.0,True,[],0.3517277234903446,"{'motion': 0.01706747502449708, 'visual_diversity': 0.06837524177949711, 'semantic_diversity': 0.11343028832817745, 'traffic': 0.08434822290873631, 'cockpit': 0.010763643620369474, 'sharpness': 0.00774285182906717, 'hands': 0.0, 'continuity': 0.05}","['strongest contributions: semantic_diversity 0.113, traffic 0.084, visual_diversity 0.068', '450 frames over 29.93 s (0 estimated missing, largest interval 66.7 ms)', 'external traffic proxy covers 5.36% of the sampled pixels', 'cockpit proxy covers 0.72% of the sampled pixels', ""hand tracking reports a hand in 0.0% of the window's frames (proxy signal, not visibility ground truth)""]"
142,motorcycle_5ab8604a14df,motorcycle,600,1049,2214825058758,2244822663415,29.997604657,450,450,1,133.316917,1,463.0945739746094,0.022222222222222223,0.3087448179721832,0.05541551113128662,0.0005344406818039715,0.027495814487338066,0.2544723731884058,0.044759114583333336,0.33200785972208624,0.0003169890260323882,0.008261184208095074,0.0064069414511322975,0.0,0.0,0.18666666666666668,84,5.693999767303467,1.0,1.0,True,[],0.3504114913575982,"{'motion': 0.1025028908256177, 'visual_diversity': 0.12117988394584144, 'semantic_diversity': 0.04759018852843943, 'traffic': 0.0, 'cockpit': 0.009337222842127912, 'sharpness': 0.01057908299334946, 'hands': 0.009333333333333334, 'continuity': 0.04988888888888889}","['strongest contributions: visual_diversity 0.121, motion 0.103, continuity 0.050', '450 frames over 30.00 s (1 estimated missing, largest interval 133.3 ms)', 'external traffic proxy covers 0.03% of the sampled pixels', 'cockpit proxy covers 0.64% of the sampled pixels', ""hand tracking reports a hand in 18.7% of the window's frames (proxy signal, not visibility ground truth)""]"
143,motorcycle_5ab8604a14df,motorcycle,5250,5699,2524867152540,2554798283456,29.931130916,450,450,0,66.730709,0,507.5061950683594,0.0,0.30967745184898376,0.06604201346635818,0.0004922517109662294,0.020601950585842133,0.17074275362318841,0.06477864583333333,0.40745342461453016,0.03172833099961281,0.01576538011431694,0.009563982486724854,0.0,0.0,0.64,288,16.527000427246094,1.0,1.0,True,[],0.34861516554062916,"{'motion': 0.05405698611173287, 'visual_diversity': 0.049661508704061906, 'semantic_diversity': 0.08450851942503028, 'traffic': 0.04974433180677282, 'cockpit': 0.014984189840242218, 'sharpness': 0.013659629652789065, 'hands': 0.032, 'continuity': 0.05}","['strongest contributions: semantic_diversity 0.085, motion 0.054, continuity 0.050', '450 frames over 29.93 s (0 estimated missing, largest interval 66.7 ms)', 'external traffic proxy covers 3.17% of the sampled pixels', 'cockpit proxy covers 0.96% of the sampled pixels', ""hand tracking reports a hand in 64.0% of the window's frames (proxy signal, not visibility ground truth)""]"
144,motorcycle_5ab8604a14df,motorcycle,2400,2849,2334882254623,2364813171041,29.930916418,450,450,0,66.68672,0,691.0005493164062,0.0,0.3011559247970581,0.054553452879190445,0.0012572209816426039,0.01936417631804943,0.19627490942028986,0.2508138020833333,0.45418124507528934,0.02366943098604679,0.04028365761041641,0.0047322590835392475,0.0,0.0,0.0044444444444444444,2,13.262999534606934,1.0,1.0,True,[],0.34413618220657927,"{'motion': 0.04535865741078887, 'visual_diversity': 0.07147001934235978, 'semantic_diversity': 0.10737418608557073, 'traffic': 0.03698191635156522, 'cockpit': 0.0063417356262492315, 'sharpness': 0.0263874451678232, 'hands': 0.00022222222222222223, 'continuity': 0.05}","['strongest contributions: semantic_diversity 0.107, visual_diversity 0.071, continuity 0.050', '450 frames over 29.93 s (0 estimated missing, largest interval 66.7 ms)', 'external traffic proxy covers 2.37% of the sampled pixels', 'cockpit proxy covers 0.47% of the sampled pixels', ""hand tracking reports a hand in 0.4% of the window's frames (proxy signal, not visibility ground truth)""]"
145,motorcycle_5ab8604a14df,motorcycle,1725,2174,2289885737029,2319816752425,29.931015396,450,450,0,66.71229,0,372.49652099609375,0.0,0.31752312183380127,0.05102905258536339,5.8229052228853106e-05,0.019553208723664284,0.22276947463768115,0.06852213541666667,0.44755592774753916,0.017091423273086548,0.051206909120082855,0.008889657445251942,0.0,0.0,0.051111111111111114,23,16.361000061035156,1.0,1.0,True,[],0.3421129884021268,"{'motion': 0.04668706279289489, 'visual_diversity': 0.09410058027079304, 'semantic_diversity': 0.10413217102809855, 'traffic': 0.026564704677634717, 'cockpit': 0.013778031538126618, 'sharpness': 0.0042948825390234395, 'hands': 0.0025555555555555557, 'continuity': 0.05}","['strongest contributions: semantic_diversity 0.104, visual_diversity 0.094, continuity 0.050', '450 frames over 29.93 s (0 estimated missing, largest interval 66.7 ms)', 'external traffic proxy covers 1.71% of the sampled pixels', 'cockpit proxy covers 0.89% of the sampled pixels', ""hand tracking reports a hand in 5.1% of the window's frames (proxy signal, not visibility ground truth)""]"
146,motorcycle_5ab8604a14df,motorcycle,4875,5324,2499869224000,2529800142343,29.930918343,450,450,0,66.724635,0,467.87945556640625,0.0,0.3186984062194824,0.05628078803420067,0.00037848082138225436,0.018538769334554672,0.1988790760869565,0.13362630208333334,0.41344132086243235,0.024953659623861313,0.0153944231569767,0.015314626507461071,0.0,0.0,0.3022222222222222,136,17.05500030517578,1.0,1.0,True,[],0.3409992813257399,"{'motion': 0.0395581965017934, 'visual_diversity': 0.0736943907156673, 'semantic_diversity': 0.08743862055648391, 'traffic': 0.03901567522531651, 'cockpit': 0.025270307960625057, 'sharpness': 0.01091097925474259, 'hands': 0.015111111111111112, 'continuity': 0.05}","['strongest contributions: semantic_diversity 0.087, visual_diversity 0.074, continuity 0.050', '450 frames over 29.93 s (0 estimated missing, largest interval 66.7 ms)', 'external traffic proxy covers 2.50% of the sampled pixels', 'cockpit proxy covers 1.53% of the sampled pixels', ""hand tracking reports a hand in 30.2% of the window's frames (proxy signal, not visibility ground truth)""]"
147,motorcycle_5ab8604a14df,motorcycle,8775,9224,2759848589488,2789779377686,29.930788198,450,450,0,66.78801,0,543.3145751953125,0.0,0.28913751244544983,0.08586442470550537,0.0009378280956298113,0.027838926762342453,0.17108242753623187,0.07145182291666667,0.3874795064016094,0.016264062374830246,0.021381517872214317,0.0095350481569767,0.0,0.0,0.1,45,19.861000061035156,1.0,1.0,True,[],0.3409305775217541,"{'motion': 0.10491407631151334, 'visual_diversity': 0.04995164410058026, 'semantic_diversity': 0.07473453571986083, 'traffic': 0.025254460910226522, 'cockpit': 0.014932435300672314, 'sharpness': 0.016143425178900873, 'hands': 0.005000000000000001, 'continuity': 0.05}","['strongest contributions: motion 0.105, semantic_diversity 0.075, continuity 0.050', '450 frames over 29.93 s (0 estimated missing, largest interval 66.8 ms)', 'external traffic proxy covers 1.63% of the sampled pixels', 'cockpit proxy covers 0.95% of the sampled pixels', ""hand tracking reports a hand in 10.0% of the window's frames (proxy signal, not visibility ground truth)""]"
148,motorcycle_5ab8604a14df,motorcycle,8700,9149,2754848938854,2784779644394,29.93070554,450,450,0,66.78801,0,544.9467163085938,0.0,0.29509562253952026,0.07973146438598633,0.0009230448049493134,0.02736193686723709,0.1727241847826087,0.0595703125,0.3878416037573322,0.015872078016400337,0.021557165309786797,0.013130921870470047,0.0,0.0,0.013333333333333334,6,21.111000061035156,1.0,1.0,True,[],0.34074910716604845,"{'motion': 0.10156207990747264, 'visual_diversity': 0.05135396518375243, 'semantic_diversity': 0.07491172347124703, 'traffic': 0.024633697874848964, 'cockpit': 0.021364337819694344, 'sharpness': 0.016256636242366423, 'hands': 0.0006666666666666668, 'continuity': 0.05}","['strongest contributions: motion 0.102, semantic_diversity 0.075, visual_diversity 0.051', '450 frames over 29.93 s (0 estimated missing, largest interval 66.8 ms)', 'external traffic proxy covers 1.59% of the sampled pixels', 'cockpit proxy covers 1.31% of the sampled pixels', ""hand tracking reports a hand in 1.3% of the window's frames (proxy signal, not visibility ground truth)""]"
149,motorcycle_5ab8604a14df,motorcycle,1875,2324,2299884803331,2329815977583,29.931174252,450,450,0,66.71229,0,355.7406311035156,0.0,0.31741195917129517,0.0493752658367157,0.0001934049796545878,0.017287615686655045,0.19202898550724637,0.07861328125,0.5171794848645518,0.015080202370882034,0.045899566262960434,0.014142071828246117,0.0,0.0,0.051111111111111114,23,18.33300018310547,1.0,1.0,True,[],0.3390515606535543,"{'motion': 0.030765845611979342, 'visual_diversity': 0.06784332688588007, 'semantic_diversity': 0.13820157621457885, 'traffic': 0.023379650056914402, 'cockpit': 0.023172971403272208, 'sharpness': 0.00313263492537388, 'hands': 0.0025555555555555557, 'continuity': 0.05}","['strongest contributions: semantic_diversity 0.138, visual_diversity 0.068, continuity 0.050', '450 frames over 29.93 s (0 estimated missing, largest interval 66.7 ms)', 'external traffic proxy covers 1.51% of the sampled pixels', 'cockpit proxy covers 1.41% of the sampled pixels', ""hand tracking reports a hand in 5.1% of the window's frames (proxy signal, not visibility ground truth)""]"
150,motorcycle_5ab8604a14df,motorcycle,5850,6299,2564863665456,2594795117197,29.931451741,450,450,0,66.762604,0,470.0150146484375,0.0,0.3089367747306824,0.06766126304864883,0.00016821191820781678,0.017910141497850418,0.18699048913043478,0.06591796875,0.4058154362553932,0.037962060421705246,0.014249222353100777,0.0011867948342114687,0.0,0.0,0.6577777777777778,296,12.137999534606934,1.0,1.0,True,[],0.33595155065346355,"{'motion': 0.03514058038511007, 'visual_diversity': 0.06353965183752418, 'semantic_diversity': 0.08370699058322768, 'traffic': 0.05961632979485694, 'cockpit': 0.0, 'sharpness': 0.011059109163855795, 'hands': 0.03288888888888889, 'continuity': 0.05}","['strongest contributions: semantic_diversity 0.084, visual_diversity 0.064, traffic 0.060', '450 frames over 29.93 s (0 estimated missing, largest interval 66.8 ms)', 'external traffic proxy covers 3.80% of the sampled pixels', 'cockpit proxy covers 0.12% of the sampled pixels', ""hand tracking reports a hand in 65.8% of the window's frames (proxy signal, not visibility ground truth)""]"
151,motorcycle_5ab8604a14df,motorcycle,7200,7649,2654856996904,2684787981811,29.930984907,450,450,0,66.71198,0,392.93035888671875,0.0,0.31533166766166687,0.0592399537563324,0.00012902657908853143,0.01498255506157875,0.18353713768115942,0.2783203125,0.461886432126817,0.04794900491833687,0.018468106165528297,0.009190311655402184,0.0,0.0,0.0,0,13.75,1.0,1.0,True,[],0.3317619701916047,"{'motion': 0.014567274100008824, 'visual_diversity': 0.060589941972920704, 'semantic_diversity': 0.11114462170486736, 'traffic': 0.07543207816989016, 'cockpit': 0.014315808647585025, 'sharpness': 0.005712245596332641, 'hands': 0.0, 'continuity': 0.05}","['strongest contributions: semantic_diversity 0.111, traffic 0.075, visual_diversity 0.061', '450 frames over 29.93 s (0 estimated missing, largest interval 66.7 ms)', 'external traffic proxy covers 4.79% of the sampled pixels', 'cockpit proxy covers 0.92% of the sampled pixels', ""hand tracking reports a hand in 0.0% of the window's frames (proxy signal, not visibility ground truth)""]"
152,motorcycle_5ab8604a14df,motorcycle,7500,7949,2674855487289,2704786150093,29.930662804,450,450,0,66.76249,0,488.7224426269531,0.0,0.3046112060546875,0.06589433550834656,0.0008970031631179154,0.02040236070752144,0.16796875,0.062744140625,0.42021514601196325,0.04455588757991791,0.01770833320915699,0.0058218492195010185,0.0,0.0,0.0022222222222222222,1,9.277000427246094,1.0,1.0,True,[],0.331516866484279,"{'motion': 0.05265438919871838, 'visual_diversity': 0.047292069632495166, 'semantic_diversity': 0.0907533060341862, 'traffic': 0.07005859381243762, 'cockpit': 0.008290674353962711, 'sharpness': 0.012356722341367872, 'hands': 0.00011111111111111112, 'continuity': 0.05}","['strongest contributions: semantic_diversity 0.091, traffic 0.070, motion 0.053', '450 frames over 29.93 s (0 estimated missing, largest interval 66.8 ms)', 'external traffic proxy covers 4.46% of the sampled pixels', 'cockpit proxy covers 0.58% of the sampled pixels', ""hand tracking reports a hand in 0.2% of the window's frames (proxy signal, not visibility ground truth)""]"
153,motorcycle_5ab8604a14df,motorcycle,5775,6224,2559864501040,2589795536155,29.931035115,450,450,0,66.762604,0,466.4259033203125,0.0,0.31020253896713257,0.06799166649580002,0.00022781372535973787,0.018451331183314323,0.18863224637681159,0.064453125,0.4079677952172908,0.02810872346162796,0.01466403529047966,0.0015455457614734769,0.0,0.0,0.6577777777777778,296,13.637999534606934,1.0,1.0,True,[],0.32699883387675693,"{'motion': 0.0389437340749345, 'visual_diversity': 0.06494197292069631, 'semantic_diversity': 0.08476022015976889, 'traffic': 0.04401216797463678, 'cockpit': 0.0006416941129215404, 'sharpness': 0.010810155744910043, 'hands': 0.03288888888888889, 'continuity': 0.05}","['strongest contributions: semantic_diversity 0.085, visual_diversity 0.065, continuity 0.050', '450 frames over 29.93 s (0 estimated missing, largest interval 66.8 ms)', 'external traffic proxy covers 2.81% of the sampled pixels', 'cockpit proxy covers 0.15% of the sampled pixels', ""hand tracking reports a hand in 65.8% of the window's frames (proxy signal, not visibility ground truth)""]"
154,motorcycle_5ab8604a14df,motorcycle,1800,2249,2294885210207,2324816344092,29.931133885,450,450,0,66.71229,0,368.5264587402344,0.0,0.3176059424877167,0.05087476223707199,0.00010959210339933634,0.018911371007561684,0.19684103260869565,0.062337239583333336,0.4592848235847975,0.017365630716085434,0.05318060889840126,0.011958369985222816,0.0,0.0,0.051111111111111114,23,17.25,1.0,1.0,True,[],0.32684276954908104,"{'motion': 0.04217661563577352, 'visual_diversity': 0.07195357833655706, 'semantic_diversity': 0.1098715575405974, 'traffic': 0.026998951200431987, 'cockpit': 0.01926700625988298, 'sharpness': 0.004019505020282608, 'hands': 0.0025555555555555557, 'continuity': 0.05}","['strongest contributions: semantic_diversity 0.110, visual_diversity 0.072, continuity 0.050', '450 frames over 29.93 s (0 estimated missing, largest interval 66.7 ms)', 'external traffic proxy covers 1.74% of the sampled pixels', 'cockpit proxy covers 1.20% of the sampled pixels', ""hand tracking reports a hand in 5.1% of the window's frames (proxy signal, not visibility ground truth)""]"
155,motorcycle_5ab8604a14df,motorcycle,7575,8024,2679855081093,2709785990801,29.930909708,450,450,0,66.76249,0,521.0306396484375,0.0,0.2967064678668976,0.07144416123628616,0.0010032219579443336,0.022438624873757362,0.15307971014492755,0.060953776041666664,0.41175316365238046,0.042725734412670135,0.01739027351140976,0.0048023369163274765,0.0,0.0,0.0022222222222222222,1,9.083000183105469,1.0,1.0,True,[],0.3264872449189934,"{'motion': 0.06696402181974495, 'visual_diversity': 0.0345744680851064, 'semantic_diversity': 0.0866125422233836, 'traffic': 0.06716028572724465, 'cockpit': 0.006467083128734333, 'sharpness': 0.014597732823668339, 'hands': 0.00011111111111111112, 'continuity': 0.05}","['strongest contributions: semantic_diversity 0.087, traffic 0.067, motion 0.067', '450 frames over 29.93 s (0 estimated missing, largest interval 66.8 ms)', 'external traffic proxy covers 4.27% of the sampled pixels', 'cockpit proxy covers 0.48% of the sampled pixels', ""hand tracking reports a hand in 0.2% of the window's frames (proxy signal, not visibility ground truth)""]"
156,motorcycle_5ab8604a14df,motorcycle,4725,5174,2489870123333,2519800940801,29.930817468,450,450,0,66.699186,0,402.6441955566406,0.0,0.3181270956993103,0.05583769083023071,0.0002738424518611282,0.01671011559665203,0.17430932971014493,0.288818359375,0.4287859820555606,0.033094391226768494,0.0294053852558136,0.013779252767562866,0.0,0.0,0.3333333333333333,150,17.05500030517578,1.0,1.0,True,[],0.321847172294456,"{'motion': 0.02670752436683916, 'visual_diversity': 0.052707930367504846, 'semantic_diversity': 0.09494733601552506, 'traffic': 0.05190768265198099, 'cockpit': 0.02252400066172447, 'sharpness': 0.006386031564214839, 'hands': 0.016666666666666666, 'continuity': 0.05}","['strongest contributions: semantic_diversity 0.095, visual_diversity 0.053, traffic 0.052', '450 frames over 29.93 s (0 estimated missing, largest interval 66.7 ms)', 'external traffic proxy covers 3.31% of the sampled pixels', 'cockpit proxy covers 1.38% of the sampled pixels', ""hand tracking reports a hand in 33.3% of the window's frames (proxy signal, not visibility ground truth)""]"
157,motorcycle_5ab8604a14df,motorcycle,1950,2399,2304884314040,2334815593165,29.931279125,450,450,0,66.71229,0,337.6136474609375,0.0,0.3159259855747223,0.049806974828243256,0.000260975124547258,0.01473050843924284,0.17713994565217392,0.14314778645833334,0.5235398507051098,0.015281394124031067,0.04115103557705879,0.01488918624818325,0.0,0.0,0.04,18,18.444000244140625,1.0,1.0,True,[],0.3113185854609618,"{'motion': 0.012796042926371582, 'visual_diversity': 0.055125725338491305, 'semantic_diversity': 0.14131394062009223, 'traffic': 0.023698265840151216, 'cockpit': 0.024509327321879534, 'sharpness': 0.0018752834139759125, 'hands': 0.002, 'continuity': 0.05}","['strongest contributions: semantic_diversity 0.141, visual_diversity 0.055, continuity 0.050', '450 frames over 29.93 s (0 estimated missing, largest interval 66.7 ms)', 'external traffic proxy covers 1.53% of the sampled pixels', 'cockpit proxy covers 1.49% of the sampled pixels', ""hand tracking reports a hand in 4.0% of the window's frames (proxy signal, not visibility ground truth)""]"
158,motorcycle_5ab8604a14df,motorcycle,5700,6149,2554864932207,2584795929801,29.930997594,450,450,0,66.762604,0,463.869384765625,0.0,0.31123900413513184,0.06790413707494736,0.0002563807647675276,0.01851668953895569,0.17617753623188406,0.06599934895833333,0.43031155199179855,0.016046598553657532,0.015769222751259804,0.0016282825963571668,0.0,0.0,0.6577777777777778,296,14.944000244140625,1.0,1.0,True,[],0.3086220385567493,"{'motion': 0.03940303305659421, 'visual_diversity': 0.054303675048355905, 'semantic_diversity': 0.09569385432700189, 'traffic': 0.024910075990744806, 'cockpit': 0.0007896846429302631, 'sharpness': 0.010632826602233324, 'hands': 0.03288888888888889, 'continuity': 0.05}","['strongest contributions: semantic_diversity 0.096, visual_diversity 0.054, continuity 0.050', '450 frames over 29.93 s (0 estimated missing, largest interval 66.8 ms)', 'external traffic proxy covers 1.60% of the sampled pixels', 'cockpit proxy covers 0.16% of the sampled pixels', ""hand tracking reports a hand in 65.8% of the window's frames (proxy signal, not visibility ground truth)""]"
159,motorcycle_5ab8604a14df,motorcycle,450,899,2204825770301,2234823336926,29.997566625,450,450,1,133.316917,1,447.2354431152344,0.022222222222222223,0.30525216460227966,0.05485280603170395,0.000529625394847244,0.025284109637141228,0.2444519927536232,0.047607421875,0.29943678741156043,0.000402306963223964,0.002345587592571974,0.0039957244880497456,0.0,0.0,0.03777777777777778,17,5.179999828338623,1.0,1.0,True,[],0.29764943646168174,"{'motion': 0.086960367219281, 'visual_diversity': 0.11262088974854932, 'semantic_diversity': 0.0316519471363704, 'traffic': 0.00013511309960258239, 'cockpit': 0.005024303731380613, 'sharpness': 0.009479037748720042, 'hands': 0.001888888888888889, 'continuity': 0.04988888888888889}","['strongest contributions: visual_diversity 0.113, motion 0.087, continuity 0.050', '450 frames over 30.00 s (1 estimated missing, largest interval 133.3 ms)', 'external traffic proxy covers 0.04% of the sampled pixels', 'cockpit proxy covers 0.40% of the sampled pixels', ""hand tracking reports a hand in 3.8% of the window's frames (proxy signal, not visibility ground truth)""]"
160,motorcycle_5ab8604a14df,motorcycle,5325,5774,2529866791300,2559797839790,29.93104849,450,450,0,66.730709,0,479.3875732421875,0.0,0.31173935532569885,0.06510727107524872,0.00032702955650165677,0.01879177801311016,0.14045516304347827,0.07267252604166667,0.39387375381190487,0.029362201690673828,0.016592521220445633,0.0055275242775678635,0.0,0.0,0.6866666666666666,309,15.527000427246094,1.0,1.0,True,[],0.2927947743354533,"{'motion': 0.04133618842449808, 'visual_diversity': 0.02379110251450678, 'semantic_diversity': 0.07786347964207142, 'traffic': 0.04599722919840328, 'cockpit': 0.007764218341804326, 'sharpness': 0.011709222880836095, 'hands': 0.034333333333333334, 'continuity': 0.05}","['strongest contributions: semantic_diversity 0.078, continuity 0.050, traffic 0.046', '450 frames over 29.93 s (0 estimated missing, largest interval 66.7 ms)', 'external traffic proxy covers 2.94% of the sampled pixels', 'cockpit proxy covers 0.55% of the sampled pixels', ""hand tracking reports a hand in 68.7% of the window's frames (proxy signal, not visibility ground truth)""]"
161,motorcycle_5ab8604a14df,motorcycle,5625,6074,2549865351062,2579796304373,29.930953311,450,450,0,66.762604,0,445.9783630371094,0.0,0.31110692024230957,0.06807281821966171,0.0002612616226542741,0.018450073897838593,0.15755208333333334,0.06298828125,0.4282176359976878,0.015162491239607334,0.01565958559513092,0.0023670338559895754,0.0,0.0,0.6577777777777778,296,15.151999950408936,1.0,1.0,True,[],0.2899004846363719,"{'motion': 0.03893489863326843, 'visual_diversity': 0.038394584139265, 'semantic_diversity': 0.09466922307597408, 'traffic': 0.023509966195375414, 'cockpit': 0.0021110814622708088, 'sharpness': 0.009391842241329273, 'hands': 0.03288888888888889, 'continuity': 0.05}","['strongest contributions: semantic_diversity 0.095, continuity 0.050, motion 0.039', '450 frames over 29.93 s (0 estimated missing, largest interval 66.8 ms)', 'external traffic proxy covers 1.52% of the sampled pixels', 'cockpit proxy covers 0.24% of the sampled pixels', ""hand tracking reports a hand in 65.8% of the window's frames (proxy signal, not visibility ground truth)""]"
162,motorcycle_5ab8604a14df,motorcycle,4800,5249,2494869673852,2524800491083,29.930817231,450,450,0,66.699186,0,426.90771484375,0.0,0.3201896548271179,0.05513500049710274,0.0002534179948270321,0.01641993038356304,0.18036684782608695,0.3013509114583333,0.3974238446850236,0.021759258583188057,0.016492150723934174,0.011664272285997868,0.0,0.0,0.3333333333333333,150,16.666000366210938,1.0,1.0,True,[],0.2895845060945085,"{'motion': 0.024668278251226555, 'visual_diversity': 0.05788201160541585, 'semantic_diversity': 0.07960067161291305, 'traffic': 0.033956886415058035, 'cockpit': 0.018740956714431656, 'sharpness': 0.008069034828796685, 'hands': 0.016666666666666666, 'continuity': 0.05}","['strongest contributions: semantic_diversity 0.080, visual_diversity 0.058, continuity 0.050', '450 frames over 29.93 s (0 estimated missing, largest interval 66.7 ms)', 'external traffic proxy covers 2.18% of the sampled pixels', 'cockpit proxy covers 1.17% of the sampled pixels', ""hand tracking reports a hand in 33.3% of the window's frames (proxy signal, not visibility ground truth)""]"
163,motorcycle_5ab8604a14df,motorcycle,2325,2774,2329882645144,2359813518164,29.93087302,450,450,0,66.68672,0,621.7158203125,0.0,0.30457672476768494,0.051628727465867996,0.0009550455724820495,0.01702706143260002,0.16791213768115942,0.2937825520833333,0.44247392299711863,0.017424631863832474,0.03674813359975815,0.0029834890738129616,0.0,0.0,0.0,0,15.555000305175781,1.0,1.0,True,[],0.2797116266489635,"{'motion': 0.02893482794973511, 'visual_diversity': 0.04724371373307544, 'semantic_diversity': 0.10164535641863086, 'traffic': 0.02709238791742987, 'cockpit': 0.0032137286029376537, 'sharpness': 0.02158161202715457, 'hands': 0.0, 'continuity': 0.05}","['strongest contributions: semantic_diversity 0.102, continuity 0.050, visual_diversity 0.047', '450 frames over 29.93 s (0 estimated missing, largest interval 66.7 ms)', 'external traffic proxy covers 1.74% of the sampled pixels', 'cockpit proxy covers 0.30% of the sampled pixels', ""hand tracking reports a hand in 0.0% of the window's frames (proxy signal, not visibility ground truth)""]"
164,motorcycle_5ab8604a14df,motorcycle,5550,5999,2544865655550,2574796653270,29.93099772,450,450,0,66.762604,0,451.42340087890625,0.0,0.3099595606327057,0.06817074865102768,0.000268123229034245,0.018357349559664726,0.14685235507246377,0.06486002604166667,0.4054103021838491,0.017880819737911224,0.01520453579723835,0.0032353149726986885,0.0,0.0,0.6711111111111111,302,15.151999950408936,1.0,1.0,True,[],0.27585142878766844,"{'motion': 0.03828328808278246, 'visual_diversity': 0.029255319148936178, 'semantic_diversity': 0.08350874336045097, 'traffic': 0.027814826359998997, 'cockpit': 0.0036641670116393204, 'sharpness': 0.009769529268304971, 'hands': 0.033555555555555554, 'continuity': 0.05}","['strongest contributions: semantic_diversity 0.084, continuity 0.050, motion 0.038', '450 frames over 29.93 s (0 estimated missing, largest interval 66.8 ms)', 'external traffic proxy covers 1.79% of the sampled pixels', 'cockpit proxy covers 0.32% of the sampled pixels', ""hand tracking reports a hand in 67.1% of the window's frames (proxy signal, not visibility ground truth)""]"
165,motorcycle_5ab8604a14df,motorcycle,2025,2474,2309884160050,2339815164447,29.931004397,450,450,0,66.706084,0,342.9320983886719,0.0,0.3162553012371063,0.0497194342315197,0.00036162565811537206,0.01318743359297514,0.15143795289855072,0.4532063802083333,0.5260428823854163,0.014560051262378693,0.038894765079021454,0.012096265330910683,0.0,0.0,0.008888888888888889,4,18.444000244140625,1.0,1.0,True,[],0.2724213702662623,"{'motion': 0.0019522464666741541, 'visual_diversity': 0.03317214700193424, 'semantic_diversity': 0.14253876744655902, 'traffic': 0.022555916726679302, 'cockpit': 0.019513658253795623, 'sharpness': 0.002244189926175515, 'hands': 0.00044444444444444447, 'continuity': 0.05}","['strongest contributions: semantic_diversity 0.143, continuity 0.050, visual_diversity 0.033', '450 frames over 29.93 s (0 estimated missing, largest interval 66.7 ms)', 'external traffic proxy covers 1.46% of the sampled pixels', 'cockpit proxy covers 1.21% of the sampled pixels', ""hand tracking reports a hand in 0.9% of the window's frames (proxy signal, not visibility ground truth)""]"
166,motorcycle_5ab8604a14df,motorcycle,375,824,2199826226322,2229757356478,29.931130156,450,450,0,66.902104,0,466.31158447265625,0.011111111111111112,0.30127978324890137,0.05576571822166443,0.0005293936119414866,0.02548503503203392,0.22718523550724637,0.047281901041666664,0.2546817222569733,0.003916196525096893,2.8709127946058288e-05,0.002778229769319296,0.0,0.0,0.013333333333333334,6,5.179999828338623,1.0,1.0,True,[],0.2660116467448764,"{'motion': 0.08837234933477633, 'visual_diversity': 0.0978723404255319, 'semantic_diversity': 0.009751623279944317, 'traffic': 0.005699857466308748, 'cockpit': 0.0028465833851644327, 'sharpness': 0.010802226186483993, 'hands': 0.0006666666666666668, 'continuity': 0.05}","['strongest contributions: visual_diversity 0.098, motion 0.088, continuity 0.050', '450 frames over 29.93 s (0 estimated missing, largest interval 66.9 ms)', 'external traffic proxy covers 0.39% of the sampled pixels', 'cockpit proxy covers 0.28% of the sampled pixels', ""hand tracking reports a hand in 1.3% of the window's frames (proxy signal, not visibility ground truth)""]"
167,motorcycle_5ab8604a14df,motorcycle,2250,2699,2324883005499,2354813985529,29.93098003,450,450,0,66.68672,0,553.66259765625,0.0,0.3078104853630066,0.05092953145503998,0.000673005182761699,0.015208665281534195,0.1529098731884058,0.351318359375,0.4590755735895046,0.013544831424951553,0.038084808737039566,0.0046257865615189075,0.0,0.0,0.0,0,17.527000427246094,1.0,1.0,True,[],0.25431546543407635,"{'motion': 0.016156239929232694, 'visual_diversity': 0.03442940038684719, 'semantic_diversity': 0.10976916370767502, 'traffic': 0.020948171585059135, 'cockpit': 0.00615128931551827, 'sharpness': 0.01686120050974402, 'hands': 0.0, 'continuity': 0.05}","['strongest contributions: semantic_diversity 0.110, continuity 0.050, visual_diversity 0.034', '450 frames over 29.93 s (0 estimated missing, largest interval 66.7 ms)', 'external traffic proxy covers 1.35% of the sampled pixels', 'cockpit proxy covers 0.46% of the sampled pixels', ""hand tracking reports a hand in 0.0% of the window's frames (proxy signal, not visibility ground truth)""]"
168,motorcycle_5ab8604a14df,motorcycle,5475,5924,2539865992343,2569796781114,29.930788771,450,450,0,66.762604,0,448.7862548828125,0.0,0.30775418877601624,0.0724806860089302,0.000277372426353395,0.01840030960738659,0.12347146739130435,0.07096354166666667,0.37533369570227026,0.02105509489774704,0.01592746190726757,0.003943322692066431,0.0,0.0,0.6622222222222223,298,15.04099988937378,1.0,1.0,True,[],0.24713068998092208,"{'motion': 0.038585185307354254, 'visual_diversity': 0.009284332688588012, 'semantic_diversity': 0.06879113720405934, 'traffic': 0.032841742972784235, 'cockpit': 0.004930573175070579, 'sharpness': 0.009586607521954569, 'hands': 0.03311111111111111, 'continuity': 0.05}","['strongest contributions: semantic_diversity 0.069, continuity 0.050, motion 0.039', '450 frames over 29.93 s (0 estimated missing, largest interval 66.8 ms)', 'external traffic proxy covers 2.11% of the sampled pixels', 'cockpit proxy covers 0.39% of the sampled pixels', ""hand tracking reports a hand in 66.2% of the window's frames (proxy signal, not visibility ground truth)""]"
169,motorcycle_5ab8604a14df,motorcycle,2175,2624,2319883413832,2349814388883,29.930975051,450,450,0,66.68672,0,482.12548828125,0.0,0.3100837469100952,0.05054458603262901,0.0005697694723494351,0.013329899869859219,0.13400135869565216,0.4677734375,0.5145091991588032,0.010534216649830341,0.036217354238033295,0.007229953538626432,0.0,0.0,0.0,0,17.972000122070312,1.0,1.0,True,[],0.24701575395598557,"{'motion': 0.002953413268555802, 'visual_diversity': 0.018278529980657633, 'semantic_diversity': 0.13689490575073113, 'traffic': 0.016180434490542003, 'cockpit': 0.010809336142123782, 'sharpness': 0.011899134323375183, 'hands': 0.0, 'continuity': 0.05}","['strongest contributions: semantic_diversity 0.137, continuity 0.050, visual_diversity 0.018', '450 frames over 29.93 s (0 estimated missing, largest interval 66.7 ms)', 'external traffic proxy covers 1.05% of the sampled pixels', 'cockpit proxy covers 0.72% of the sampled pixels', ""hand tracking reports a hand in 0.0% of the window's frames (proxy signal, not visibility ground truth)""]"
170,motorcycle_5ab8604a14df,motorcycle,5400,5849,2534866499019,2564797111509,29.93061249,450,450,0,66.711824,0,445.6179504394531,0.0,0.3146016299724579,0.06463400274515152,0.00020576351380441338,0.016849251464009285,0.12098052536231885,0.17879231770833334,0.3812630276649733,0.023551657795906067,0.016355613246560097,0.004606571514159441,0.0,0.0,0.6866666666666666,309,15.04099988937378,1.0,1.0,True,[],0.2431470422057398,"{'motion': 0.027685287065463162, 'visual_diversity': 0.00715667311411993, 'semantic_diversity': 0.0716925806448616, 'traffic': 0.03679540573851246, 'cockpit': 0.006116919556911143, 'sharpness': 0.009366842752538126, 'hands': 0.034333333333333334, 'continuity': 0.05}","['strongest contributions: semantic_diversity 0.072, continuity 0.050, traffic 0.037', '450 frames over 29.93 s (0 estimated missing, largest interval 66.7 ms)', 'external traffic proxy covers 2.36% of the sampled pixels', 'cockpit proxy covers 0.46% of the sampled pixels', ""hand tracking reports a hand in 68.7% of the window's frames (proxy signal, not visibility ground truth)""]"
171,motorcycle_5ab8604a14df,motorcycle,2100,2549,2314883764633,2344814830467,29.931065834,450,450,0,66.706084,0,401.426513671875,0.0,0.3130025267601013,0.05012258142232895,0.0004350797680672258,0.012909628450870514,0.11260190217391304,0.5172526041666666,0.5166193171162045,0.00942789763212204,0.038881197571754456,0.009189183823764324,0.0,0.0,0.0,0,18.194000244140625,1.0,1.0,True,[],0.2229712462161184,"{'motion': 0.0, 'visual_diversity': 0.0, 'semantic_diversity': 0.1379274652271329, 'traffic': 0.014428420827855698, 'cockpit': 0.014313791306674145, 'sharpness': 0.006301568854455686, 'hands': 0.0, 'continuity': 0.05}","['strongest contributions: semantic_diversity 0.138, continuity 0.050, traffic 0.014', '450 frames over 29.93 s (0 estimated missing, largest interval 66.7 ms)', 'external traffic proxy covers 0.94% of the sampled pixels', 'cockpit proxy covers 0.92% of the sampled pixels', ""hand tracking reports a hand in 0.0% of the window's frames (proxy signal, not visibility ground truth)""]"
172,motorcycle_5ab8604a14df,motorcycle,300,749,2194826643416,2224757114134,29.930470718,450,450,0,66.693084,0,411.9806213378906,0.0,0.2983032166957855,0.05405431240797043,4.1591134504415095e-05,0.02176794596016407,0.20991847826086957,0.09065755208333333,0.2531169269913477,0.0036564578767865896,4.634150900528766e-05,0.0034615977201610804,0.0,0.0,0.008888888888888889,4,4.915999889373779,1.0,1.0,True,[],0.2211961222416035,"{'motion': 0.062250896175575804, 'visual_diversity': 0.08312379110251451, 'semantic_diversity': 0.008985910550718403, 'traffic': 0.005288524339712066, 'cockpit': 0.0040689166467427875, 'sharpness': 0.007033638981895502, 'hands': 0.00044444444444444447, 'continuity': 0.05}","['strongest contributions: visual_diversity 0.083, motion 0.062, continuity 0.050', '450 frames over 29.93 s (0 estimated missing, largest interval 66.7 ms)', 'external traffic proxy covers 0.37% of the sampled pixels', 'cockpit proxy covers 0.35% of the sampled pixels', ""hand tracking reports a hand in 0.9% of the window's frames (proxy signal, not visibility ground truth)""]"
173,motorcycle_5ab8604a14df,motorcycle,150,599,2184827365801,2214758397249,29.931031448,450,450,0,66.693084,0,373.1625671386719,0.0,0.29437363147735596,0.06313960999250412,1.3470280464389361e-05,0.019529087468981743,0.1894814311594203,0.1728515625,0.257090733392739,0.0041978624649345875,4.634150900528766e-05,0.004961253609508276,0.0,0.0,0.12444444444444444,56,4.58299994468689,1.0,1.0,True,[],0.19657586240802394,"{'motion': 0.04651755320833867, 'visual_diversity': 0.06566731141199227, 'semantic_diversity': 0.010930442344664176, 'traffic': 0.006145915580659208, 'cockpit': 0.006751335791821113, 'sharpness': 0.0043410818483263025, 'hands': 0.006222222222222223, 'continuity': 0.05}","['strongest contributions: visual_diversity 0.066, continuity 0.050, motion 0.047', '450 frames over 29.93 s (0 estimated missing, largest interval 66.7 ms)', 'external traffic proxy covers 0.42% of the sampled pixels', 'cockpit proxy covers 0.50% of the sampled pixels', ""hand tracking reports a hand in 12.4% of the window's frames (proxy signal, not visibility ground truth)""]"
174,motorcycle_5ab8604a14df,motorcycle,75,524,2179827721145,2209758595478,29.930874333,450,450,0,66.686824,0,356.041748046875,0.0,0.29099392890930176,0.07262782007455826,1.3704298908123747e-05,0.018818505108356476,0.18353713768115942,0.18603515625,0.24919324053603825,0.004185881465673447,4.634150900528766e-05,0.006267180200666189,0.0,0.0,0.24222222222222223,109,4.554999828338623,1.0,1.0,True,[],0.1896586644257351,"{'motion': 0.04152401028000366, 'visual_diversity': 0.060589941972920704, 'semantic_diversity': 0.007065904317110186, 'traffic': 0.006126941962686307, 'cockpit': 0.00908723332343001, 'sharpness': 0.0031535214584731395, 'hands': 0.012111111111111112, 'continuity': 0.05}","['strongest contributions: visual_diversity 0.061, continuity 0.050, motion 0.042', '450 frames over 29.93 s (0 estimated missing, largest interval 66.7 ms)', 'external traffic proxy covers 0.42% of the sampled pixels', 'cockpit proxy covers 0.63% of the sampled pixels', ""hand tracking reports a hand in 24.2% of the window's frames (proxy signal, not visibility ground truth)""]"
175,motorcycle_5ab8604a14df,motorcycle,225,674,2189827021425,2219757995999,29.930974574,450,450,0,66.693084,0,381.9670715332031,0.0,0.29672184586524963,0.057540614157915115,1.3471009879140183e-05,0.020039163529872894,0.19140625,0.171630859375,0.2408866553998132,0.0037075465079396963,4.634150900528766e-05,0.004955828655511141,0.0,0.0,0.008888888888888889,4,4.611000061035156,1.0,1.0,True,[],0.18792195378810578,"{'motion': 0.05010205916840038, 'visual_diversity': 0.06731141199226306, 'semantic_diversity': 0.003001182167875229, 'traffic': 0.0053694304602392145, 'cockpit': 0.006741632232113547, 'sharpness': 0.004951793322769903, 'hands': 0.00044444444444444447, 'continuity': 0.05}","['strongest contributions: visual_diversity 0.067, motion 0.050, continuity 0.050', '450 frames over 29.93 s (0 estimated missing, largest interval 66.7 ms)', 'external traffic proxy covers 0.37% of the sampled pixels', 'cockpit proxy covers 0.50% of the sampled pixels', ""hand tracking reports a hand in 0.9% of the window's frames (proxy signal, not visibility ground truth)""]"
176,motorcycle_5ab8604a14df,motorcycle,14325,14774,3129818271551,3159745871915,29.927600364,450,450,0,67.363218,0,1752.2579345703125,0.0,0.3326624631881714,0.03814676031470299,0.020642004907131195,0.036237865686416626,0.33667346014492755,0.041585286458333336,0.5001809566620774,0.07175427675247192,0.010225423611700535,0.004460313823074102,0.0,0.0,0.4311111111111111,194,2.6110000610351562,1.0,0.16444444444444445,False,"['GPS covers only 16% of the window; the vehicle is probably indoors or the fix is lost', 'median speed 2.6 m/s is below 3.0 m/s: this is manoeuvring or parking, not riding']",0.7757549300848388,"{'motion': 0.16393673771408931, 'visual_diversity': 0.19139264990328822, 'semantic_diversity': 0.12988356189751946, 'traffic': 0.11313111509303818, 'cockpit': 0.005855309921347984, 'sharpness': 0.1, 'hands': 0.021555555555555557, 'continuity': 0.05}","['strongest contributions: visual_diversity 0.191, motion 0.164, semantic_diversity 0.130', '450 frames over 29.93 s (0 estimated missing, largest interval 67.4 ms)', 'external traffic proxy covers 7.18% of the sampled pixels', 'cockpit proxy covers 0.45% of the sampled pixels', ""hand tracking reports a hand in 43.1% of the window's frames (proxy signal, not visibility ground truth)"", 'REJECTED: GPS covers only 16% of the window; the vehicle is probably indoors or the fix is lost; median speed 2.6 m/s is below 3.0 m/s: this is manoeuvring or parking, not riding']"
177,motorcycle_5ab8604a14df,motorcycle,14400,14849,3134815666113,3164743817779,29.928151666,450,450,0,67.363218,0,1581.025390625,0.0,0.32631027698516846,0.040263473987579346,0.019352979958057404,0.03403426706790924,0.3350317028985507,0.044514973958333336,0.4874705805061476,0.07913094758987427,0.0139329694211483,0.003896755399182439,0.0,0.0,0.41333333333333333,186,,,0.0,False,"['GPS covers only 0% of the window; the vehicle is probably indoors or the fix is lost', 'no GPS speed in this window: cannot confirm the vehicle is actually being ridden']",0.750555184866492,"{'motion': 0.14845117979979805, 'visual_diversity': 0.18999032882011607, 'semantic_diversity': 0.12366390043148476, 'traffic': 0.12481312352406033, 'cockpit': 0.004847278734756765, 'sharpness': 0.08812270688960933, 'hands': 0.020666666666666667, 'continuity': 0.05}","['strongest contributions: visual_diversity 0.190, motion 0.148, traffic 0.125', '450 frames over 29.93 s (0 estimated missing, largest interval 67.4 ms)', 'external traffic proxy covers 7.91% of the sampled pixels', 'cockpit proxy covers 0.39% of the sampled pixels', ""hand tracking reports a hand in 41.3% of the window's frames (proxy signal, not visibility ground truth)"", 'REJECTED: GPS covers only 0% of the window; the vehicle is probably indoors or the fix is lost; no GPS speed in this window: cannot confirm the vehicle is actually being ridden']"
178,motorcycle_5ab8604a14df,motorcycle,14250,14699,3124820276406,3154747434083,29.927157677,450,450,0,67.363218,0,1712.457763671875,0.0,0.3380244970321655,0.03861475735902786,0.018374545499682426,0.03289210423827171,0.32648324275362317,0.041178385416666664,0.5239162203771393,0.0683053508400917,0.008944815024733543,0.006121146958321333,0.0,0.0,0.33111111111111113,149,4.2220001220703125,1.0,0.33111111111111113,False,['GPS covers only 33% of the window; the vehicle is probably indoors or the fix is lost'],0.7449016012125548,"{'motion': 0.14042475044131394, 'visual_diversity': 0.18268858800773694, 'semantic_diversity': 0.14149811234855944, 'traffic': 0.10766924991367978, 'cockpit': 0.008826025157032435, 'sharpness': 0.09723931978867664, 'hands': 0.016555555555555556, 'continuity': 0.05}","['strongest contributions: visual_diversity 0.183, semantic_diversity 0.141, motion 0.140', '450 frames over 29.93 s (0 estimated missing, largest interval 67.4 ms)', 'external traffic proxy covers 6.83% of the sampled pixels', 'cockpit proxy covers 0.61% of the sampled pixels', ""hand tracking reports a hand in 33.1% of the window's frames (proxy signal, not visibility ground truth)"", 'REJECTED: GPS covers only 33% of the window; the vehicle is probably indoors or the fix is lost']"
179,motorcycle_5ab8604a14df,motorcycle,14475,14924,3139815273456,3169744014415,29.928740959,450,450,0,67.363218,0,1287.421142578125,0.0,0.31967267394065857,0.0432356633245945,0.018668903037905693,0.03218260034918785,0.3467504528985507,0.044108072916666664,0.48001471372806626,0.0678471252322197,0.017742015421390533,0.005308249965310097,0.0,0.0,0.3466666666666667,156,,,0.0,False,"['GPS covers only 0% of the window; the vehicle is probably indoors or the fix is lost', 'no GPS speed in this window: cannot confirm the vehicle is actually being ridden']",0.704860456103471,"{'motion': 0.13543878635849693, 'visual_diversity': 0.2, 'semantic_diversity': 0.1200154665278283, 'traffic': 0.1069435844295525, 'cockpit': 0.00737200462304238, 'sharpness': 0.06775728083121756, 'hands': 0.017333333333333336, 'continuity': 0.05}","['strongest contributions: visual_diversity 0.200, motion 0.135, semantic_diversity 0.120', '450 frames over 29.93 s (0 estimated missing, largest interval 67.4 ms)', 'external traffic proxy covers 6.78% of the sampled pixels', 'cockpit proxy covers 0.53% of the sampled pixels', ""hand tracking reports a hand in 34.7% of the window's frames (proxy signal, not visibility ground truth)"", 'REJECTED: GPS covers only 0% of the window; the vehicle is probably indoors or the fix is lost; no GPS speed in this window: cannot confirm the vehicle is actually being ridden']"
180,motorcycle_5ab8604a14df,motorcycle,13950,14399,3104821549760,3134749004655,29.927454895,450,450,0,66.832198,0,944.0851440429688,0.0,0.33165380358695984,0.052858684211969376,0.003622071584686637,0.04136967658996582,0.3350317028985507,0.044921875,0.49595237270044357,0.011017750948667526,0.034306276589632034,0.02594807557761669,0.0,0.0,0.6066666666666667,273,11.444000244140625,1.0,0.9977777777777778,False,['GPS covers only 100% of the window; the vehicle is probably indoors or the fix is lost'],0.7033167346668495,"{'motion': 0.2, 'visual_diversity': 0.18999032882011607, 'semantic_diversity': 0.1278143579338117, 'traffic': 0.016946179889816664, 'cockpit': 0.044290249512961476, 'sharpness': 0.043942285176810314, 'hands': 0.030333333333333337, 'continuity': 0.05}","['strongest contributions: motion 0.200, visual_diversity 0.190, semantic_diversity 0.128', '450 frames over 29.93 s (0 estimated missing, largest interval 66.8 ms)', 'external traffic proxy covers 1.10% of the sampled pixels', 'cockpit proxy covers 2.59% of the sampled pixels', ""hand tracking reports a hand in 60.7% of the window's frames (proxy signal, not visibility ground truth)"", 'REJECTED: GPS covers only 100% of the window; the vehicle is probably indoors or the fix is lost']"
181,motorcycle_5ab8604a14df,motorcycle,14175,14624,3119820409311,3149747826789,29.927417478,450,450,0,67.363218,0,1465.93408203125,0.0,0.33772924542427063,0.04058960825204849,0.015325585380196571,0.03092416562139988,0.3094995471014493,0.040364583333333336,0.5161828384122438,0.06887003779411316,0.008575438521802425,0.005427607800811529,0.0,0.0,0.25333333333333335,114,7.0,1.0,0.49777777777777776,False,['GPS covers only 50% of the window; the vehicle is probably indoors or the fix is lost'],0.6914462119050241,"{'motion': 0.126595268444279, 'visual_diversity': 0.1681818181818182, 'semantic_diversity': 0.1377138799057809, 'traffic': 0.10856351209551922, 'cockpit': 0.007585498762156868, 'sharpness': 0.0801395678488031, 'hands': 0.012666666666666668, 'continuity': 0.05}","['strongest contributions: visual_diversity 0.168, semantic_diversity 0.138, motion 0.127', '450 frames over 29.93 s (0 estimated missing, largest interval 67.4 ms)', 'external traffic proxy covers 6.89% of the sampled pixels', 'cockpit proxy covers 0.54% of the sampled pixels', ""hand tracking reports a hand in 25.3% of the window's frames (proxy signal, not visibility ground truth)"", 'REJECTED: GPS covers only 50% of the window; the vehicle is probably indoors or the fix is lost']"
182,motorcycle_5ab8604a14df,motorcycle,14100,14549,3114820637999,3144748219394,29.927581395,450,450,0,67.363218,0,1283.2042236328125,0.0,0.34049150347709656,0.04311789199709892,0.013623648323118687,0.03383372351527214,0.3236526268115942,0.039876302083333336,0.5098201943782393,0.04887333884835243,0.010650634765625,0.00536431185901165,0.0,0.0,0.3622222222222222,163,8.166000366210938,1.0,0.6644444444444444,False,['GPS covers only 66% of the window; the vehicle is probably indoors or the fix is lost'],0.6818571408427305,"{'motion': 0.1470418810406606, 'visual_diversity': 0.18027079303675048, 'semantic_diversity': 0.13460040069518092, 'traffic': 0.0768958925383952, 'cockpit': 0.007472281958691597, 'sharpness': 0.0674647804619406, 'hands': 0.018111111111111113, 'continuity': 0.05}","['strongest contributions: visual_diversity 0.180, motion 0.147, semantic_diversity 0.135', '450 frames over 29.93 s (0 estimated missing, largest interval 67.4 ms)', 'external traffic proxy covers 4.89% of the sampled pixels', 'cockpit proxy covers 0.54% of the sampled pixels', ""hand tracking reports a hand in 36.2% of the window's frames (proxy signal, not visibility ground truth)"", 'REJECTED: GPS covers only 66% of the window; the vehicle is probably indoors or the fix is lost']"
183,motorcycle_5ab8604a14df,motorcycle,14025,14474,3109821226353,3139748612051,29.927385698,450,450,0,66.832198,0,1131.4932861328125,0.0,0.3319038152694702,0.04858890920877457,0.00546108977869153,0.03599561005830765,0.315726902173913,0.038899739583333336,0.48644203753790793,0.032656293362379074,0.01430121622979641,0.008992512710392475,0.0,0.0,0.52,234,9.333000183105469,1.0,0.8311111111111111,False,['GPS covers only 83% of the window; the vehicle is probably indoors or the fix is lost'],0.6570133496415762,"{'motion': 0.16223431172433003, 'visual_diversity': 0.1735009671179884, 'semantic_diversity': 0.12316059596690865, 'traffic': 0.05121389231509071, 'cockpit': 0.013962007698487761, 'sharpness': 0.05694157481877065, 'hands': 0.026000000000000002, 'continuity': 0.05}","['strongest contributions: visual_diversity 0.174, motion 0.162, semantic_diversity 0.123', '450 frames over 29.93 s (0 estimated missing, largest interval 66.8 ms)', 'external traffic proxy covers 3.27% of the sampled pixels', 'cockpit proxy covers 0.90% of the sampled pixels', ""hand tracking reports a hand in 52.0% of the window's frames (proxy signal, not visibility ground truth)"", 'REJECTED: GPS covers only 83% of the window; the vehicle is probably indoors or the fix is lost']"
184,motorcycle_5ab8604a14df,motorcycle,14550,14999,3144814880801,3174743035384,29.928154583,450,450,0,67.059875,0,1013.0457763671875,0.0,0.2967662215232849,0.04939710721373558,0.010441477410495281,0.02712859772145748,0.3404098731884058,0.045735677083333336,0.4519763961780762,0.07014928758144379,0.020307529717683792,0.006108940578997135,0.0,0.0,0.3844444444444444,173,,,0.0,False,"['GPS covers only 0% of the window; the vehicle is probably indoors or the fix is lost', 'no GPS speed in this window: cannot confirm the vehicle is actually being ridden']",0.6381431620835535,"{'motion': 0.09992231356105474, 'visual_diversity': 0.19458413926499038, 'semantic_diversity': 0.10629527122450048, 'traffic': 0.11058938625072853, 'cockpit': 0.00880419173122862, 'sharpness': 0.04872563782882848, 'hands': 0.019222222222222224, 'continuity': 0.05}","['strongest contributions: visual_diversity 0.195, traffic 0.111, semantic_diversity 0.106', '450 frames over 29.93 s (0 estimated missing, largest interval 67.1 ms)', 'external traffic proxy covers 7.01% of the sampled pixels', 'cockpit proxy covers 0.61% of the sampled pixels', ""hand tracking reports a hand in 38.4% of the window's frames (proxy signal, not visibility ground truth)"", 'REJECTED: GPS covers only 0% of the window; the vehicle is probably indoors or the fix is lost; no GPS speed in this window: cannot confirm the vehicle is actually being ridden']"
185,motorcycle_5ab8604a14df,motorcycle,8100,8549,2714852214697,2744782907269,29.930692572,450,450,0,66.724449,0,615.3697509765625,0.0,0.2958250641822815,0.06202439218759537,0.0005233623669482768,0.019038373604416847,0.2733808876811594,0.10847981770833333,0.4953048764456235,0.08534747362136841,0.008282695896923542,0.02497355081140995,0.0,0.0,0.14666666666666667,66,4.2220001220703125,0.7,1.0,False,['the vehicle is moving in only 70% of the window'],0.5635771453909435,"{'motion': 0.04306911304993425, 'visual_diversity': 0.13733075435203096, 'semantic_diversity': 0.12749751384862487, 'traffic': 0.13465787749401742, 'cockpit': 0.042547127034801596, 'sharpness': 0.021141426278201002, 'hands': 0.007333333333333334, 'continuity': 0.05}","['strongest contributions: visual_diversity 0.137, traffic 0.135, semantic_diversity 0.127', '450 frames over 29.93 s (0 estimated missing, largest interval 66.7 ms)', 'external traffic proxy covers 8.53% of the sampled pixels', 'cockpit proxy covers 2.50% of the sampled pixels', ""hand tracking reports a hand in 14.7% of the window's frames (proxy signal, not visibility ground truth)"", 'REJECTED: the vehicle is moving in only 70% of the window']"
186,motorcycle_5ab8604a14df,motorcycle,8025,8474,2709852652206,2739783629998,29.930977792,450,450,0,66.692978,0,625.4993286132812,0.0,0.2893242835998535,0.0647401437163353,0.0005389235448092222,0.018119800835847855,0.28396739130434784,0.12589518229166666,0.4814820219997972,0.08754046261310577,0.008685754612088203,0.014538122341036797,0.0,0.0,0.14666666666666667,66,4.111000061035156,0.7,1.0,False,['the vehicle is moving in only 70% of the window'],0.5449102756481237,"{'motion': 0.036613939368712274, 'visual_diversity': 0.14637330754352035, 'semantic_diversity': 0.12073347523225372, 'traffic': 0.13813078776144047, 'cockpit': 0.023881382903186543, 'sharpness': 0.021844049505676918, 'hands': 0.007333333333333334, 'continuity': 0.05}","['strongest contributions: visual_diversity 0.146, traffic 0.138, semantic_diversity 0.121', '450 frames over 29.93 s (0 estimated missing, largest interval 66.7 ms)', 'external traffic proxy covers 8.75% of the sampled pixels', 'cockpit proxy covers 1.45% of the sampled pixels', ""hand tracking reports a hand in 14.7% of the window's frames (proxy signal, not visibility ground truth)"", 'REJECTED: the vehicle is moving in only 70% of the window']"
187,motorcycle_5ab8604a14df,motorcycle,8175,8624,2719851720206,2749782443821,29.930723615,450,450,0,66.813354,0,630.2630615234375,0.0,0.29941219091415405,0.058219730854034424,0.00015909905778244138,0.021905453875660896,0.28419384057971014,0.057942708333333336,0.4647838315191518,0.04188436269760132,0.009159342385828495,0.03324110060930252,0.0,0.0,0.14666666666666667,66,4.430000066757202,0.7,1.0,False,['the vehicle is moving in only 70% of the window'],0.5250172518835229,"{'motion': 0.06321721861343516, 'visual_diversity': 0.14656673114119922, 'semantic_diversity': 0.11256242737254697, 'traffic': 0.06582785383680141, 'cockpit': 0.05733520876627747, 'sharpness': 0.0221744788199293, 'hands': 0.007333333333333334, 'continuity': 0.05}","['strongest contributions: visual_diversity 0.147, semantic_diversity 0.113, traffic 0.066', '450 frames over 29.93 s (0 estimated missing, largest interval 66.8 ms)', 'external traffic proxy covers 4.19% of the sampled pixels', 'cockpit proxy covers 3.32% of the sampled pixels', ""hand tracking reports a hand in 14.7% of the window's frames (proxy signal, not visibility ground truth)"", 'REJECTED: the vehicle is moving in only 70% of the window']"
188,motorcycle_5ab8604a14df,motorcycle,8250,8699,2724851269967,2754782277394,29.931007427,450,450,0,66.870002,0,626.3300170898438,0.0,0.302765429019928,0.05738479271531105,0.00028531375573948026,0.02504163607954979,0.27830615942028986,0.056966145833333336,0.4412016021905764,0.019089309498667717,0.010582592338323593,0.041420720517635345,0.0,0.0,0.14666666666666667,66,23.08300018310547,0.7,1.0,False,['the vehicle is moving in only 70% of the window'],0.5087465451780809,"{'motion': 0.08525640975296629, 'visual_diversity': 0.1415377176015474, 'semantic_diversity': 0.10102276235880102, 'traffic': 0.029728641939566425, 'cockpit': 0.07196601120397993, 'sharpness': 0.02190166898788649, 'hands': 0.007333333333333334, 'continuity': 0.05}","['strongest contributions: visual_diversity 0.142, semantic_diversity 0.101, motion 0.085', '450 frames over 29.93 s (0 estimated missing, largest interval 66.9 ms)', 'external traffic proxy covers 1.91% of the sampled pixels', 'cockpit proxy covers 4.14% of the sampled pixels', ""hand tracking reports a hand in 14.7% of the window's frames (proxy signal, not visibility ground truth)"", 'REJECTED: the vehicle is moving in only 70% of the window']"
189,motorcycle_5ab8604a14df,motorcycle,7950,8399,2704852823967,2734783846310,29.931022343,450,450,0,66.699374,0,608.5767211914062,0.0,0.2829231917858124,0.07089703530073166,0.0006452539237216115,0.01711093634366989,0.2634171195652174,0.14200846354166666,0.46028783457496125,0.08915426582098007,0.010945864953100681,0.003020788310095668,0.0,0.0,0.12666666666666668,57,4.638000011444092,0.7311111111111112,1.0,False,['the vehicle is moving in only 73% of the window'],0.48967722575062683,"{'motion': 0.029524250080435244, 'visual_diversity': 0.12882011605415863, 'semantic_diversity': 0.11036236825532361, 'traffic': 0.14068647488588276, 'cockpit': 0.00328044536523776, 'sharpness': 0.020670237776255467, 'hands': 0.006333333333333334, 'continuity': 0.05}","['strongest contributions: traffic 0.141, visual_diversity 0.129, semantic_diversity 0.110', '450 frames over 29.93 s (0 estimated missing, largest interval 66.7 ms)', 'external traffic proxy covers 8.92% of the sampled pixels', 'cockpit proxy covers 0.30% of the sampled pixels', ""hand tracking reports a hand in 12.7% of the window's frames (proxy signal, not visibility ground truth)"", 'REJECTED: the vehicle is moving in only 73% of the window']"
190,motorcycle_5ab8604a14df,motorcycle,1050,1499,2244889324874,2274820267310,29.930942436,450,450,0,66.81325,0,588.5623779296875,0.0,0.2798880636692047,0.07290204614400864,0.0013509662821888924,0.024314982816576958,0.2573596014492754,0.041829427083333336,0.4417324680816965,0.031215636059641838,0.019647441804409027,0.008320674300193787,0.0,0.0,0.27555555555555555,124,9.471500396728516,0.7333333333333333,1.0,False,['the vehicle is moving in only 73% of the window'],0.449830953628625,"{'motion': 0.08014993024582424, 'visual_diversity': 0.12364603481624761, 'semantic_diversity': 0.10128253485381813, 'traffic': 0.0489324063808862, 'cockpit': 0.01276029720828962, 'sharpness': 0.019281972345781415, 'hands': 0.013777777777777778, 'continuity': 0.05}","['strongest contributions: visual_diversity 0.124, semantic_diversity 0.101, motion 0.080', '450 frames over 29.93 s (0 estimated missing, largest interval 66.8 ms)', 'external traffic proxy covers 3.12% of the sampled pixels', 'cockpit proxy covers 0.83% of the sampled pixels', ""hand tracking reports a hand in 27.6% of the window's frames (proxy signal, not visibility ground truth)"", 'REJECTED: the vehicle is moving in only 73% of the window']"
191,motorcycle_5ab8604a14df,motorcycle,975,1424,2239889178093,2269820590353,29.93141226,450,450,0,66.81325,0,596.9174194335938,0.0,0.27833831310272217,0.07523751258850098,0.0013352235546335578,0.025446850806474686,0.2612658514492754,0.045817057291666664,0.4051375344699772,0.027319787070155144,0.011801937595009804,0.003959373105317354,0.0,0.0,0.3088888888888889,139,11.708000183105469,0.7333333333333333,1.0,False,['the vehicle is moving in only 73% of the window'],0.43148988271470606,"{'motion': 0.08810401369899235, 'visual_diversity': 0.12698259187620894, 'semantic_diversity': 0.08337526793703827, 'traffic': 0.04276277488392228, 'cockpit': 0.004959282385027696, 'sharpness': 0.019861507489072092, 'hands': 0.015444444444444445, 'continuity': 0.05}","['strongest contributions: visual_diversity 0.127, motion 0.088, semantic_diversity 0.083', '450 frames over 29.93 s (0 estimated missing, largest interval 66.8 ms)', 'external traffic proxy covers 2.73% of the sampled pixels', 'cockpit proxy covers 0.40% of the sampled pixels', ""hand tracking reports a hand in 30.9% of the window's frames (proxy signal, not visibility ground truth)"", 'REJECTED: the vehicle is moving in only 73% of the window']"
192,motorcycle_5ab8604a14df,motorcycle,1125,1574,2249888522498,2279819849217,29.931326719,450,450,0,66.81325,0,562.3430786132812,0.0,0.28214627504348755,0.07257499545812607,0.0012940114829689264,0.0221876073628664,0.2525475543478261,0.043538411458333336,0.42986816852782656,0.03521547466516495,0.019181543961167336,0.007272226270288229,0.0,0.0,0.27555555555555555,124,9.471500396728516,0.7333333333333333,1.0,False,['the vehicle is moving in only 73% of the window'],0.4276054524758901,"{'motion': 0.06520002261873067, 'visual_diversity': 0.11953578336557064, 'semantic_diversity': 0.0954768902488572, 'traffic': 0.055266720239047086, 'cockpit': 0.010884948944720599, 'sharpness': 0.017463309281186164, 'hands': 0.013777777777777778, 'continuity': 0.05}","['strongest contributions: visual_diversity 0.120, semantic_diversity 0.095, motion 0.065', '450 frames over 29.93 s (0 estimated missing, largest interval 66.8 ms)', 'external traffic proxy covers 3.52% of the sampled pixels', 'cockpit proxy covers 0.73% of the sampled pixels', ""hand tracking reports a hand in 27.6% of the window's frames (proxy signal, not visibility ground truth)"", 'REJECTED: the vehicle is moving in only 73% of the window']"
193,motorcycle_5ab8604a14df,motorcycle,1200,1649,2254888010769,2284819411758,29.931400989,450,450,0,66.731209,0,490.29241943359375,0.0,0.29642826318740845,0.06254387646913528,0.0003345946897752583,0.018635723739862442,0.2421875,0.043131510416666664,0.44826313993354866,0.03875099495053291,0.024884486570954323,0.006424063351005316,0.0,0.0,0.27555555555555555,124,9.23550033569336,0.7333333333333333,1.0,False,['the vehicle is moving in only 73% of the window'],0.4018813913160986,"{'motion': 0.04023953340490696, 'visual_diversity': 0.11068665377176018, 'semantic_diversity': 0.1044782363473048, 'traffic': 0.06086571993580768, 'cockpit': 0.009367848609242719, 'sharpness': 0.01246562146929849, 'hands': 0.013777777777777778, 'continuity': 0.05}","['strongest contributions: visual_diversity 0.111, semantic_diversity 0.104, traffic 0.061', '450 frames over 29.93 s (0 estimated missing, largest interval 66.7 ms)', 'external traffic proxy covers 3.88% of the sampled pixels', 'cockpit proxy covers 0.64% of the sampled pixels', ""hand tracking reports a hand in 27.6% of the window's frames (proxy signal, not visibility ground truth)"", 'REJECTED: the vehicle is moving in only 73% of the window']"
194,motorcycle_5ab8604a14df,motorcycle,1275,1724,2259887960312,2289819075572,29.93111526,450,450,0,66.731209,0,432.46966552734375,0.0,0.310921847820282,0.052809108048677444,4.874437945545651e-05,0.01698482595384121,0.24677309782608695,0.043538411458333336,0.44861629643972356,0.03318210318684578,0.03652139753103256,0.00607232004404068,0.0,0.0,0.26222222222222225,118,10.055000305175781,0.7333333333333333,1.0,False,['the vehicle is moving in only 73% of the window'],0.38024377162610035,"{'motion': 0.028638022557471606, 'visual_diversity': 0.1146034816247582, 'semantic_diversity': 0.10465104900729133, 'traffic': 0.05204658702764175, 'cockpit': 0.008738688955046436, 'sharpness': 0.00845483134277991, 'hands': 0.013111111111111113, 'continuity': 0.05}","['strongest contributions: visual_diversity 0.115, semantic_diversity 0.105, traffic 0.052', '450 frames over 29.93 s (0 estimated missing, largest interval 66.7 ms)', 'external traffic proxy covers 3.32% of the sampled pixels', 'cockpit proxy covers 0.61% of the sampled pixels', ""hand tracking reports a hand in 26.2% of the window's frames (proxy signal, not visibility ground truth)"", 'REJECTED: the vehicle is moving in only 73% of the window']"
195,motorcycle_5ab8604a14df,motorcycle,0,449,2174826479905,2204759108790,29.932628885,450,450,0,67.938804,0,326.76922607421875,0.0,0.28981852531433105,0.0847775787115097,0.0010926192626357079,0.017741907387971878,0.15777853260869565,0.044352213541666664,0.23475349936319007,0.006208857987076044,1.763237924023997e-05,0.007193332072347403,0.0,0.0,0.2911111111111111,131,4.4720001220703125,1.0,0.8355555555555556,False,['GPS covers only 84% of the window; the vehicle is probably indoors or the fix is lost'],0.15829941721809193,"{'motion': 0.033958332842475465, 'visual_diversity': 0.0385880077369439, 'semantic_diversity': 0.0, 'traffic': 0.009330613279964045, 'cockpit': 0.010743831700094438, 'sharpness': 0.0011230761030585192, 'hands': 0.014555555555555556, 'continuity': 0.05}","['strongest contributions: continuity 0.050, visual_diversity 0.039, motion 0.034', '450 frames over 29.93 s (0 estimated missing, largest interval 67.9 ms)', 'external traffic proxy covers 0.62% of the sampled pixels', 'cockpit proxy covers 0.72% of the sampled pixels', ""hand tracking reports a hand in 29.1% of the window's frames (proxy signal, not visibility ground truth)"", 'REJECTED: GPS covers only 84% of the window; the vehicle is probably indoors or the fix is lost']"
